kode_prov,kode_kab_kota,provinsi_normalized,kabupaten_kota_normalized,tipe_wilayah,tahun_ikp,ikp,kelompok_ikp,persen_penduduk_miskin,tahun_kemiskinan,jumlah_peserta_didik,stunting_pct,severely_stunting_pct,normal_pct,n_sampel,kode_kab_kota_str,n_stunting,n_kemiskinan,n_ikp,n_peserta,vulnerability_score,service_need_score,priority_score,contrib_stunting,contrib_kemiskinan,contrib_ikp,contrib_peserta,rank,prioritas_kategori,rekomendasi,pct_stunting,pct_kemiskinan,pct_ikp,pct_peserta,pct_priority,cluster_id,cluster_label
11,1101,Aceh,Aceh Selatan,Kabupaten,2023,71.11,5,9.89,2025,60113,28.1,6.1,65.8,617,1101,73.55623100303953,19.65076242006886,32.20811828706933,2.530174306964229,47.97271372193752,2.530174306964229,41.15633280969153,29.422492401215813,4.912690605017215,6.441623657413867,0.3795261460446343,42,Q4 Sangat Tinggi,Sangat perlu ditingkatkan,96.69926650366747,56.96821515892421,23.96088019559902,37.163814180929094,89.97555012224939,0,"Gizi buruk, kemiskinan tinggi, IKP rendah"
11,1102,Aceh,Aceh Tenggara,Kabupaten,2023,78.47,6,9.78,2025,73106,22.8,8.1,69.1,592,1102,57.446808510638306,19.380226266601078,21.941693402148143,3.1418280694139695,37.896610178041435,3.1418280694139695,32.683392861747315,22.978723404255323,4.845056566650269,4.388338680429629,0.4712742104120954,99,Q4 Sangat Tinggi,Sangat perlu ditingkatkan,84.59657701711491,55.99022004889975,47.43276283618582,47.18826405867971,76.03911980440098,1,Kondisi relatif baik
11,1103,Aceh,Aceh Timur,Kabupaten,2023,75.78,6,11.24,2025,120947,28.0,8.7,63.4,589,1103,73.25227963525836,22.970978848991635,25.693960106012003,5.393973659297603,47.27346892653371,5.393973659297603,40.991544636448296,29.300911854103347,5.742744712247909,5.138792021202401,0.8090960488946405,44,Q4 Sangat Tinggi,Sangat perlu ditingkatkan,96.21026894865525,69.68215158924205,36.43031784841076,66.25916870415648,89.48655256723717,0,"Gizi buruk, kemiskinan tinggi, IKP rendah"
11,1104,Aceh,Aceh Tengah,Kabupaten,2023,65.57,4,12.29,2025,56292,21.6,9.8,68.6,524,1104,53.79939209726445,25.553369404820458,39.935834844469255,2.3502982947791704,42.229724892946756,2.3502982947791704,36.24781090322163,21.51975683890578,6.3883423512051145,7.987166968893852,0.35254474421687554,73,Q4 Sangat Tinggi,Sangat perlu ditingkatkan,74.93887530562347,74.81662591687042,15.403422982885084,35.2078239608802,82.3960880195599,0,"Gizi buruk, kemiskinan tinggi, IKP rendah"
11,1105,Aceh,Aceh Barat,Kabupaten,2023,79.95,6,15.5,2025,60968,20.2,5.4,74.4,577,1105,49.54407294832827,33.448106246925725,19.877249267680284,2.5704239773170747,37.82953599364564,2.5704239773170747,32.54066919119636,19.81762917933131,8.362026561731431,3.975449853536057,0.3855635965975612,103,Q3 Tinggi,Perlu ditingkatkan,67.72616136919315,86.79706601466992,53.30073349633252,37.89731051344744,75.06112469437653,0,"Gizi buruk, kemiskinan tinggi, IKP rendah"
11,1106,Aceh,Aceh Besar,Kabupaten,2023,85.62,6,11.05,2025,115175,26.8,5.5,67.7,698,1106,69.6048632218845,22.50368912936547,11.968196401171705,5.122253077687513,42.19000806038765,5.122253077687513,36.62984481298263,27.841945288753802,5.625922282341367,2.393639280234341,0.768337961653127,70,Q4 Sangat Tinggi,Sangat perlu ditingkatkan,95.35452322738386,68.21515892420538,83.00733496332519,65.03667481662592,83.12958435207824,0,"Gizi buruk, kemiskinan tinggi, IKP rendah"
11,1107,Aceh,Pidie,Kabupaten,2023,75.69,6,16.46,2025,103992,26.4,6.2,67.4,664,1107,68.38905775075989,35.80914904082636,25.819500627702617,4.5958062197274225,48.79036527770714,4.5958062197274225,42.161181419010184,27.35562310030396,8.95228726020659,5.163900125540524,0.6893709329591133,37,Q4 Sangat Tinggi,Sangat perlu ditingkatkan,94.49877750611248,89.48655256723717,36.063569682151595,62.34718826405869,91.19804400977995,0,"Gizi buruk, kemiskinan tinggi, IKP rendah"
11,1108,Aceh,Aceh Utara,Kabupaten,2023,76.66,6,14.27,2025,174703,14.9,4.3,80.8,740,1108,33.43465045592705,30.423020167240526,24.46645278281491,7.924571647002388,30.438712683228154,7.924571647002388,27.06159152779429,13.37386018237082,7.605755041810132,4.893290556562982,1.1886857470503582,194,Q3 Tinggi,Perlu ditingkatkan,32.88508557457212,84.10757946210269,39.85330073349633,76.5281173594132,52.81173594132029,1,Kondisi relatif baik
11,1109,Aceh,Simeulue,Kabupaten,2023,72.51,5,15.52,2025,24074,18.4,7.1,74.5,497,1109,44.07294832826747,33.49729463846532,30.255265727437575,0.8336153948633889,37.71124251342451,0.8336153948633889,32.179598445640345,17.62917933130699,8.37432365961633,6.051053145487515,0.12504230922950832,111,Q3 Tinggi,Perlu ditingkatkan,56.96821515892421,87.04156479217605,27.139364303178482,7.823960880195599,73.10513447432763,0,"Gizi buruk, kemiskinan tinggi, IKP rendah"
11,1110,Aceh,Aceh Singkil,Kabupaten,2023,47.06,2,17.07,2025,38868,23.6,10.6,65.8,514,1110,59.878419452887556,37.30939498278406,65.75533547217185,1.5300523810622242,54.62327484857107,1.5300523810622242,46.65929147844474,23.951367781155025,9.327348745696016,13.15106709443437,0.2295078571593336,19,Q4 Sangat Tinggi,Sangat perlu ditingkatkan,87.53056234718827,90.70904645476773,2.689486552567237,21.271393643031786,95.59902200488997,0,"Gizi buruk, kemiskinan tinggi, IKP rendah"
11,1111,Aceh,Bireuen,Kabupaten,2023,81.34,6,10.3,2025,137619,21.8,5.3,72.9,702,1111,54.40729483282676,20.659124446630596,17.938345654903053,6.178818693359181,35.90043314796348,6.178818693359181,31.442190979772842,21.762917933130705,5.164781111657649,3.587669130980611,0.9268228040038772,125,Q3 Tinggi,Perlu ditingkatkan,76.65036674816625,61.12469437652812,59.41320293398533,69.43765281173594,69.68215158924205,1,Kondisi relatif baik
11,1113,Aceh,Gayo Lues,Kabupaten,2023,75.49,5,16.77,2025,26841,14.8,5.8,79.4,515,1113,33.130699088145896,36.5715691096901,26.098479564792864,0.9638736847655233,32.48807979486995,0.9638736847655233,27.759448878354288,13.25227963525836,9.142892277422526,5.219695912958573,0.1445810527148285,178,Q3 Tinggi,Perlu ditingkatkan,31.90709046454768,90.2200488997555,34.96332518337408,10.757946210268948,56.723716381418086,0,"Gizi buruk, kemiskinan tinggi, IKP rendah"
11,1114,Aceh,Aceh Jaya,Kabupaten,2023,80.22,6,10.37,2025,31320,23.3,7.7,69.0,544,1114,58.966565349544084,20.831283817019177,19.500627702608465,1.174725466649029,38.46420309952249,1.174725466649029,32.87078145459148,23.586626139817636,5.207820954254794,3.9001255405216932,0.17620881999735435,94,Q4 Sangat Tinggi,Sangat perlu ditingkatkan,86.18581907090464,61.61369193154034,54.52322738386308,15.403422982885084,77.26161369193154,0,"Gizi buruk, kemiskinan tinggi, IKP rendah"
11,1115,Aceh,Nagan Raya,Kabupaten,2023,76.29,6,15.42,2025,42608,24.9,10.6,64.5,465,1115,63.829787234042556,33.25135268076733,24.982563816431856,1.7061152665822759,45.69560685540615,1.7061152665822759,39.09718311708257,25.531914893617024,8.312838170191833,4.996512763286372,0.25591728998734137,60,Q4 Sangat Tinggi,Sangat perlu ditingkatkan,91.19804400977995,86.55256723716381,37.89731051344744,25.183374083129586,85.57457212713936,0,"Gizi buruk, kemiskinan tinggi, IKP rendah"
11,1116,Aceh,Aceh Tamiang,Kabupaten,2023,81.41,6,10.84,2025,73233,22.7,4.7,72.5,626,1116,57.14285714285715,21.9872110181997,17.840703026921478,3.147806675419597,37.55539554950245,3.147806675419597,32.394257218390024,22.85714285714286,5.496802754549925,3.5681406053842957,0.4721710013129395,107,Q3 Tinggi,Perlu ditingkatkan,84.10757946210269,66.13691931540342,60.391198044009776,47.43276283618582,74.08312958435208,1,Kondisi relatif baik
11,1117,Aceh,Bener Meriah,Kabupaten,2023,45.67,2,16.2,2025,48230,22.1,10.7,67.3,515,1117,55.31914893617022,35.1696999508116,67.69423908494909,1.9707745025164283,52.304626328424476,1.9707745025164283,44.754548554538275,22.12765957446809,8.7924249877029,13.538847816989819,0.2956161753774642,26,Q4 Sangat Tinggi,Sangat perlu ditingkatkan,79.5843520782396,88.99755501222494,2.2004889975550124,28.606356968215156,93.8875305623472,0,"Gizi buruk, kemiskinan tinggi, IKP rendah"
11,1118,Aceh,Pidie Jaya,Kabupaten,2023,77.69,6,16.12,2025,44107,26.6,5.0,68.4,607,1118,68.9969604863222,34.97294638465322,23.029711256800123,1.776681647703815,48.17407416712024,1.776681647703815,41.21446528920778,27.59878419452888,8.743236596163305,4.605942251360025,0.26650224715557225,41,Q4 Sangat Tinggi,Sangat perlu ditingkatkan,94.9877750611247,88.50855745721272,44.25427872860636,25.67237163814181,90.2200488997555,0,"Gizi buruk, kemiskinan tinggi, IKP rendah"
11,1171,Aceh,Banda Aceh,Kota,2023,86.97,6,5.45,2025,132876,19.8,3.9,76.4,589,1171,48.32826747720365,8.730939498278406,10.085088575812529,5.955538943086024,27.683599506604196,5.955538943086024,24.424390422076474,19.331306990881462,2.1827348745696016,2.0170177151625057,0.8933308414629036,241,Q2 Sedang,Perlu dipantau,66.13691931540342,20.78239608801956,87.28606356968214,68.7041564792176,41.32029339853301,1,Kondisi relatif baik
11,1172,Aceh,Sabang,Kota,2023,73.88,6,12.75,2025,10385,19.6,3.8,76.6,454,1172,47.72036474164134,26.684702410231182,28.344260008369382,0.18919698847729613,36.97432176575083,0.18919698847729613,31.456553049159805,19.08814589665654,6.6711756025577955,5.668852001673876,0.028379548271594418,122,Q3 Tinggi,Perlu ditingkatkan,65.15892420537898,76.77261613691931,30.56234718826406,1.9559902200488997,70.4156479217604,0,"Gizi buruk, kemiskinan tinggi, IKP rendah"
11,1173,Aceh,Lhokseumawe,Kota,2023,80.67,6,9.01,2025,55993,17.4,3.4,79.2,606,1173,41.03343465045592,17.486473192326606,18.87292509415539,2.336222679065134,28.89362020834718,2.336222679065134,24.910010578954875,16.41337386018237,4.371618298081652,3.7745850188310786,0.3504334018597701,227,Q2 Sedang,Perlu dipantau,50.488997555012226,51.83374083129584,56.60146699266504,34.96332518337408,44.743276283618584,1,Kondisi relatif baik
11,1174,Aceh,Langsa,Kota,2023,76.95,6,8.59,2025,56604,11.4,4.2,84.3,689,1174,22.796352583586625,16.45351696999508,24.061933324034037,2.3649858937851214,21.228596400870853,2.3649858937851214,18.399054824807997,9.118541033434651,4.11337924249877,4.812386664806808,0.3547478840677682,332,Q1 Rendah,Relatif tidak prioritas,14.303178484107578,48.655256723716384,41.32029339853301,35.69682151589242,19.070904645476773,1,Kondisi relatif baik
11,1175,Aceh,Subulussalam,Kota,2023,36.09,2,13.88,2025,33272,19.8,7.7,72.5,542,1175,48.32826747720365,29.463846532218398,81.05733017157203,1.266617111711901,50.48086430382408,1.266617111711901,43.09872722500725,19.331306990881462,7.365961633054599,16.21146603431441,0.18999256675678514,32,Q4 Sangat Tinggi,Sangat perlu ditingkatkan,66.13691931540342,82.88508557457213,1.2224938875305624,17.6039119804401,92.42053789731052,0,"Gizi buruk, kemiskinan tinggi, IKP rendah"
12,1201,Sumatera Utara,Tapanuli Tengah,Kabupaten,2023,72.18,5,11.03,2025,88708,24.2,8.1,67.7,740,1201,61.702127659574465,22.45450073782587,30.71558097363648,3.87630217098719,42.867755815310055,3.87630217098719,37.019037768661626,24.680851063829788,5.613625184456468,6.1431161947272965,0.5814453256480785,66,Q4 Sangat Tinggi,Sangat perlu ditingkatkan,88.87530562347187,67.97066014669927,26.161369193154034,55.74572127139364,84.10757946210269,0,"Gizi buruk, kemiskinan tinggi, IKP rendah"
12,1202,Sumatera Utara,Tapanuli Utara,Kabupaten,2023,77.29,6,7.47,2025,91240,25.7,6.8,67.5,637,1202,66.26139817629179,13.69896704377767,23.587669130980604,3.995497685997022,40.76098218547912,3.995497685997022,35.24615951055681,26.50455927051672,3.4247417609444173,4.717533826196121,0.5993246528995533,81,Q4 Sangat Tinggi,Sangat perlu ditingkatkan,93.03178484107579,40.831295843520785,42.54278728606357,57.701711491442545,80.440097799511,0,"Gizi buruk, kemiskinan tinggi, IKP rendah"
12,1203,Sumatera Utara,Tapanuli Selatan,Kabupaten,2023,73.4,5,6.16,2025,78452,6.3,0.3,93.4,685,1203,7.29483282674772,10.477127397934085,29.013809457385964,3.3934944293043965,13.341149260776238,3.3934944293043965,11.849001036055462,2.917933130699088,2.6192818494835213,5.802761891477193,0.5090241643956595,396,Q1 Rendah,Relatif tidak prioritas,2.567237163814181,28.973105134474324,29.584352078239608,50.61124694376527,3.4229828850855744,1,Kondisi relatif baik
12,1208,Sumatera Utara,Simalungun,Kabupaten,2023,81.41,6,6.91,2025,196487,19.6,6.4,74.0,613,1208,47.72036474164134,12.321692080668962,17.840703026921478,8.95006734169993,30.278481790833023,8.95006734169993,27.079219623463068,19.08814589665654,3.0804230201672405,3.5681406053842957,1.3425101012549894,193,Q3 Tinggi,Perlu ditingkatkan,65.15892420537898,36.674816625916876,60.391198044009776,79.46210268948656,53.0562347188264,1,Kondisi relatif baik
12,1209,Sumatera Utara,Asahan,Kabupaten,2023,73.99,5,7.18,2025,187658,11.1,2.8,86.1,625,1209,21.88449848024316,12.985735366453513,28.19082159296974,8.534436535214224,20.751055943887753,8.534436535214224,18.91856303258672,8.753799392097264,3.2464338416133782,5.638164318593948,1.2801654802821336,319,Q1 Rendah,Relatif tidak prioritas,13.447432762836186,39.24205378973105,31.173594132029343,78.97310513447434,22.249388753056234,1,Kondisi relatif baik
12,1210,Sumatera Utara,Labuhan Batu,Kabupaten,2023,77.96,6,7.37,2025,137785,18.7,6.6,74.7,555,1210,44.984802431610944,13.453025086079688,22.65308969172829,6.186633249240552,30.4562296264823,6.186633249240552,26.815790169896044,17.99392097264438,3.363256271519922,4.530617938345658,0.9279949873860828,202,Q3 Tinggi,Perlu ditingkatkan,58.924205378973106,40.58679706601467,45.965770171149146,69.68215158924205,50.8557457212714,1,Kondisi relatif baik
12,1211,Sumatera Utara,Dairi,Kabupaten,2023,82.92,6,6.98,2025,80508,23.5,5.5,71.0,652,1211,59.57446808510639,12.49385145105755,15.73441205189009,3.490281940702585,35.41192059668819,3.490281940702585,30.623674798290352,23.829787234042556,3.1234628627643874,3.146882410378018,0.5235422911053877,135,Q3 Tinggi,Perlu ditingkatkan,87.1638141809291,37.286063569682156,66.01466992665037,52.81173594132029,67.23716381418093,1,Kondisi relatif baik
12,1212,Sumatera Utara,Toba Samosir,Kabupaten,2023,83.09,6,7.21,2025,58055,21.0,6.1,72.9,628,1212,51.975683890577514,13.059517953762912,15.497279955363375,2.433292644290361,31.946598865581656,2.433292644290361,27.51960293238796,20.790273556231007,3.264879488440728,3.0994559910726753,0.36499389664355414,185,Q3 Tinggi,Perlu ditingkatkan,72.98288508557457,39.60880195599022,67.97066014669927,36.43031784841076,55.012224938875306,1,Kondisi relatif baik
12,1213,Sumatera Utara,Mandailing Natal,Kabupaten,2023,69.54,5,7.91,2025,139798,17.3,4.9,77.8,728,1213,40.72948328267477,14.781111657648793,34.398102943227784,6.281396508211638,31.607872724856072,6.281396508211638,27.808901292359412,16.29179331306991,3.6952779144121983,6.879620588645557,0.9422094762317457,176,Q3 Tinggi,Perlu ditingkatkan,49.877750611246945,44.00977995110024,21.271393643031786,70.6601466992665,57.21271393643031,1,Kondisi relatif baik
12,1214,Sumatera Utara,Nias Selatan,Kabupaten,2023,65.67,4,16.16,2025,84435,23.1,14.5,62.4,567,1214,58.35866261398177,35.07132316773241,39.796345375924126,3.675147970498639,47.14184107377722,3.675147970498639,40.62183710828543,23.34346504559271,8.767830791933102,7.959269075184825,0.5512721955747959,46,Q4 Sangat Tinggi,Sangat perlu ditingkatkan,85.20782396088019,88.75305623471883,15.647921760391197,54.034229828850854,88.99755501222494,0,"Gizi buruk, kemiskinan tinggi, IKP rendah"
12,1215,Sumatera Utara,Pakpak Bharat,Kabupaten,2023,77.32,6,6.4,2025,14862,23.1,4.4,72.4,592,1215,58.35866261398177,11.067388096409246,23.545822290417085,0.3999546190851226,36.258207679739336,0.3999546190851226,30.879469720641207,23.34346504559271,2.7668470241023115,4.709164458083417,0.059993192862768385,131,Q3 Tinggi,Perlu ditingkatkan,85.20782396088019,31.662591687041562,42.78728606356968,3.6674816625916873,68.21515892420538,1,Kondisi relatif baik
12,1216,Sumatera Utara,Humbang Hasundutan,Kabupaten,2023,78.9,6,7.8,2025,58457,15.7,2.6,81.8,624,1216,35.86626139817629,14.510575504181014,21.341888687404097,2.4522170507018743,26.16767785034893,2.4522170507018743,22.610358730401874,14.346504559270517,3.6276438760452536,4.26837773748082,0.36783255760528116,267,Q2 Sedang,Perlu dipantau,38.50855745721272,43.27628361858191,48.655256723716384,36.674816625916876,34.96332518337408,1,Kondisi relatif baik
12,1217,Sumatera Utara,Samosir,Kabupaten,2023,78.89,6,10.79,2025,37304,23.4,5.2,71.5,619,1217,59.27051671732523,21.864240039350708,21.355837634258613,1.4564260834811116,39.34756967484646,1.4564260834811116,33.66389813614166,23.708206686930094,5.466060009837677,4.271167526851722,0.21846391252216674,89,Q4 Sangat Tinggi,Sangat perlu ditingkatkan,86.67481662591688,65.77017114914425,48.41075794621027,19.80440097799511,78.4841075794621,0,"Gizi buruk, kemiskinan tinggi, IKP rendah"
12,1218,Sumatera Utara,Serdang Bedagai,Kabupaten,2023,83.76,6,6.18,2025,156808,15.5,3.5,81.0,726,1218,35.25835866261398,10.526315789473681,14.562700516111027,7.082153107862997,23.114661783101432,7.082153107862997,20.70978548181567,14.103343465045592,2.6315789473684204,2.912540103222206,1.0623229661794495,297,Q2 Sedang,Perlu dipantau,37.65281173594132,29.462102689486553,73.10513447432763,74.32762836185819,27.628361858190708,1,Kondisi relatif baik
12,1225,Sumatera Utara,Nias Barat,Kabupaten,2023,61.2,4,22.47,2025,24729,25.4,9.0,65.6,603,1225,65.34954407294833,50.590260698475156,46.031524619891194,0.8644499376483176,56.46316203267806,0.8644499376483176,48.12335521842361,26.139817629179333,12.647565174618789,9.206304923978239,0.12966749064724764,16,Q4 Sangat Tinggi,Sangat perlu ditingkatkan,92.1760391198044,94.86552567237165,11.246943765281173,9.04645476772616,96.33251833740832,0,"Gizi buruk, kemiskinan tinggi, IKP rendah"
12,1272,Sumatera Utara,Pematang Siantar,Kota,2023,87.19,6,6.24,2025,89958,10.9,1.3,87.8,549,1272,21.27659574468085,10.673880964092474,9.778211745013255,3.935146718286673,15.45264810340954,3.935146718286673,13.725022895641112,8.51063829787234,2.6684702410231185,1.955642349002651,0.5902720077430009,385,Q1 Rendah,Relatif tidak prioritas,12.71393643031785,30.317848410757946,88.01955990220048,56.723716381418086,6.112469437652812,1,Kondisi relatif baik
12,1274,Sumatera Utara,Tanjung Balai,Kota,2023,70.83,6,10.67,2025,47767,3.9,1.7,94.4,581,1274,0.0,21.56910969011313,32.59868879899568,1.9489784821966998,14.014135508620491,1.9489784821966998,12.204361954656925,0.0,5.392277422528283,6.519737759799137,0.29234677232950496,394,Q1 Rendah,Relatif tidak prioritas,0.24449877750611246,64.79217603911981,23.4718826405868,27.87286063569682,3.9119804400977993,1,Kondisi relatif baik
12,1275,Sumatera Utara,Binjai,Kota,2023,87.25,6,4.71,2025,84638,22.3,3.3,74.3,588,1275,55.92705167173253,6.9109690113133295,9.694518063886182,3.6847043249800753,30.63231356976304,3.6847043249800753,26.590172183045592,22.370820668693014,1.7277422528283324,1.9389036127772366,0.5527056487470112,205,Q2 Sedang,Perlu dipantau,81.66259168704157,15.52567237163814,88.50855745721272,54.278728606356964,50.12224938875306,1,Kondisi relatif baik
12,1277,Sumatera Utara,Padang Sidimpuan,Kota,2023,69.9,5,5.61,2025,75271,24.4,5.9,69.7,561,1277,62.310030395136785,9.12444663059518,33.89594085646534,3.2437468253366735,39.98154351411362,3.2437468253366735,34.470874010797075,24.924012158054715,2.281111657648795,6.779188171293068,0.486562023800501,85,Q4 Sangat Tinggi,Sangat perlu ditingkatkan,89.73105134474328,21.882640586797066,22.249388753056234,48.655256723716384,79.46210268948656,0,"Gizi buruk, kemiskinan tinggi, IKP rendah"
12,1278,Sumatera Utara,Gunungsitoli,Kota,2023,65.13,5,13.85,2025,46811,13.8,3.6,82.5,568,1278,30.091185410334347,29.390063944908995,40.5495885060678,1.9039741724220558,32.345773943028874,1.9039741724220558,27.779503977437855,12.03647416413374,7.347515986227249,8.10991770121356,0.28559612586330835,177,Q3 Tinggi,Perlu ditingkatkan,25.67237163814181,82.64058679706602,14.66992665036675,26.65036674816626,56.96821515892421,0,"Gizi buruk, kemiskinan tinggi, IKP rendah"
13,1301,Sumatera Barat,Pesisir Selatan,Kabupaten,2023,85.95,6,6.52,2025,130702,21.6,4.9,73.5,685,1301,53.79939209726445,11.362518445646824,11.507881154972798,5.853196506422765,31.367014919190645,5.853196506422765,27.539942157275462,21.51975683890578,2.840629611411706,2.3015762309945598,0.8779794759634146,184,Q3 Tinggi,Perlu ditingkatkan,74.93887530562347,33.12958435207824,84.10757946210269,67.72616136919315,55.256723716381416,1,Kondisi relatif baik
13,1302,Sumatera Barat,Solok,Kabupaten,2023,81.78,6,6.52,2025,96079,23.4,6.1,70.4,715,1302,59.27051671732523,11.362518445646824,17.324591993304505,4.223296697502779,35.31029964353258,4.223296697502779,30.64724920162812,23.708206686930094,2.840629611411706,3.464918398660901,0.6334945046254168,134,Q3 Tinggi,Perlu ditingkatkan,86.67481662591688,33.12958435207824,62.34718826405869,59.168704156479215,67.48166259168704,1,Kondisi relatif baik
13,1303,Sumatera Barat,Sijunjung,Kabupaten,2023,79.93,6,5.15,2025,61066,22.2,6.0,71.9,660,1303,55.62310030395137,7.993113625184457,19.905147161389316,2.5750373898253542,33.21005642371121,2.5750373898253542,28.614803568628332,22.24924012158055,1.9982784062961143,3.981029432277863,0.38625560847380314,161,Q3 Tinggi,Perlu ditingkatkan,80.68459657701712,19.070904645476773,53.0562347188264,38.141809290953546,60.880195599022,1,Kondisi relatif baik
13,1304,Sumatera Barat,Tanah Datar,Kabupaten,2023,87.55,6,3.59,2025,77198,22.4,4.5,73.1,683,1304,56.23100303951368,4.156419085095917,9.276049658250807,3.3344615794535555,29.866724610270136,3.3344615794535555,25.886885155647647,22.492401215805472,1.0391047712739792,1.8552099316501616,0.5001692369180333,215,Q2 Sedang,Perlu dipantau,82.64058679706602,5.134474327628362,90.70904645476773,49.877750611246945,47.67726161369193,1,Kondisi relatif baik
13,1305,Sumatera Barat,Padang Pariaman,Kabupaten,2023,83.13,6,5.86,2025,96652,20.5,6.1,73.4,696,1305,50.455927051671736,9.739301524840139,15.44148416794533,4.250271037984862,30.24175651231505,4.250271037984862,26.343033691165527,20.182370820668694,2.4348253812100347,3.088296833589066,0.6375406556977293,211,Q2 Sedang,Perlu dipantau,70.04889975550122,24.08312958435208,68.7041564792176,59.41320293398533,48.655256723716384,1,Kondisi relatif baik
13,1306,Sumatera Barat,Agam,Kabupaten,2023,86.4,6,5.97,2025,113314,21.9,5.1,73.0,702,1306,54.71124620060791,10.00983767830792,10.880178546519737,5.034645315668043,31.250580716616575,5.034645315668043,27.318190406474297,21.884498480243167,2.50245941957698,2.1760357093039473,0.7551967973502064,188,Q3 Tinggi,Perlu ditingkatkan,77.3838630806846,25.794621026894866,85.94132029339853,64.54767726161369,54.278728606356964,1,Kondisi relatif baik
13,1307,Sumatera Barat,Limapuluh Koto,Kabupaten,2023,80.68,6,6.1,2025,82890,19.4,7.2,73.4,628,1307,47.11246200607903,10.329562223315294,18.858976147300876,3.6024161100364793,29.64608304437719,3.6024161100364793,25.739533004226082,18.84498480243161,2.5823905558288236,3.7717952294601753,0.5403624165054719,222,Q2 Sedang,Perlu dipantau,64.30317848410758,27.750611246943762,56.96821515892421,53.54523227383863,45.965770171149146,1,Kondisi relatif baik
13,1308,Sumatera Barat,Pasaman,Kabupaten,2023,80.59,6,6.02,2025,80155,24.2,4.9,70.9,681,1308,61.702127659574465,10.132808657156907,18.984516668991493,3.4736642405452116,36.48347830813802,3.4736642405452116,31.53200619799909,24.680851063829788,2.533202164289227,3.7969033337982987,0.5210496360817817,121,Q3 Tinggi,Perlu ditingkatkan,88.87530562347187,26.161369193154034,56.234718826405874,52.32273838630807,70.6601466992665,1,Kondisi relatif baik
13,1309,Sumatera Barat,Kepulauan Mentawai,Kabupaten,2023,50.91,2,13.22,2025,25013,20.4,5.8,73.7,597,1309,50.15197568389058,27.840629611411703,60.38499093318455,0.8778194187947601,45.99758336828949,0.8778194187947601,39.22961877586528,20.060790273556236,6.960157402852926,12.07699818663691,0.131672912819214,58,Q4 Sangat Tinggi,Sangat perlu ditingkatkan,69.19315403422983,79.09535452322739,4.645476772616137,9.290953545232274,86.06356968215158,0,"Gizi buruk, kemiskinan tinggi, IKP rendah"
13,1310,Sumatera Barat,Dharmas Raya,Kabupaten,2023,84.38,6,4.61,2025,61311,16.5,4.0,79.5,598,1310,38.297872340425535,6.665027053615347,13.69786581113127,2.586570921096053,23.205857484470947,2.586570921096053,20.112964499964715,15.319148936170215,1.6662567634038368,2.7395731622262542,0.3879856381644079,307,Q1 Rendah,Relatif tidak prioritas,43.64303178484107,14.547677261613693,75.42787286063569,38.386308068459655,25.183374083129586,1,Kondisi relatif baik
13,1312,Sumatera Barat,Pasaman Barat,Kabupaten,2023,80.67,6,6.3,2025,117361,20.6,6.0,73.4,673,1312,50.759878419452896,10.821446138711265,18.87292509415539,5.225160422004848,31.51046814269418,5.225160422004848,27.56767198459078,20.30395136778116,2.705361534677816,3.7745850188310786,0.7837740633007272,183,Q3 Tinggi,Perlu ditingkatkan,71.14914425427872,30.56234718826406,56.60146699266504,65.52567237163814,55.501222493887525,1,Kondisi relatif baik
13,1371,Sumatera Barat,Padang,Kota,2023,88.33,6,3.63,2025,353425,17.3,3.3,79.4,760,1371,40.72948328267477,4.25479586817511,8.18803180359884,16.33802379296888,22.344821930392296,16.33802379296888,21.443802209778788,16.29179331306991,1.0636989670437775,1.637606360719768,2.450703568945332,289,Q2 Sedang,Perlu dipantau,49.877750611246945,5.623471882640587,92.66503667481662,92.1760391198044,29.584352078239608,1,Kondisi relatif baik
13,1372,Sumatera Barat,Solok,Kota,2023,92.87,6,2.91,2025,26940,14.4,4.2,81.5,569,1372,31.914893617021278,2.4840137727496314,1.8552099316501591,0.9685341729116423,16.185885736854058,0.9685341729116423,13.9032830022627,12.765957446808512,0.6210034431874079,0.3710419863300318,0.14528012593674636,382,Q1 Rendah,Relatif tidak prioritas,28.973105134474324,2.078239608801956,99.51100244498777,11.246943765281173,6.845965770171149,1,Kondisi relatif baik
13,1373,Sumatera Barat,Sawah Lunto,Kota,2023,84.38,6,2.72,2025,15743,17.1,2.9,80.0,606,1373,40.121580547112465,2.0167240531234634,13.69786581113127,0.4414282560217979,22.69692516982601,0.4414282560217979,19.358600632755376,16.048632218844986,0.5041810132808658,2.7395731622262542,0.06621423840326969,315,Q1 Rendah,Relatif tidak prioritas,48.53300733496332,1.2224938875305624,75.42787286063569,3.9119804400977993,23.227383863080682,1,Kondisi relatif baik
13,1374,Sumatera Barat,Padang Panjang,Kota,2023,89.58,6,4.97,2025,27379,16.7,2.3,81.1,586,1374,38.90577507598784,7.550418101328085,6.444413446784769,0.9892003779232207,22.04564381774601,0.9892003779232207,18.887177301772596,15.562310030395137,1.8876045253320213,1.2888826893569538,0.1483800566884831,321,Q1 Rendah,Relatif tidak prioritas,44.987775061124694,18.09290953545232,95.59902200488997,11.491442542787286,21.76039119804401,1,Kondisi relatif baik
13,1375,Sumatera Barat,Bukittinggi,Kota,2023,91.78,6,3.78,2025,49580,13.2,3.6,83.2,608,1375,28.267477203647413,4.623708804722085,3.375645138792027,2.034326613599869,15.456526012232814,2.034326613599869,13.443196102437872,11.306990881458965,1.1559272011805213,0.6751290277584054,0.30514899203998036,388,Q1 Rendah,Relatif tidak prioritas,22.249388753056234,6.234718826405868,98.77750611246944,29.82885085574572,5.378973105134474,1,Kondisi relatif baik
13,1376,Sumatera Barat,Payakumbuh,Kota,2023,88.56,6,4.95,2025,51618,14.3,2.1,83.6,613,1376,31.610942249240125,7.50122970978849,7.867206025945039,2.1302667635169454,18.93308886156727,2.1302667635169454,16.412665546859724,12.64437689969605,1.8753074274471224,1.5734412051890079,0.3195400145275418,358,Q1 Rendah,Relatif tidak prioritas,27.995110024449875,17.6039119804401,93.39853300733496,31.784841075794624,12.71393643031785,1,Kondisi relatif baik
13,1377,Sumatera Barat,Pariaman,Kota,2023,81.57,6,3.83,2025,32360,13.6,2.1,84.3,651,1377,29.48328267477204,4.746679783571077,17.617519877249276,1.2236841300021986,19.415867048531105,1.2236841300021986,16.687039610751768,11.793313069908816,1.1866699458927692,3.5235039754498554,0.18355261950032978,354,Q1 Rendah,Relatif tidak prioritas,24.5721271393643,7.090464547677261,61.36919315403423,16.381418092909534,13.691931540342297,1,Kondisi relatif baik
14,1402,Riau,Indragiri Hulu,Kabupaten,2023,59.35,3,5.83,2025,120649,15.0,5.0,80.0,664,1402,33.73860182370821,9.665518937530743,48.612079787976,5.379945119221407,30.157925201719024,5.379945119221407,26.441228189344383,13.495440729483285,2.416379734382686,9.722415957595201,0.806991767883211,209,Q2 Sedang,Perlu dipantau,33.618581907090466,23.594132029339853,9.7799511002445,66.01466992665037,49.1442542787286,1,Kondisi relatif baik
14,1403,Riau,Bengkalis,Kabupaten,2023,61.68,4,6.08,2025,171562,9.9,2.6,87.4,638,1403,18.237082066869302,10.2803738317757,45.361975170874594,7.776707068548248,22.27920155160772,7.776707068548248,20.103827379148804,7.294832826747721,2.570093457943925,9.072395034174919,1.1665060602822372,308,Q1 Rendah,Relatif tidak prioritas,9.168704156479219,27.383863080684595,12.224938875305623,76.03911980440098,24.938875305623473,1,Kondisi relatif baik
14,1406,Riau,Rokan Hulu,Kabupaten,2023,56.76,3,8.71,2025,158793,14.7,6.7,78.6,639,1406,32.82674772036474,16.74864731923266,52.22485702329473,7.175598248974575,32.662155673662355,7.175598248974575,28.839172059959196,13.130699088145898,4.187161829808165,10.444971404658947,1.0763397373461863,158,Q3 Tinggi,Perlu ditingkatkan,31.05134474327628,49.75550122249388,7.823960880195599,74.57212713936431,61.61369193154034,0,"Gizi buruk, kemiskinan tinggi, IKP rendah"
14,1407,Riau,Rokan Hilir,Kabupaten,2023,67.45,4,7.16,2025,185988,19.2,5.3,75.6,639,1407,46.504559270516715,12.936546974913918,37.31343283582089,8.455820220022115,34.46899649305805,8.455820220022115,30.567020052102666,18.601823708206688,3.2341367437284796,7.462686567164178,1.2683730330033172,137,Q3 Tinggi,Perlu ditingkatkan,62.8361858190709,38.87530562347188,18.337408312958438,78.72860635696821,66.74816625916871,1,Kondisi relatif baik
14,1408,Riau,Siak,Kabupaten,2023,74.74,5,4.4,2025,134699,14.6,1.6,83.8,664,1408,32.52279635258359,6.148548942449582,27.1446505788813,6.04135783086759,23.500218696967167,6.04135783086759,20.88138956705223,13.009118541033438,1.5371372356123956,5.428930115776261,0.9062036746301385,294,Q2 Sedang,Perlu dipantau,30.195599022004888,12.224938875305623,33.496332518337404,69.19315403422983,28.361858190709043,1,Kondisi relatif baik
14,1409,Riau,Kuantan Sengingi,Kabupaten,2023,68.94,5,6.99,2025,88981,19.9,3.2,76.9,667,1409,48.6322188449848,12.518445646827347,35.235039754498544,3.889153820117397,34.85824341247113,3.889153820117397,30.212879973618072,19.45288753799392,3.1296114117068368,7.047007950899709,0.5833730730176095,144,Q3 Tinggi,Perlu ditingkatkan,66.74816625916871,37.775061124694375,19.80440097799511,55.99022004889975,65.03667481662592,1,Kondisi relatif baik
14,1410,Riau,Kepulauan Meranti,Kabupaten,2023,70.47,5,20.51,2025,45784,15.6,2.4,82.0,548,1410,35.56231003039513,45.76979832759469,33.100850885758135,1.8556274923608007,37.9853456131863,1.8556274923608007,32.565887895062474,14.224924012158054,11.442449581898673,6.6201701771516275,0.2783441238541201,102,Q4 Sangat Tinggi,Sangat perlu ditingkatkan,38.141809290953546,93.15403422982885,22.982885085574573,26.161369193154034,75.30562347188264,0,"Gizi buruk, kemiskinan tinggi, IKP rendah"
14,1471,Riau,Pekanbaru,Kota,2023,89.81,6,3.19,2025,331661,11.1,3.4,85.5,563,1471,21.88449848024316,3.172651254303984,6.1235876691309805,15.313469611028127,12.672564399411124,15.313469611028127,13.068700181153675,8.753799392097264,0.793162813575996,1.2247175338261962,2.297020441654219,392,Q1 Rendah,Relatif tidak prioritas,13.447432762836186,3.1784841075794623,95.84352078239608,90.4645476772616,4.400977995110025,1,Kondisi relatif baik
14,1472,Riau,Dumai,Kota,2023,78.61,6,3.08,2025,85070,13.6,3.3,83.1,562,1472,29.48328267477204,2.9021151008362027,21.74640814618497,3.7050410005267764,19.84485114629983,3.7050410005267764,17.423879624433877,11.793313069908816,0.7255287752090507,4.349281629236994,0.5557561500790165,345,Q1 Rendah,Relatif tidak prioritas,24.5721271393643,2.689486552567237,47.67726161369193,54.52322738386308,15.892420537897312,1,Kondisi relatif baik
15,1502,Jambi,Merangin,Kabupaten,2023,71.66,5,8.07,2025,98303,7.2,2.4,90.5,606,1502,10.030395136778116,15.174618789965566,31.44092621007115,4.327992916058018,16.581174110843374,4.327992916058018,14.743196931625569,4.0121580547112465,3.7936546974913914,6.28818524201423,0.6491989374087027,378,Q1 Rendah,Relatif tidak prioritas,4.52322738386308,45.599022004889974,25.4278728606357,60.880195599022,7.823960880195599,1,Kondisi relatif baik
15,1503,Jambi,Sarolangun,Kabupaten,2023,64.01,4,8.74,2025,79742,4.4,2.2,93.4,476,1503,1.5197568389057765,16.822429906542055,42.11187055377319,3.4542220021174623,15.57162861523819,3.4542220021174623,13.75401762327008,0.6079027355623107,4.205607476635514,8.422374110754637,0.5181333003176193,384,Q1 Rendah,Relatif tidak prioritas,0.4889975550122249,50.36674816625917,14.180929095354522,52.07823960880196,6.356968215158925,1,Kondisi relatif baik
15,1506,Jambi,Tanjung Jabung Barat,Kabupaten,2023,63.59,4,9.67,2025,78666,5.1,1.9,93.0,454,1506,3.6474164133738594,19.109690113133297,42.697726321662714,3.4035686158020675,17.38345218584166,3.4035686158020675,15.286469650335722,1.4589665653495438,4.777422528283324,8.539545264332544,0.5105352923703101,370,Q1 Rendah,Relatif tidak prioritas,1.2224938875305624,55.256723716381416,13.691931540342297,50.8557457212714,9.7799511002445,1,Kondisi relatif baik
15,1507,Jambi,Tanjung Jabung Timur,Kabupaten,2023,71.22,5,9.96,2025,54397,20.3,3.6,76.0,511,1507,49.84802431610943,19.82292179045745,32.0546798716697,2.2610899610731554,36.830442527520084,2.2610899610731554,31.645039642553048,19.939209726443774,4.955730447614362,6.41093597433394,0.3391634941609733,119,Q3 Tinggi,Perlu ditingkatkan,68.45965770171149,57.701711491442545,24.449877750611247,33.251833740831295,71.14914425427872,0,"Gizi buruk, kemiskinan tinggi, IKP rendah"
15,1509,Jambi,Tebo,Kabupaten,2023,70.89,5,5.97,2025,91358,14.9,9.3,75.9,590,1509,33.43465045592705,10.00983767830792,32.51499511786861,4.001052611262093,26.328610147672375,4.001052611262093,22.979476517210834,13.37386018237082,2.50245941957698,6.502999023573722,0.6001578916893139,262,Q2 Sedang,Perlu dipantau,32.88508557457212,25.794621026894866,23.71638141809291,57.94621026894865,36.18581907090464,1,Kondisi relatif baik
15,1571,Jambi,Jambi,Kota,2023,84.66,6,7.69,2025,175908,8.6,1.7,89.7,510,1571,14.285714285714285,14.240039350713232,13.307295299204924,7.981297790599089,14.042064249182358,7.981297790599089,13.132949280394872,5.714285714285714,3.560009837678308,2.661459059840985,1.1971946685898633,391,Q1 Rendah,Relatif tidak prioritas,5.623471882640587,42.42053789731051,76.77261613691931,77.01711491442543,4.645476772616137,1,Kondisi relatif baik
15,1572,Jambi,Sungai Penuh,Kota,2023,83.14,6,3.23,2025,28436,6.4,1.6,92.0,449,1572,7.598784194528877,3.2710280373831773,15.427535221090816,1.038959327119663,8.167973801618245,1.038959327119663,7.098621630443458,3.039513677811551,0.8177570093457943,3.085507044218163,0.15584389906794946,404,Q1 Rendah,Relatif tidak prioritas,2.93398533007335,3.7897310513447433,69.07090464547677,13.202933985330073,1.466992665036675,1,Kondisi relatif baik
16,1601,Sumatera Selatan,Ogan Komering Ulu,Kabupaten,2023,74.36,5,10.08,2025,94001,19.2,2.8,78.0,711,1601,46.504559270516715,20.11805213969503,27.67471055935278,4.125473522072119,34.31326924117764,4.125473522072119,29.785099883311823,18.601823708206688,5.029513034923758,5.534942111870556,0.6188210283108179,149,Q3 Tinggi,Perlu ditingkatkan,62.8361858190709,59.168704156479215,33.007334963325185,58.679706601467,63.81418092909536,1,Kondisi relatif baik
16,1602,Sumatera Selatan,Ogan Komering Ilir,Kabupaten,2023,79.04,6,11.84,2025,184781,17.6,6.7,75.7,679,1602,41.64133738601824,24.446630595179535,21.146603431440923,8.398999925149736,31.761780340576898,8.398999925149736,28.257363278262822,16.6565349544073,6.111657648794884,4.229320686288185,1.2598499887724603,170,Q3 Tinggi,Perlu ditingkatkan,51.34474327628362,72.37163814180929,49.38875305623472,78.4841075794621,58.679706601467,1,Kondisi relatif baik
16,1603,Sumatera Selatan,Muara Enim,Kabupaten,2023,73.22,5,9.45,2025,149887,16.6,3.8,79.6,704,1603,38.60182370820669,18.568617806197732,29.264890500767194,6.756342618375221,30.512778864688883,6.756342618375221,26.94931342774183,15.440729483282675,4.642154451549433,5.8529781001534396,1.0134513927562832,198,Q3 Tinggi,Perlu ditingkatkan,44.25427872860636,54.52322738386308,29.095354523227385,72.86063569682152,51.83374083129584,1,Kondisi relatif baik
16,1604,Sumatera Selatan,Lahat,Kabupaten,2023,72.87,5,13.69,2025,97172,10.6,2.3,87.1,558,1604,20.364741641337385,28.99655681259222,29.75310364067513,4.274750369661446,25.112537162138864,4.274750369661446,21.986869143267253,8.145896656534955,7.249139203148055,5.950620728135026,0.641212555449217,277,Q2 Sedang,Perlu dipantau,11.246943765281173,82.15158924205379,28.117359413202937,60.14669926650367,32.51833740831296,1,Kondisi relatif baik
16,1605,Sumatera Selatan,Musi Rawas,Kabupaten,2023,79.56,6,12.67,2025,90874,15.3,4.0,80.7,684,1605,34.650455927051674,26.487948844072797,20.421258195006274,3.9782680025477335,28.90167202451779,3.9782680025477335,25.163161421222284,13.86018237082067,6.621987211018199,4.084251639001255,0.59674020038216,226,Q2 Sedang,Perlu dipantau,36.552567237163814,76.28361858190709,51.58924205378973,57.21271393643031,44.987775061124694,1,Kondisi relatif baik
16,1609,Sumatera Selatan,Ogan Komering Ulu Selatan,Kabupaten,2023,76.15,6,9.17,2025,78819,12.4,4.2,83.3,649,1609,25.835866261398177,17.879980324643384,25.17784907239503,3.4107711883915246,23.34107223552838,3.4107711883915246,20.351527078457853,10.33434650455927,4.469995081160846,5.035569814479007,0.5116156782587287,302,Q2 Sedang,Perlu dipantau,19.43765281173594,53.0562347188264,37.65281173594132,51.1002444987775,26.405867970660147,1,Kondisi relatif baik
16,1610,Sumatera Selatan,Ogan Ilir,Kabupaten,2023,76.32,6,11.69,2025,143275,20.7,6.7,72.5,682,1610,51.06382978723405,24.077717658632558,24.940716975868337,6.445078500979879,36.98012320555932,6.445078500979879,32.39986649987241,20.42553191489362,6.0194294146581395,4.988143395173668,0.9667617751469819,106,Q3 Tinggi,Perlu ditingkatkan,71.88264058679707,71.63814180929096,38.2640586797066,71.63814180929096,74.32762836185819,1,Kondisi relatif baik
16,1611,Sumatera Selatan,Empat Lawang,Kabupaten,2023,69.27,5,10.48,2025,49917,21.6,10.3,68.1,667,1611,53.79939209726445,21.10181997048696,34.774724508299634,2.0501911035518097,39.70606674492641,2.0501911035518097,34.05768539872022,21.51975683890578,5.27545499262174,6.954944901659927,0.3075286655327714,87,Q4 Sangat Tinggi,Sangat perlu ditingkatkan,74.93887530562347,62.8361858190709,20.537897310513447,30.317848410757946,78.97310513447434,0,"Gizi buruk, kemiskinan tinggi, IKP rendah"
16,1612,Sumatera Selatan,Penukal Abab Lematang Ilir,Kabupaten,2023,73.71,5,9.27,2025,56538,17.4,3.1,79.6,553,1612,41.03343465045592,18.125922282341364,28.581392104896096,2.361878901687709,31.366038649114035,2.361878901687709,27.01541468700009,16.41337386018237,4.531480570585341,5.7162784209792195,0.3542818352531563,196,Q3 Tinggi,Perlu ditingkatkan,50.488997555012226,53.54523227383863,30.317848410757946,35.45232273838631,52.32273838630807,1,Kondisi relatif baik
16,1671,Sumatera Selatan,Palembang,Kota,2023,83.29,6,9.04,2025,460008,7.8,2.8,89.4,708,1671,11.854103343465045,17.560255779636,15.218301018273117,21.35548650082547,14.323959395234873,21.35548650082547,15.378688461073462,4.741641337386018,4.390063944909,3.0436602036546234,3.2033229751238204,369,Q1 Rendah,Relatif tidak prioritas,5.134474327628362,52.07823960880196,70.29339853300733,95.84352078239608,10.024449877750612,1,Kondisi relatif baik
16,1673,Sumatera Selatan,Lubuklinggau,Kota,2023,66.26,5,10.49,2025,67926,15.7,5.2,79.1,631,1673,35.86626139817629,21.12641416625676,38.97335751150788,2.897976265404914,32.26209365074857,2.897976265404914,27.85747604294702,14.346504559270517,5.28160354156419,7.794671502301576,0.4346964398107371,175,Q3 Tinggi,Perlu ditingkatkan,38.50855745721272,63.08068459657702,16.625916870415647,43.27628361858191,57.457212713936435,0,"Gizi buruk, kemiskinan tinggi, IKP rendah"
16,1674,Sumatera Selatan,Prabumulih,Kota,2023,68.83,5,9.75,2025,54089,9.3,2.3,88.4,569,1674,16.41337386018237,19.306443679291686,35.388478169898185,2.2465906646185627,21.729007173971183,2.2465906646185627,18.80664469756829,6.565349544072949,4.8266109198229215,7.077695633979637,0.3369885996927844,325,Q1 Rendah,Relatif tidak prioritas,7.823960880195599,55.74572127139364,19.559902200489,33.007334963325185,20.78239608801956,1,Kondisi relatif baik
17,1702,Bengkulu,Rejang Lebong,Kabupaten,2023,72.67,5,11.71,2025,67254,20.2,4.5,75.3,578,1702,49.54407294832827,24.12690605017216,30.032082577765383,2.8663414367767124,37.47737906756168,2.8663414367767124,32.28572342294393,19.81762917933131,6.03172651254304,6.006416515553077,0.42995121551650684,109,Q3 Tinggi,Perlu ditingkatkan,67.72616136919315,71.88264058679707,27.628361858190708,42.54278728606357,73.59413202933986,0,"Gizi buruk, kemiskinan tinggi, IKP rendah"
17,1703,Bengkulu,Bengkulu Utara,Kabupaten,2023,70.74,5,10.07,2025,69638,16.8,3.9,79.4,561,1703,39.209726443769,20.09345794392523,32.724229320686305,2.9785697573862855,32.06129520897196,2.9785697573862855,27.69888639123411,15.6838905775076,5.023364485981308,6.544845864137262,0.4467854636079428,180,Q3 Tinggi,Perlu ditingkatkan,45.965770171149146,58.924205378973106,23.227383863080682,44.743276283618584,56.234718826405874,1,Kondisi relatif baik
17,1704,Bengkulu,Kaur,Kabupaten,2023,73.9,5,15.82,2025,31580,12.2,3.7,84.1,511,1704,25.22796352583586,34.235120511559266,28.316362114660343,1.1869651324873214,28.60380936606615,1.1869651324873214,24.49128273102933,10.091185410334345,8.558780127889817,5.663272422932069,0.1780447698730982,238,Q2 Sedang,Perlu dipantau,17.84841075794621,87.53056234718827,30.80684596577017,15.647921760391197,42.053789731051346,1,Kondisi relatif baik
17,1705,Bengkulu,Seluma,Kabupaten,2023,71.64,5,15.98,2025,42566,17.7,4.9,77.4,610,1705,41.94528875379939,34.628627643876044,31.468824103780168,1.7041380897930132,37.32827909793506,1.7041380897930132,31.984657946713757,16.778115501519757,8.657156910969011,6.293764820756034,0.255620713468952,115,Q3 Tinggi,Perlu ditingkatkan,52.20048899755502,88.01955990220048,25.183374083129586,24.69437652811736,72.12713936430319,0,"Gizi buruk, kemiskinan tinggi, IKP rendah"
17,1706,Bengkulu,Mukomuko,Kabupaten,2023,76.63,6,10.05,2025,50417,18.6,3.4,78.0,587,1706,44.68085106382979,20.044269552385636,24.50829962337845,2.073728922471603,32.688314986240016,2.073728922471603,28.096127076674755,17.872340425531917,5.011067388096409,4.90165992467569,0.31105933837074046,171,Q3 Tinggi,Perlu ditingkatkan,58.06845965770171,58.06845965770171,39.36430317848411,31.05134474327628,58.43520782396088,1,Kondisi relatif baik
17,1707,Bengkulu,Lebong,Kabupaten,2023,75.84,6,10.1,2025,24487,16.7,6.0,77.3,484,1707,38.90577507598784,20.167240531234626,25.61026642488492,0.8530576332911379,30.26608640962444,0.8530576332911379,25.854132093174453,15.562310030395137,5.041810132808656,5.122053284976984,0.12795864499367068,218,Q2 Sedang,Perlu dipantau,44.987775061124694,59.7799511002445,36.674816625916876,8.80195599022005,46.9437652811736,1,Kondisi relatif baik
17,1709,Bengkulu,Bengkulu Tengah,Kabupaten,2023,61.54,4,9.74,2025,28359,18.7,4.7,76.6,446,1709,44.984802431610944,19.28184948352189,45.55726042683778,1.0353345030060148,37.559806386932244,1.0353345030060148,32.08113560434331,17.99392097264438,4.820462370880472,9.111452085367556,0.15530017545090222,113,Q3 Tinggi,Perlu ditingkatkan,58.924205378973106,55.501222493887525,11.7359413202934,12.95843520782396,72.6161369193154,0,"Gizi buruk, kemiskinan tinggi, IKP rendah"
17,1771,Bengkulu,Bengkulu,Kota,2023,75.68,6,11.91,2025,154204,13.8,2.3,83.9,567,1771,30.091185410334347,24.618789965568123,25.83344957455712,6.9595681469287145,27.479837141690815,6.9595681469287145,24.401796792476503,12.03647416413374,6.154697491392031,5.166689914911425,1.0439352220393072,242,Q2 Sedang,Perlu dipantau,25.67237163814181,72.86063569682152,35.57457212713936,73.83863080684596,41.075794621026894,1,Kondisi relatif baik
18,1801,Lampung,Lampung Selatan,Kabupaten,2023,85.46,6,12.05,2025,276552,8.8,1.6,89.6,660,1801,14.893617021276597,24.963108706345302,12.191379550843928,12.719178285326382,17.219411641489117,12.719178285326382,16.54437663806471,5.957446808510639,6.240777176586326,2.4382759101687856,1.9078767427989574,356,Q1 Rendah,Relatif tidak prioritas,6.234718826405868,73.34963325183375,81.2958435207824,86.55256723716381,13.202933985330073,1,Kondisi relatif baik
18,1802,Lampung,Lampung Tengah,Kabupaten,2023,84.55,6,9.59,2025,295878,12.4,3.1,84.5,667,1802,25.835866261398177,18.912936546974912,13.460733714604556,13.628962062214223,20.887914569675186,13.628962062214223,19.799071693556044,10.33434650455927,4.728234136743728,2.6921467429209116,2.0443443093321334,311,Q1 Rendah,Relatif tidak prioritas,19.43765281173594,54.88997555012225,76.5281173594132,88.50855745721272,24.205378973105134,1,Kondisi relatif baik
18,1803,Lampung,Lampung Utara,Kabupaten,2023,74.94,5,15.78,2025,147854,15.2,4.8,80.0,643,1803,34.346504559270514,34.13674372848007,26.865671641791057,6.660637846647344,32.524614216689926,6.660637846647344,28.64501776118354,13.738601823708207,8.534185932120018,5.373134328358212,0.9990956769971016,160,Q3 Tinggi,Perlu ditingkatkan,35.33007334963325,87.28606356968214,33.98533007334964,71.88264058679707,61.12469437652812,1,Kondisi relatif baik
18,1804,Lampung,Lampung Barat,Kabupaten,2023,75.39,5,9.93,2025,67584,17.3,3.2,79.5,581,1804,40.72948328267477,19.749139203148054,26.237969033337983,2.8818763972637758,31.149025788852374,2.8818763972637758,26.908953380114085,16.29179331306991,4.937284800787014,5.247593806667597,0.4322814595895664,200,Q3 Tinggi,Perlu ditingkatkan,49.877750611246945,57.21271393643031,34.474327628361856,42.78728606356968,51.34474327628362,1,Kondisi relatif baik
18,1805,Lampung,Tulang Bawang,Kabupaten,2023,87.51,6,7.54,2025,96813,16.4,1.9,81.7,429,1805,37.993920972644375,13.871126414166257,9.33184544566885,4.257850215677035,24.154963625568335,4.257850215677035,21.170396614084638,15.19756838905775,3.4677816035415643,1.8663690891337703,0.6386775323515552,292,Q2 Sedang,Perlu dipantau,42.665036674816626,41.075794621026894,90.2200488997555,59.90220048899756,28.850855745721272,1,Kondisi relatif baik
18,1806,Lampung,Tanggamus,Kabupaten,2023,74.19,5,10.1,2025,138170,19.0,5.9,75.1,583,1806,45.89665653495441,20.167240531234626,27.911842655879493,6.204757369808793,34.0974603270192,6.204757369808793,29.913554883437637,18.358662613981764,5.041810132808656,5.582368531175899,0.930713605471319,147,Q3 Tinggi,Perlu ditingkatkan,60.391198044009776,59.7799511002445,31.90709046454768,69.92665036674816,64.30317848410758,1,Kondisi relatif baik
18,1807,Lampung,Lampung Timur,Kabupaten,2023,83.55,6,12.15,2025,242928,11.9,2.1,85.9,688,1807,24.316109422492403,25.209050664043282,14.85562840005581,11.136307038608143,22.352743664728166,11.136307038608143,20.670278170810167,9.726443768996962,6.3022626660108205,2.9711256800111623,1.6704460557912213,299,Q2 Sedang,Perlu dipantau,16.381418092909534,73.83863080684596,71.14914425427872,84.10757946210269,27.139364303178482,1,Kondisi relatif baik
18,1808,Lampung,Way Kanan,Kabupaten,2023,79.31,6,9.36,2025,111648,11.6,2.3,86.1,661,1808,23.404255319148934,18.34727004426955,20.769981866369093,4.956217303027293,21.297077661177386,4.956217303027293,18.845948607454876,9.361702127659575,4.586817511067387,4.153996373273819,0.7434325954540939,323,Q1 Rendah,Relatif tidak prioritas,15.036674816625917,53.789731051344745,50.61124694376527,63.81418092909536,21.271393643031786,1,Kondisi relatif baik
18,1809,Lampung,Pesawaran,Kabupaten,2023,77.89,6,10.93,2025,107590,14.0,1.5,84.5,654,1809,30.69908814589666,22.208558780127884,22.750732319709865,4.765184364674253,26.33167225568542,4.765184364674253,23.096699072033747,12.279635258358665,5.552139695031971,4.5501464639419735,0.714777654701138,261,Q2 Sedang,Perlu dipantau,27.139364303178482,67.23716381418093,45.72127139364303,63.08068459657702,36.43031784841076,1,Kondisi relatif baik
18,1810,Lampung,Pringsewu,Kabupaten,2023,87.38,6,7.6,2025,113879,16.5,3.0,80.4,663,1810,38.297872340425535,14.018691588785043,9.513181754777522,5.061243051047409,24.384068452143502,5.061243051047409,21.485644641979093,15.319148936170215,3.5046728971962606,1.9026363509555044,0.7591864576571113,287,Q2 Sedang,Perlu dipantau,43.64303178484107,41.80929095354523,89.24205378973105,64.79217603911981,30.073349633251834,1,Kondisi relatif baik
18,1811,Lampung,Mesuji,Kabupaten,2023,86.21,6,5.92,2025,53820,8.9,2.2,89.0,529,1811,15.19756838905775,9.886866699458926,11.14520853675549,2.2339273180397137,12.682100868045799,2.2339273180397137,11.114874835544889,6.079027355623101,2.4717166748647315,2.229041707351098,0.335089097705957,400,Q1 Rendah,Relatif tidak prioritas,6.723716381418093,24.938875305623473,84.84107579462102,32.51833740831296,2.444987775061125,1,Kondisi relatif baik
18,1812,Lampung,Tulang Bawang Barat,Kabupaten,2023,83.59,6,6.72,2025,71256,11.7,1.7,86.6,590,1812,23.70820668693009,11.854402361042792,14.799832612637742,3.0547381394107354,18.12570563242386,3.0547381394107354,15.865060508471894,9.483282674772036,2.963600590260698,2.9599665225275484,0.4582107209116103,364,Q1 Rendah,Relatif tidak prioritas,15.647921760391197,35.69682151589242,71.88264058679707,45.72127139364303,11.246943765281173,1,Kondisi relatif baik
18,1813,Lampung,Pesisir Barat,Kabupaten,2023,76.32,6,12.13,2025,40039,16.2,3.6,80.2,455,1813,37.38601823708206,25.159862272503688,24.940716975868337,1.5851779529723793,30.861783833096958,1.5851779529723793,26.470292951078275,14.954407294832826,6.289965568125922,4.988143395173668,0.23777669294585688,207,Q2 Sedang,Perlu dipantau,41.19804400977995,73.59413202933986,38.2640586797066,22.00488997555012,49.63325183374083,1,Kondisi relatif baik
18,1871,Lampung,Bandar Lampung,Kota,2023,83.37,6,6.95,2025,308654,12.0,2.8,85.2,603,1871,24.620060790273556,12.420068863748156,15.106709443437015,14.230400411252772,18.793392259686897,14.230400411252772,18.10894348242178,9.848024316109424,3.105017215937039,3.0213418886874033,2.1345600616879157,336,Q1 Rendah,Relatif tidak prioritas,16.748166259168702,36.91931540342298,70.90464547677261,89.73105134474328,18.09290953545232,1,Kondisi relatif baik
18,1872,Lampung,Metro,Kota,2023,83.66,6,6.44,2025,69149,12.2,2.6,85.2,519,1872,25.22796352583586,11.165764879488442,14.702189984656167,2.955549770482728,18.61537014957375,2.955549770482728,16.2663970927101,10.091185410334345,2.7914412198721106,2.9404379969312338,0.4433324655724092,362,Q1 Rendah,Relatif tidak prioritas,17.84841075794621,32.640586797066014,72.12713936430319,44.00977995110024,11.7359413202934,1,Kondisi relatif baik
19,1901,Kepulauan Bangka Belitung,Bangka,Kabupaten,2023,81.31,6,4.71,2025,89818,17.8,3.4,78.8,583,1901,42.24924012158055,6.9109690113133295,17.980192495466596,3.928556128989131,26.145266824181025,3.928556128989131,22.812760219902238,16.89969604863222,1.7277422528283324,3.5960384990933196,0.5892834193483696,264,Q2 Sedang,Perlu dipantau,53.30073349633252,15.52567237163814,58.924205378973106,56.47921760391198,35.69682151589242,1,Kondisi relatif baik
19,1902,Kepulauan Bangka Belitung,Belitung,Kabupaten,2023,61.83,4,6.44,2025,40050,16.3,1.8,81.9,570,1902,37.68996960486323,11.165764879488442,45.15274096805692,1.5856957849886149,31.644679124033864,1.5856957849886149,27.13583162317708,15.075987841945292,2.7914412198721106,9.030548193611384,0.23785436774829222,191,Q3 Tinggi,Perlu ditingkatkan,41.80929095354523,32.640586797066014,12.469437652811736,22.249388753056234,53.54523227383863,1,Kondisi relatif baik
19,1903,Kepulauan Bangka Belitung,Bangka Selatan,Kabupaten,2023,82.94,6,4.17,2025,47339,19.6,5.0,75.5,533,1903,47.72036474164134,5.582882439744219,15.706514158181061,1.9288301092013571,27.79431686850447,1.9288301092013571,23.914493854609013,19.08814589665654,1.3957206099360548,3.1413028316362124,0.28932451638020357,251,Q2 Sedang,Perlu dipantau,65.15892420537898,9.290953545232274,66.50366748166259,27.383863080684595,38.87530562347188,1,Kondisi relatif baik
19,1904,Kepulauan Bangka Belitung,Bangka Tengah,Kabupaten,2023,58.62,3,6.7,2025,51345,17.6,3.6,78.8,511,1904,41.64133738601824,11.805213969503198,49.63035290835541,2.1174151143867386,34.74577532759315,2.1174151143867386,29.851521295612194,16.6565349544073,2.9513034923757995,9.926070581671084,0.3176122671580108,148,Q3 Tinggi,Perlu ditingkatkan,51.34474327628362,34.96332518337408,8.80195599022005,31.295843520782395,64.05867970660147,0,"Gizi buruk, kemiskinan tinggi, IKP rendah"
19,1905,Kepulauan Bangka Belitung,Bangka Barat,Kabupaten,2023,63.76,4,2.92,2025,50141,16.4,3.5,80.1,618,1905,37.993920972644375,2.508607968519429,42.460594225136006,2.060736046427877,28.60804614848801,2.060736046427877,24.62594963317899,15.19756838905775,0.6271519921298573,8.492118845027202,0.3091104069641815,234,Q2 Sedang,Perlu dipantau,42.665036674816626,2.444987775061125,13.93643031784841,30.80684596577017,43.03178484107579,1,Kondisi relatif baik
19,1906,Kepulauan Bangka Belitung,Belitung Timur,Kabupaten,2023,62.09,4,6.69,2025,27503,13.4,3.7,83.0,497,1906,28.87537993920973,11.7806197737334,44.790068349839586,0.9950377570153293,27.59214186951195,0.9950377570153293,23.60257625263746,11.550151975683892,2.94515494343335,8.958013669967917,0.14925566355229938,254,Q2 Sedang,Perlu dipantau,23.227383863080682,34.71882640586797,12.71393643031785,11.7359413202934,38.141809290953546,1,Kondisi relatif baik
19,1971,Kepulauan Bangka Belitung,Pangkal Pinang,Kota,2023,87.42,6,4.5,2025,61996,14.4,2.9,82.7,526,1971,31.914893617021278,6.394490900147565,9.457385967359466,2.618817733016169,19.124773370961524,2.618817733016169,16.648880025269722,12.765957446808512,1.5986227250368912,1.8914771934718932,0.3928226599524253,355,Q1 Rendah,Relatif tidak prioritas,28.973105134474324,13.691931540342297,89.73105134474328,39.85330073349633,13.447432762836186,1,Kondisi relatif baik
21,2102,Kepulauan Riau,Karimun,Kabupaten,2023,62.97,4,5.16,2025,61582,18.2,3.2,78.6,473,2102,43.46504559270517,8.017707820954255,43.5625610266425,2.5993284189505808,33.062302820763676,2.5993284189505808,28.492856660491714,17.386018237082066,2.004426955238564,8.7125122053285,0.3898992628425871,164,Q3 Tinggi,Perlu ditingkatkan,55.13447432762836,19.315403422982886,13.447432762836186,38.87530562347188,60.14669926650367,1,Kondisi relatif baik
21,2103,Kepulauan Riau,Natuna,Kabupaten,2023,59.15,3,4.81,2025,21821,15.5,3.0,81.5,494,2103,35.25835866261398,7.156910969011313,48.89105872506625,0.7275539828108016,30.200921120366672,0.7275539828108016,25.77991604973329,14.103343465045592,1.7892277422528282,9.778211745013252,0.10913309742162024,220,Q2 Sedang,Perlu dipantau,37.65281173594132,16.381418092909534,9.290953545232274,7.090464547677261,46.454767726161364,1,Kondisi relatif baik
21,2104,Kepulauan Riau,Lingga,Kabupaten,2023,52.41,3,9.12,2025,21600,14.7,5.1,80.2,565,2104,32.82674772036474,17.75700934579439,58.292648905007674,0.7171502668482531,34.3864484771718,0.7171502668482531,29.33605374562327,13.130699088145898,4.439252336448598,11.658529781001535,0.10757254002723797,151,Q3 Tinggi,Perlu ditingkatkan,31.05134474327628,52.32273838630807,5.378973105134474,6.845965770171149,63.325183374083124,0,"Gizi buruk, kemiskinan tinggi, IKP rendah"
21,2105,Kepulauan Riau,Kepulauan Anambas,Kabupaten,2023,55.72,3,6.35,2025,12190,13.2,2.6,84.2,537,2105,28.267477203647413,10.944417117560253,53.67554749616404,0.27416851477774884,29.150829011860985,0.27416851477774884,24.819329937298498,11.306990881458965,2.736104279390063,10.73510949923281,0.04112527721666232,229,Q2 Sedang,Perlu dipantau,22.249388753056234,31.05134474327628,7.090464547677261,2.93398533007335,44.25427872860636,1,Kondisi relatif baik
21,2171,Kepulauan Riau,Batam,Kota,2023,88.1,6,3.81,2025,347283,11.7,2.3,85.9,699,2171,23.70820668693009,4.6974913920314805,8.508857581252627,16.048885225358138,14.540502398859331,16.048885225358138,14.766759822834153,9.483282674772036,1.1743728480078701,1.7017715162505256,2.4073327838037204,376,Q1 Rendah,Relatif tidak prioritas,15.647921760391197,6.845965770171149,92.05378973105135,91.44254278728606,8.312958435207824,1,Kondisi relatif baik
21,2172,Kepulauan Riau,Tanjung Pinang,Kota,2023,77.75,6,5.96,2025,61451,10.2,2.7,87.0,570,2172,19.148936170212764,9.985243482538122,22.94601757567304,2.5931615103935948,17.34716335747558,2.5931615103935948,15.134063080413284,7.659574468085106,2.4963108706345305,4.589203515134608,0.3889742265590392,373,Q1 Rendah,Relatif tidak prioritas,10.268948655256724,25.305623471882637,44.743276283618584,38.63080684596577,9.04645476772616,1,Kondisi relatif baik
31,3101,DKI Jakarta,Kepulauan Seribu,Kabupaten,2023,56.63,3,12.37,2025,8007,14.8,2.1,83.1,475,3101,33.130699088145896,25.750122970978843,52.4061933324034,0.07725112169476062,35.495351817039705,0.07725112169476062,30.182636712737967,13.25227963525836,6.437530742744711,10.48123866648068,0.011587668254214091,145,Q3 Tinggi,Perlu ditingkatkan,31.90709046454768,75.06112469437653,7.579462102689487,0.4889975550122249,64.79217603911981,0,"Gizi buruk, kemiskinan tinggi, IKP rendah"
31,3171,DKI Jakarta,Jakarta Pusat,Kota,2023,91.0,6,4.7,2025,266287,16.8,3.5,79.7,541,3171,39.209726443769,6.886374815543532,4.463662993443995,12.235946862903033,21.52731397656739,12.235946862903033,20.133608909517736,15.6838905775076,1.721593703885883,0.8927325986887991,1.8353920294354549,306,Q2 Sedang,Perlu dipantau,45.965770171149146,15.158924205378973,97.31051344743277,86.06356968215158,25.4278728606357,1,Kondisi relatif baik
31,3172,DKI Jakarta,Jakarta Utara,Kota,2023,85.46,6,6.33,2025,305305,14.4,5.3,80.3,672,3172,31.914893617021278,10.895228726020658,12.191379550843928,14.072744100127998,21.091812398214657,14.072744100127998,20.03895215350166,12.765957446808512,2.7238071815051645,2.4382759101687856,2.1109116150191998,309,Q1 Rendah,Relatif tidak prioritas,28.973105134474324,30.80684596577017,81.2958435207824,89.24205378973105,24.69437652811736,1,Kondisi relatif baik
31,3173,DKI Jakarta,Jakarta Barat,Kota,2023,90.84,6,3.91,2025,518199,13.4,4.0,82.6,694,3173,28.87537993920973,4.943433349729464,4.686846143116197,24.09486494234882,16.145152402046467,24.09486494234882,17.33760928309182,11.550151975683892,1.235858337432366,0.9373692286232395,3.614229741352323,347,Q1 Rendah,Relatif tidak prioritas,23.227383863080682,7.823960880195599,97.06601466992664,96.57701711491443,15.403422982885084,1,Kondisi relatif baik
31,3174,DKI Jakarta,Jakarta Selatan,Kota,2023,88.64,6,3.23,2025,535439,12.3,2.6,85.1,516,3174,25.531914893617024,3.2710280373831773,7.75561445110895,24.90644893870328,14.801936302369874,24.90644893870328,16.317613197819885,10.21276595744681,0.8177570093457943,1.55112289022179,3.735967340805492,361,Q1 Rendah,Relatif tidak prioritas,18.581907090464547,3.7897310513447433,93.64303178484109,97.06601466992664,11.98044009779951,1,Kondisi relatif baik
31,3175,DKI Jakarta,Jakarta Timur,Kota,2023,90.21,6,3.94,2025,664184,13.0,3.4,83.6,703,3175,27.659574468085108,5.017215937038858,5.5656297949505,30.967201932360783,15.801482035863362,30.967201932360783,18.076340020337973,11.063829787234043,1.2543039842597146,1.1131259589901,4.645080289854118,337,Q1 Rendah,Relatif tidak prioritas,21.39364303178484,8.06845965770171,96.08801955990221,98.77750611246944,17.84841075794621,1,Kondisi relatif baik
32,3202,Jawa Barat,Sukabumi,Kabupaten,2023,77.65,6,6.41,2025,651474,16.0,4.5,79.5,718,3202,36.77811550151976,11.091982292179043,23.085507044218158,30.368870575419642,26.00158021470152,30.368870575419642,26.65667376880924,14.711246200607903,2.772995573044761,4.617101408843632,4.555330586312946,203,Q3 Tinggi,Perlu ditingkatkan,39.60880195599022,32.02933985330073,44.00977995110024,98.2885085574572,50.61124694376527,1,Kondisi relatif baik
32,3203,Jawa Barat,Cianjur,Kabupaten,2023,78.99,6,9.82,2025,656166,6.5,0.7,92.7,692,3203,7.902735562310031,19.478603049680274,21.216348165713505,30.58974946816298,14.440017200572683,30.58974946816298,16.862477040711227,3.1610942249240126,4.8696507624200684,4.243269633142702,4.588462420224447,351,Q1 Rendah,Relatif tidak prioritas,3.3007334963325183,56.47921760391198,49.1442542787286,98.53300733496333,14.425427872860636,1,Kondisi relatif baik
32,3204,Jawa Barat,Bandung,Kabupaten,2023,82.48,6,6.04,2025,912602,19.0,5.1,75.9,778,3204,45.89665653495441,10.181997048696507,16.348165713488626,42.66163773319506,28.439758845710134,42.66163773319506,30.57304067883287,18.358662613981764,2.545499262174127,3.2696331426977254,6.399245659979258,136,Q3 Tinggi,Perlu ditingkatkan,60.391198044009776,26.5281173594132,65.28117359413203,99.75550122249389,66.99266503667481,1,Kondisi relatif baik
32,3205,Jawa Barat,Garut,Kabupaten,2023,78.04,6,9.39,2025,759960,10.5,3.7,85.9,749,3205,20.060790273556233,18.421052631578945,22.541498116892168,35.47591822208497,20.162210459641955,35.47591822208497,22.459266624008407,8.024316109422493,4.605263157894736,4.508299623378433,5.321387733312745,270,Q2 Sedang,Perlu dipantau,10.635696821515893,54.034229828850854,46.21026894865526,99.02200488997555,34.229828850855746,1,Kondisi relatif baik
32,3206,Jawa Barat,Tasikmalaya,Kabupaten,2023,75.68,6,10.15,2025,438425,13.8,3.2,82.9,721,3206,30.091185410334347,20.29021151008362,25.83344957455712,20.339453009333685,26.206725831254197,20.339453009333685,25.326634907966124,12.03647416413374,5.072552877520905,5.166689914911425,3.0509179514000526,224,Q2 Sedang,Perlu dipantau,25.67237163814181,60.391198044009776,35.57457212713936,95.59902200488997,45.47677261613692,1,Kondisi relatif baik
32,3208,Jawa Barat,Kuningan,Kabupaten,2023,80.95,6,10.74,2025,291182,17.1,5.6,77.3,646,3208,40.121580547112465,21.74126906050172,18.482354582229043,13.407894866919525,29.624024000489676,13.407894866919525,27.191604630454155,16.048632218844986,5.43531726512543,3.6964709164458087,2.011184230037929,189,Q3 Tinggi,Perlu ditingkatkan,48.53300733496332,65.40342298288509,58.43520782396088,88.01955990220048,54.034229828850854,1,Kondisi relatif baik
32,3210,Jawa Barat,Majalengka,Kabupaten,2023,81.39,6,10.31,2025,296669,15.2,2.8,82.0,706,3210,34.346504559270514,20.683718642400393,17.868600920630495,13.666198891745335,26.45088431580518,13.666198891745335,24.533181502196204,13.738601823708207,5.170929660600098,3.573720184126099,2.0499298337618,236,Q2 Sedang,Perlu dipantau,35.33007334963325,61.36919315403423,59.90220048899756,88.75305623471883,42.54278728606357,1,Kondisi relatif baik
32,3211,Jawa Barat,Sumedang,Kabupaten,2023,84.88,6,8.81,2025,307691,15.1,1.9,82.9,697,3211,34.04255319148936,16.994589276930643,13.00041846840565,14.18506657201325,24.0773556347171,14.18506657201325,22.593512275311525,13.617021276595745,4.248647319232661,2.60008369368113,2.1277599858019873,268,Q2 Sedang,Perlu dipantau,34.229828850855746,51.34474327628362,77.99511002444987,89.48655256723717,34.71882640586797,1,Kondisi relatif baik
32,3212,Jawa Barat,Indramayu,Kabupaten,2023,84.52,6,11.02,2025,412528,7.2,2.6,90.2,708,3212,10.030395136778116,22.42990654205607,13.502580555168098,19.120335216201926,14.494295060304568,19.120335216201926,15.188201083689174,4.0121580547112465,5.6074766355140175,2.70051611103362,2.8680502824302887,371,Q1 Rendah,Relatif tidak prioritas,4.52322738386308,67.72616136919315,76.28361858190709,93.64303178484109,9.535452322738386,1,Kondisi relatif baik
32,3213,Jawa Barat,Subang,Kabupaten,2023,85.31,6,9.23,2025,360996,10.7,1.7,87.6,736,3213,20.668693009118538,18.027545499262175,12.400613753661604,16.694433447052383,17.946454504935623,16.694433447052383,17.758651346253135,8.267477203647415,4.506886374815544,2.480122750732321,2.5041650170578573,340,Q1 Rendah,Relatif tidak prioritas,11.7359413202934,53.30073349633252,79.70660146699267,92.42053789731052,17.114914425427873,1,Kondisi relatif baik
32,3214,Jawa Barat,Purwakarta,Kabupaten,2023,80.42,6,7.87,2025,252811,10.5,4.0,85.4,666,3214,20.060790273556233,14.682734874569602,19.221648765518207,11.60155556737677,18.281564213139454,11.60155556737677,17.27956291627505,8.024316109422493,3.6706837186424006,3.844329753103642,1.7402333351065156,349,Q1 Rendah,Relatif tidak prioritas,10.635696821515893,43.52078239608802,55.501222493887525,85.08557457212714,14.91442542787286,1,Kondisi relatif baik
32,3215,Jawa Barat,Karawang,Kabupaten,2023,88.48,6,7.08,2025,617805,14.4,3.2,82.4,730,3215,31.914893617021278,12.739793408755531,7.9787976007811405,28.783880924998623,20.643135669592496,28.783880924998623,21.864247457903417,12.765957446808512,3.184948352188883,1.5957595201562282,4.317582138749794,280,Q2 Sedang,Perlu dipantau,28.973105134474324,38.141809290953546,93.15403422982885,98.0440097799511,31.784841075794624,1,Kondisi relatif baik
32,3217,Jawa Barat,Bandung Barat,Kabupaten,2023,74.19,5,9.87,2025,419077,22.5,8.3,69.2,674,3217,56.53495440729483,19.60157402852926,27.911842655879493,19.428633568413378,38.93734564850135,19.428633568413378,36.011038836488154,22.613981762917934,4.900393507132315,5.582368531175899,2.9142950352620067,74,Q4 Sangat Tinggi,Sangat perlu ditingkatkan,83.37408312958435,56.723716381418086,31.90709046454768,94.37652811735941,82.15158924205379,1,Kondisi relatif baik
32,3218,Jawa Barat,Pangandaran,Kabupaten,2023,83.57,6,8.03,2025,87377,13.8,3.5,82.8,651,3218,30.091185410334347,15.07624200688637,14.827730506346782,3.8136444970227017,22.083624431911396,3.8136444970227017,19.343127441678092,12.03647416413374,3.7690605017215923,2.9655461012693567,0.5720466745534052,316,Q1 Rendah,Relatif tidak prioritas,25.67237163814181,44.86552567237164,71.5158924205379,55.012224938875306,22.982885085574573,1,Kondisi relatif baik
32,3271,Jawa Barat,Bogor,Kota,2023,83.78,6,5.89,2025,294431,18.1,3.0,78.8,669,3271,43.16109422492402,9.81308411214953,14.53480262240201,13.56084361426034,26.61725793233811,13.56084361426034,24.658795784626445,17.264437689969608,2.4532710280373826,2.906960524480402,2.034126542139051,233,Q2 Sedang,Perlu dipantau,54.76772616136919,24.69437652811736,73.59413202933986,88.26405867970661,43.27628361858191,1,Kondisi relatif baik
32,3273,Jawa Barat,Bandung,Kota,2023,90.46,6,3.78,2025,775617,18.9,3.9,77.2,690,3273,45.59270516717325,4.623708804722085,5.216906123587684,36.21298148373937,24.042812344432186,36.21298148373937,25.868337715328263,18.237082066869302,1.1559272011805213,1.043381224717537,5.431947222560905,216,Q2 Sedang,Perlu dipantau,59.65770171149144,6.234718826405868,96.57701711491443,99.26650366748166,47.43276283618582,1,Kondisi relatif baik
32,3274,Jawa Barat,Cirebon,Kota,2023,83.77,6,8.66,2025,112858,11.2,3.7,85.1,609,3274,22.188449848024312,16.625676340383666,14.548751569256535,5.013178824813192,18.754763927243467,5.013178824813192,16.69352616187893,8.875379939209726,4.156419085095917,2.909750313851307,0.7519768237219787,353,Q1 Rendah,Relatif tidak prioritas,13.93643031784841,49.1442542787286,73.34963325183375,64.30317848410758,13.93643031784841,1,Kondisi relatif baik
32,3275,Jawa Barat,Bekasi,Kota,2023,93.55,6,3.96,2025,571946,9.2,2.5,88.3,676,3275,16.10942249240121,5.0664043285784555,0.9066815455433197,26.625039249313048,9.284360456722073,26.625039249313048,11.88546227561072,6.443768996960485,1.2666010821446139,0.18133630910866394,3.993755887396957,395,Q1 Rendah,Relatif tidak prioritas,7.579462102689487,8.312958435207824,99.75550122249389,97.55501222493888,3.6674816625916873,1,Kondisi relatif baik
32,3276,Jawa Barat,Depok,Kota,2023,89.47,6,2.31,2025,497841,10.8,1.7,87.5,820,3276,20.972644376899698,1.0083620265617317,6.597851862184411,23.13649910721053,11.718492505690817,23.13649910721053,13.431193495918775,8.38905775075988,0.2520905066404329,1.3195703724368824,3.470474866081579,389,Q1 Rendah,Relatif tidak prioritas,12.224938875305623,0.7334963325183375,95.11002444987776,96.33251833740832,5.134474327628362,1,Kondisi relatif baik
32,3277,Jawa Barat,Cimahi,Kota,2023,87.17,6,4.2,2025,142679,18.6,3.7,77.7,652,3277,44.68085106382979,5.656665027053616,9.806109638722283,6.417021420827486,24.997327776517384,6.417021420827486,22.210281823163903,17.872340425531917,1.414166256763404,1.9612219277444567,0.9625532131241228,273,Q2 Sedang,Perlu dipantau,58.06845965770171,9.902200488997554,87.53056234718827,71.39364303178483,33.496332518337404,1,Kondisi relatif baik
32,3278,Jawa Barat,Tasikmalaya,Kota,2023,72.71,6,10.84,2025,201668,17.2,2.4,80.4,677,3278,40.42553191489361,21.9872110181997,29.976286790347338,9.193966221346825,32.543850445384514,9.193966221346825,29.04136781177886,16.170212765957444,5.496802754549925,5.995257358069468,1.3790949332020237,154,Q3 Tinggi,Perlu ditingkatkan,49.1442542787286,66.13691931540342,27.87286063569682,79.70660146699267,62.59168704156479,1,Kondisi relatif baik
32,3279,Jawa Barat,Banjar,Kota,2023,79.55,6,5.73,2025,53104,16.3,2.5,81.1,582,3279,37.68996960486323,9.41957697983276,20.4352071418608,2.2002211613465703,25.3152041356184,2.2002211613465703,21.847956689477627,15.075987841945292,2.35489424495819,4.08704142837216,0.3300331742019855,281,Q2 Sedang,Perlu dipantau,41.80929095354523,22.493887530562347,51.34474327628362,32.27383863080684,31.54034229828851,1,Kondisi relatif baik
33,3301,Jawa Tengah,Cilacap,Kabupaten,2023,84.13,6,9.41,2025,392939,13.4,2.2,84.4,805,3301,28.87537993920973,18.470241023118543,14.046589482494088,18.198170546562277,22.32591779760276,18.198170546562277,21.706755709946687,11.550151975683892,4.617560255779636,2.809317896498818,2.7297255819843413,284,Q2 Sedang,Perlu dipantau,23.227383863080682,54.278728606356964,74.57212713936431,93.39853300733496,30.80684596577017,1,Kondisi relatif baik
33,3302,Jawa Tengah,Banyumas,Kabupaten,2023,79.81,6,11.15,2025,417766,16.9,2.7,80.4,810,3302,39.513677811550146,22.749631087063452,20.07253452364347,19.36691740720568,30.0086891777819,19.36691740720568,28.412423412195466,15.805471124620059,5.687407771765863,4.014506904728694,2.905037611080852,166,Q3 Tinggi,Perlu ditingkatkan,47.18826405867971,68.58190709046454,52.32273838630807,94.13202933985329,59.65770171149144,1,Kondisi relatif baik
33,3303,Jawa Tengah,Purbalingga,Kabupaten,2023,78.05,6,12.55,2025,208580,19.5,2.8,77.6,743,3303,47.41641337386018,26.19281849483522,22.527549170037673,9.519353030094042,35.31797624383577,9.519353030094042,31.44818276177452,18.966565349544073,6.548204623708805,4.505509834007535,1.4279029545141062,124,Q3 Tinggi,Perlu ditingkatkan,64.54767726161369,75.79462102689487,46.454767726161364,80.68459657701712,69.92665036674816,1,Kondisi relatif baik
33,3304,Jawa Tengah,Banjarnegara,Kabupaten,2023,80.28,6,13.28,2025,213991,17.7,2.9,79.4,729,3304,41.94528875379939,27.98819478603049,19.41693402148138,9.774079306444044,32.53947176743959,9.774079306444044,29.12466289829026,16.778115501519757,6.997048696507623,3.8833868042962765,1.4661118959666066,153,Q3 Tinggi,Perlu ditingkatkan,52.20048899755502,79.46210268948656,54.76772616136919,81.17359413202934,62.8361858190709,1,Kondisi relatif baik
33,3305,Jawa Tengah,Kebumen,Kabupaten,2023,80.34,6,13.58,2025,284773,15.8,2.2,82.0,751,3305,36.17021276595745,28.726020659124448,19.33324034035431,13.106187104005617,30.019103928511708,13.106187104005617,27.482166404835798,14.468085106382981,7.181505164781112,3.866648068070862,1.9659280656008424,186,Q3 Tinggi,Perlu ditingkatkan,38.87530562347188,81.17359413202934,55.256723716381416,87.53056234718827,54.76772616136919,1,Kondisi relatif baik
33,3306,Jawa Tengah,Purworejo,Kabupaten,2023,84.74,6,10.06,2025,154164,12.5,2.4,85.1,687,3306,26.13981762917933,20.068863748155433,13.195703724368823,6.957685121415132,21.308569098334534,6.957685121415132,19.155936501796624,10.455927051671733,5.017215937038858,2.6391407448737647,1.0436527682122698,317,Q1 Rendah,Relatif tidak prioritas,20.293398533007334,58.557457212713935,77.50611246943765,73.59413202933986,22.73838630806846,1,Kondisi relatif baik
33,3309,Jawa Tengah,Boyolali,Kabupaten,2023,87.31,6,8.71,2025,225994,20.9,3.6,75.5,750,3309,51.671732522796354,16.74864731923266,9.610824382759098,10.339128187432593,31.50355260644532,10.339128187432593,28.328888943593412,20.66869300911854,4.187161829808165,1.9221648765518198,1.5508692281148888,168,Q3 Tinggi,Perlu ditingkatkan,72.6161369193154,49.75550122249388,88.99755501222494,81.90709046454768,59.168704156479215,1,Kondisi relatif baik
33,3310,Jawa Tengah,Klaten,Kabupaten,2023,85.5,6,11.0,2025,253521,18.0,2.8,79.2,766,3310,42.85714285714286,22.380718150516476,12.135583763425862,11.634979270242878,29.606062862554634,11.634979270242878,26.91040032370787,17.142857142857146,5.595179537629119,2.4271167526851727,1.7452468905364318,199,Q3 Tinggi,Perlu ditingkatkan,54.278728606356964,67.48166259168704,81.66259168704157,85.33007334963325,51.58924205378973,1,Kondisi relatif baik
33,3311,Jawa Tengah,Sukoharjo,Kabupaten,2023,91.02,6,6.83,2025,230956,14.6,2.2,83.3,690,3311,32.52279635258359,12.124938514510573,4.4357650997349785,10.572717502392619,19.91471316424479,10.572717502392619,18.51341381496697,13.009118541033438,3.0312346286276433,0.8871530199469957,1.5859076253588928,329,Q1 Rendah,Relatif tidak prioritas,30.195599022004888,36.3080684596577,97.55501222493888,83.12958435207824,19.80440097799511,1,Kondisi relatif baik
33,3312,Jawa Tengah,Wonogiri,Kabupaten,2023,87.79,6,9.59,2025,173677,12.7,2.4,84.9,694,3312,26.74772036474164,18.912936546974912,8.941274933742493,7.876272042578973,20.253620316928092,7.876272042578973,18.39701807577573,10.699088145896656,4.728234136743728,1.7882549867484987,1.181440806386846,333,Q1 Rendah,Relatif tidak prioritas,20.78239608801956,54.88997555012225,91.44254278728606,76.28361858190709,18.82640586797066,1,Kondisi relatif baik
33,3314,Jawa Tengah,Sragen,Kabupaten,2023,88.17,6,11.22,2025,206922,13.8,2.0,84.2,717,3314,30.091185410334347,22.92179045745204,8.41121495327103,9.44130162255601,22.881370316648184,9.44130162255601,20.86536001253436,12.03647416413374,5.73044761436301,1.682242990654206,1.4161952433834013,295,Q2 Sedang,Perlu dipantau,25.67237163814181,69.31540342298288,92.42053789731052,80.440097799511,28.117359413202937,1,Kondisi relatif baik
33,3315,Jawa Tengah,Grobogan,Kabupaten,2023,87.18,6,10.63,2025,300653,20.8,4.8,74.4,769,3315,51.3677811550152,21.47073290703394,9.792160691867757,13.853748232898244,32.79203273780955,13.853748232898244,29.95129006207286,20.547112462006083,5.367683226758485,1.9584321383735515,2.0780622349347366,146,Q3 Tinggi,Perlu ditingkatkan,72.24938875305624,64.54767726161369,87.77506112469437,88.99755501222494,64.54767726161369,1,Kondisi relatif baik
33,3316,Jawa Tengah,Blora,Kabupaten,2023,86.94,6,10.58,2025,182307,18.6,3.1,78.3,583,3316,44.68085106382979,21.347761928184948,10.126935416376071,8.2825347971346,29.68784469512161,8.2825347971346,26.477048210423558,17.872340425531917,5.336940482046237,2.025387083275214,1.24238021957019,206,Q2 Sedang,Perlu dipantau,58.06845965770171,64.05867970660147,87.04156479217605,78.239608801956,49.877750611246945,1,Kondisi relatif baik
33,3317,Jawa Tengah,Rembang,Kabupaten,2023,84.45,6,13.01,2025,153151,13.1,2.7,84.1,644,3317,27.96352583586626,27.324151500245936,13.600223183149673,6.909997500283631,24.395873936515205,6.909997500283631,21.77299247108047,11.185410334346505,6.831037875061484,2.7200446366299347,1.0364996250425447,283,Q2 Sedang,Perlu dipantau,21.76039119804401,78.239608801956,76.03911980440098,73.34963325183375,31.05134474327628,1,Kondisi relatif baik
33,3318,Jawa Tengah,Pati,Kabupaten,2023,89.27,6,8.24,2025,283556,14.1,2.4,83.5,748,3318,31.00303951367781,15.592720118052139,6.87683079927467,13.048896052754843,20.793837640987164,13.048896052754843,19.63209640275232,12.401215805471125,3.8981800295130347,1.375366159854934,1.9573344079132264,312,Q1 Rendah,Relatif tidak prioritas,27.383863080684595,46.454767726161364,94.62102689486552,87.28606356968214,23.96088019559902,1,Kondisi relatif baik
33,3321,Jawa Tengah,Demak,Kabupaten,2023,89.03,6,10.87,2025,279513,8.9,1.1,90.0,675,3321,15.19756838905775,22.060993605509093,7.211605523782961,12.858569248969395,15.337172778537607,12.858569248969395,14.965382249102376,6.079027355623101,5.515248401377273,1.4423211047565923,1.9287853873454093,374,Q1 Rendah,Relatif tidak prioritas,6.723716381418093,66.50366748166259,94.37652811735941,86.79706601466992,8.80195599022005,1,Kondisi relatif baik
33,3323,Jawa Tengah,Temanggung,Kabupaten,2023,77.84,6,7.78,2025,166270,22.0,5.3,72.7,705,3323,55.01519756838906,14.461387112641416,22.820477053982422,7.527582793101159,35.51237790154407,7.527582793101159,31.314658635277638,22.006079027355625,3.615346778160354,4.564095410796485,1.1291374189651737,127,Q3 Tinggi,Perlu ditingkatkan,78.36185819070904,42.78728606356968,45.47677261613692,75.30562347188264,69.19315403422983,1,Kondisi relatif baik
33,3324,Jawa Tengah,Kendal,Kabupaten,2023,85.58,6,8.4,2025,233483,16.0,3.2,80.8,761,3324,36.77811550151976,15.986227250368913,12.023992188589771,10.691677639213253,24.83835464813892,10.691677639213253,22.716353096800074,14.711246200607903,3.996556812592228,2.4047984377179543,1.603751645881988,265,Q2 Sedang,Perlu dipantau,39.60880195599022,47.92176039119804,82.64058679706602,83.61858190709046,35.45232273838631,1,Kondisi relatif baik
33,3325,Jawa Tengah,Batang,Kabupaten,2023,83.15,6,7.79,2025,180320,16.8,3.9,79.3,688,3325,39.209726443769,14.485981308411214,15.413586274236291,8.188995504747343,26.3389448934796,8.188995504747343,23.616452485169766,15.6838905775076,3.6214953271028034,3.0827172548472586,1.2283493257121014,253,Q2 Sedang,Perlu dipantau,45.965770171149146,43.03178484107579,69.43765281173594,77.75061124694376,38.386308068459655,1,Kondisi relatif baik
33,3326,Jawa Tengah,Pekalongan,Kabupaten,2023,81.81,6,8.05,2025,230250,16.5,3.0,80.5,682,3326,38.297872340425535,15.125430398425971,17.282745152740976,10.539482102077871,26.537712430970473,10.539482102077871,24.137977881636587,15.319148936170215,3.7813575996064928,3.4565490305481954,1.5809223153116807,246,Q2 Sedang,Perlu dipantau,43.64303178484107,45.2322738386308,62.59168704156479,82.88508557457213,40.09779951100245,1,Kondisi relatif baik
33,3327,Jawa Tengah,Pemalang,Kabupaten,2023,80.84,6,13.32,2025,310111,15.4,3.7,80.9,750,3327,34.954407294832826,28.086571569109687,18.635792997628677,14.298989615585048,29.094781658513277,14.298989615585048,26.875412852074046,13.981762917933132,7.021642892277422,3.7271585995257355,2.144848442337757,201,Q3 Tinggi,Perlu ditingkatkan,37.163814180929094,79.70660146699267,57.57946210268948,89.97555012224939,51.1002444987775,1,Kondisi relatif baik
33,3328,Jawa Tengah,Tegal,Kabupaten,2023,82.84,6,6.16,2025,353246,12.5,3.4,84.1,698,3328,26.13981762917933,10.477127397934085,15.84600362672618,16.32959725379559,19.111070148824105,16.32959725379559,18.69384921456983,10.455927051671733,2.6192818494835213,3.1692007253452363,2.4494395880693385,326,Q1 Rendah,Relatif tidak prioritas,20.293398533007334,28.973105134474324,65.77017114914425,91.93154034229829,20.537897310513447,1,Kondisi relatif baik
33,3329,Jawa Tengah,Brebes,Kabupaten,2023,77.21,6,14.15,2025,412610,20.1,3.0,76.9,671,3329,49.240121580547125,30.127889818002952,23.699260705816727,19.124195418504776,37.609262621038745,19.124195418504776,34.83650254065865,19.69604863221885,7.531972454500738,4.739852141163346,2.8686293127757163,82,Q4 Sangat Tinggi,Sangat perlu ditingkatkan,67.23716381418093,83.74083129584352,42.298288508557455,93.8875305623472,80.1955990220049,1,Kondisi relatif baik
33,3371,Jawa Tengah,Magelang,Kota,2023,91.18,6,5.68,2025,57983,12.5,2.8,84.8,513,3371,26.13981762917933,9.296606000983767,4.212581950062766,2.4299031983659103,16.026582284623796,2.4299031983659103,13.987080421685114,10.455927051671733,2.3241515002459416,0.8425163900125533,0.36448547975488654,381,Q1 Rendah,Relatif tidak prioritas,20.293398533007334,22.249388753056234,97.79951100244499,36.18581907090464,7.090464547677261,1,Kondisi relatif baik
33,3372,Jawa Tengah,Surakarta,Kota,2023,85.8,6,7.69,2025,244479,12.1,4.1,83.9,586,3372,24.92401215805471,14.240039350713232,11.717115357790497,11.20932135289734,18.674162085245047,11.20932135289734,17.55443597539289,9.969604863221884,3.560009837678308,2.3434230715580995,1.681398202934601,343,Q1 Rendah,Relatif tidak prioritas,17.237163814180928,42.42053789731051,83.86308068459658,84.3520782396088,16.381418092909534,1,Kondisi relatif baik
33,3373,Jawa Tengah,Salatiga,Kota,2023,94.2,6,4.2,2025,69626,12.1,1.9,86.0,485,3373,24.92401215805471,5.656665027053616,0.0,2.9780048497322102,13.392671905865043,2.9780048497322102,11.830471847445118,9.969604863221884,1.414166256763404,0.0,0.4467007274598315,397,Q1 Rendah,Relatif tidak prioritas,17.237163814180928,9.902200488997554,100.0,44.49877750611247,3.1784841075794623,1,Kondisi relatif baik
33,3374,Jawa Tengah,Semarang,Kota,2023,91.31,6,3.8,2025,527516,10.6,0.6,88.8,740,3374,20.364741641337385,4.672897196261681,4.031245640954106,24.533468660100244,11.906317745636702,24.533468660100244,13.800390382806231,8.145896656534955,1.1682242990654204,0.8062491281908213,3.6800202990150366,383,Q1 Rendah,Relatif tidak prioritas,11.246943765281173,6.601466992665037,98.0440097799511,96.82151589242054,6.601466992665037,1,Kondisi relatif baik
33,3375,Jawa Tengah,Pekalongan,Kota,2023,78.94,6,6.14,2025,81457,16.9,2.4,80.7,651,3375,39.513677811550146,10.42793900639449,21.286092899986066,3.5349567210123523,26.670205242606933,3.5349567210123523,23.19991796436775,15.805471124620059,2.6069847515986226,4.257218579997214,0.5302435081518528,260,Q2 Sedang,Perlu dipantau,47.18826405867971,28.484107579462105,48.899755501222494,53.30073349633252,36.674816625916876,1,Kondisi relatif baik
33,3376,Jawa Tengah,Tegal,Kota,2023,86.0,6,7.28,2025,72097,15.3,2.7,82.0,634,3376,34.650455927051674,13.2316773241515,11.43813642070024,3.094328750833827,22.889092924704222,3.094328750833827,19.91987829862367,13.86018237082067,3.307919331037875,2.287627284140048,0.46414931262507403,310,Q1 Rendah,Relatif tidak prioritas,36.552567237163814,40.09779951100245,84.3520782396088,46.69926650366748,24.449877750611247,1,Kondisi relatif baik
34,3401,DI Yogyakarta,Kulon Progo,Kabupaten,2023,85.54,6,14.53,2025,89491,14.8,3.2,82.0,640,3401,33.130699088145896,31.06246925725528,12.079787976007806,3.9131623954155863,27.56924064091028,3.9131623954155863,24.02082890408608,13.25227963525836,7.76561731431382,2.4159575952015615,0.5869743593123379,249,Q2 Sedang,Perlu dipantau,31.90709046454768,84.59657701711491,82.15158924205379,56.234718826405874,39.36430317848411,1,Kondisi relatif baik
34,3402,DI Yogyakarta,Bantul,Kabupaten,2023,82.07,6,11.54,2025,239985,14.9,1.6,83.5,686,3402,33.43465045592705,23.70880472208558,16.920072534523655,10.997763436446242,26.688324552702287,10.997763436446242,24.334740385263878,13.37386018237082,5.927201180521395,3.384014506904731,1.6496645154669363,243,Q2 Sedang,Perlu dipantau,32.88508557457212,71.14914425427872,63.81418092909536,83.86308068459658,40.831295843520785,1,Kondisi relatif baik
34,3403,DI Yogyakarta,Gunung Kidul,Kabupaten,2023,81.98,6,14.15,2025,141594,16.3,3.4,80.3,708,3403,37.68996960486323,30.127889818002952,17.045613056214258,6.3659443537715354,30.60833283257515,6.3659443537715354,26.97197456075461,15.075987841945292,7.531972454500738,3.409122611242852,0.9548916530657303,197,Q3 Tinggi,Perlu ditingkatkan,41.80929095354523,83.74083129584352,63.325183374083124,71.14914425427872,52.07823960880196,1,Kondisi relatif baik
34,3404,DI Yogyakarta,Sleman,Kabupaten,2023,83.16,6,6.71,2025,425304,13.9,3.4,82.7,581,3404,30.3951367781155,11.829808165272995,15.399637327381788,19.72177356524048,21.406393197695067,19.72177356524048,21.15370025282688,12.158054711246201,2.957452041318249,3.0799274654763575,2.958266034786072,293,Q2 Sedang,Perlu dipantau,26.65036674816626,35.2078239608802,69.68215158924205,94.62102689486552,28.606356968215156,1,Kondisi relatif baik
34,3471,DI Yogyakarta,Yogyakarta,Kota,2023,83.11,6,6.14,2025,148446,12.9,1.9,85.1,488,3471,27.355623100303955,10.42793900639449,15.469382061654347,6.688506624248379,19.58012988711891,6.688506624248379,17.64638639768833,10.942249240121583,2.6069847515986226,3.0938764123308697,1.0032759936372568,341,Q1 Rendah,Relatif tidak prioritas,21.026894865525673,28.484107579462105,68.33740831295843,72.6161369193154,16.87041564792176,1,Kondisi relatif baik
35,3501,Jawa Timur,Pacitan,Kabupaten,2023,80.78,6,12.97,2025,104554,10.6,1.1,88.2,583,3501,20.364741641337385,27.225774717166747,18.719486678755757,4.62226272819327,21.99557373126799,4.62226272819327,19.38957708080678,8.145896656534955,6.806443679291687,3.743897335751152,0.6933394092289905,313,Q1 Rendah,Relatif tidak prioritas,11.246943765281173,77.99511002444987,57.21271393643031,62.59168704156479,23.71638141809291,1,Kondisi relatif baik
35,3503,Jawa Timur,Trenggalek,Kabupaten,2023,81.9,6,10.29,2025,132784,5.7,1.0,93.2,580,3503,5.471124620060791,20.63453025086079,17.157204631050348,5.951207984404783,12.68061569052892,5.951207984404783,11.6712045346103,2.1884498480243164,5.158632562715198,3.43144092621007,0.8926811976607174,398,Q1 Rendah,Relatif tidak prioritas,1.7114914425427872,60.880195599022,62.8361858190709,68.21515892420538,2.93398533007335,1,Kondisi relatif baik
35,3504,Jawa Timur,Tulungagung,Kabupaten,2023,85.23,6,5.96,2025,226898,11.5,2.2,86.4,746,3504,23.10030395136778,9.985243482538122,12.512205328497695,10.38168456403958,16.751615902213153,10.38168456403958,15.79612620148712,9.240121580547113,2.4963108706345305,2.5024410656995393,1.557252684605937,365,Q1 Rendah,Relatif tidak prioritas,14.66992665036675,25.305623471882637,78.72860635696821,82.3960880195599,11.00244498777506,1,Kondisi relatif baik
35,3505,Jawa Timur,Blitar,Kabupaten,2023,86.27,6,7.57,2025,224852,16.1,1.7,82.2,672,3505,37.08206686930092,13.94490900147565,11.061514855628406,10.285367809019787,24.15453761084113,10.285367809019787,22.07416214056793,14.832826747720368,3.4862272503689127,2.2123029711256814,1.542805171352968,275,Q2 Sedang,Perlu dipantau,40.58679706601467,41.442542787286065,85.08557457212714,81.66259168704157,33.007334963325185,1,Kondisi relatif baik
35,3506,Jawa Timur,Kediri,Kabupaten,2023,78.22,6,9.81,2025,350313,6.9,1.0,92.2,736,3506,9.118541033434651,19.454008853910477,22.29041707351096,16.191524408012086,15.257649460651377,16.191524408012086,15.397730702755485,3.6474164133738607,4.863502213477619,4.458083414702192,2.428728661201813,368,Q1 Rendah,Relatif tidak prioritas,4.156479217603912,56.234718826405874,46.9437652811736,91.68704156479217,10.268948655256724,1,Kondisi relatif baik
35,3507,Jawa Timur,Malang,Kabupaten,2023,79.97,6,8.78,2025,568286,19.0,4.3,76.7,801,3507,45.89665653495441,16.920806689621244,19.84935137397127,26.452742414820165,31.245570071978033,26.452742414820165,30.526645923404352,18.358662613981764,4.230201672405311,3.9698702747942543,3.9679113622230244,139,Q3 Tinggi,Perlu ditingkatkan,60.391198044009776,50.8557457212714,53.54523227383863,97.31051344743277,66.25916870415648,1,Kondisi relatif baik
35,3508,Jawa Timur,Lumajang,Kabupaten,2023,79.42,6,8.6,2025,226606,19.1,4.3,76.6,576,3508,46.20060790273557,16.478111165764876,20.61654345096945,10.36793847779042,31.438917226740394,10.36793847779042,28.278270414397902,18.48024316109423,4.119527791441219,4.12330869019389,1.555190771668563,169,Q3 Tinggi,Perlu ditingkatkan,61.7359413202934,48.899755501222494,50.8557457212714,82.15158924205379,58.924205378973106,1,Kondisi relatif baik
35,3509,Jawa Timur,Jember,Kabupaten,2023,77.43,6,8.67,2025,579117,23.5,6.9,69.7,610,3509,59.57446808510639,16.650270536153467,23.39238387501743,26.962618648260722,38.43627252127577,26.962618648260722,36.71522444032352,23.829787234042556,4.162567634038367,4.678476775003486,4.044392797239108,69,Q4 Sangat Tinggi,Sangat perlu ditingkatkan,87.1638141809291,49.38875305623472,43.27628361858191,97.79951100244499,83.37408312958435,1,Kondisi relatif baik
35,3510,Jawa Timur,Banyuwangi,Kabupaten,2023,84.91,6,6.13,2025,373871,14.4,3.2,82.4,692,3510,31.914893617021278,10.403344810624693,12.958571627842108,17.300532284237054,21.127656441215418,17.300532284237054,20.553587817668664,12.765957446808512,2.6008362026561733,2.5917143255684216,2.595079842635558,300,Q2 Sedang,Perlu dipantau,28.973105134474324,28.117359413202937,78.239608801956,92.66503667481662,26.894865525672373,1,Kondisi relatif baik
35,3511,Jawa Timur,Bondowoso,Kabupaten,2023,75.5,5,12.2,2025,167681,7.7,3.5,88.9,560,3511,11.550151975683892,25.332021642892272,26.084530617938352,7.594006518092815,19.023496852452112,7.594006518092815,17.30907330229822,4.620060790273557,6.333005410723068,5.216906123587671,1.1391009777139223,348,Q1 Rendah,Relatif tidak prioritas,4.88997555012225,74.44987775061125,35.2078239608802,75.55012224938875,15.158924205378973,1,Kondisi relatif baik
35,3512,Jawa Timur,Situbondo,Kabupaten,2023,76.64,6,11.17,2025,156027,8.1,2.5,89.4,614,3512,12.76595744680851,22.798819478603047,24.494350676523922,7.045387034710281,18.476421157269353,7.045387034710281,16.761766038885494,5.1063829787234045,5.699704869650762,4.898870135304785,1.056808055206542,352,Q1 Rendah,Relatif tidak prioritas,5.378973105134474,68.94865525672371,39.60880195599022,74.08312958435208,14.180929095354522,1,Kondisi relatif baik
35,3514,Jawa Timur,Pasuruan,Kabupaten,2023,79.87,6,8.21,2025,379289,20.3,5.8,73.9,719,3514,49.84802431610943,15.518937530742743,19.988840842516385,17.55558809005193,32.725543856038506,17.55558809005193,30.45005049114053,19.939209726443774,3.879734382685686,3.9977681685032773,2.6333382135077894,141,Q3 Tinggi,Perlu ditingkatkan,68.45965770171149,46.21026894865526,52.68948655256723,92.90953545232273,65.77017114914425,1,Kondisi relatif baik
35,3516,Jawa Timur,Mojokerto,Kabupaten,2023,86.7,6,8.79,2025,259471,12.2,3.0,84.7,692,3516,25.22796352583586,16.94540088539104,10.461710140884362,11.915079315388414,19.317503129245853,11.915079315388414,18.207139557167242,10.091185410334345,4.23635022134776,2.0923420281768723,1.7872618973082621,335,Q1 Rendah,Relatif tidak prioritas,17.84841075794621,51.1002444987775,86.55256723716381,85.81907090464547,18.337408312958438,1,Kondisi relatif baik
35,3517,Jawa Timur,Jombang,Kabupaten,2023,83.99,6,8.36,2025,341423,15.0,2.2,82.7,698,3517,33.73860182370821,15.887850467289717,14.24187473845726,15.773021987618167,23.90091563999666,15.773021987618167,22.681731592139894,13.495440729483285,3.971962616822429,2.848374947691452,2.365953298142725,266,Q2 Sedang,Perlu dipantau,33.618581907090466,47.43276283618582,74.08312958435208,90.95354523227384,35.2078239608802,1,Kondisi relatif baik
35,3518,Jawa Timur,Nganjuk,Kabupaten,2023,83.68,6,10.06,2025,230064,18.3,4.5,77.2,718,3518,43.76899696048632,20.068863748155433,14.674292090947127,10.530726033439707,29.95255663461507,10.530726033439707,27.039282044438767,17.507598784194528,5.017215937038858,2.9348584181894255,1.579608905015956,195,Q3 Tinggi,Perlu ditingkatkan,56.11246943765281,58.557457212713935,72.37163814180929,82.64058679706602,52.567237163814184,1,Kondisi relatif baik
35,3519,Jawa Timur,Madiun,Kabupaten,2023,85.32,6,10.4,2025,125555,9.1,3.0,87.9,691,3519,15.80547112462006,20.905066404328576,12.3866648068071,5.610898198462415,16.50092707328422,5.610898198462415,14.86742274206095,6.322188449848024,5.226266601082144,2.4773329613614203,0.8416347297693623,375,Q1 Rendah,Relatif tidak prioritas,7.334963325183375,62.34718826405869,79.95110024449878,66.99266503667481,8.557457212713937,1,Kondisi relatif baik
35,3520,Jawa Timur,Magetan,Kabupaten,2023,86.83,6,9.14,2025,132799,8.8,1.5,89.6,587,3520,14.893617021276597,17.80619773733399,10.280373831775702,5.951914118972376,14.664789422587384,5.951914118972376,13.357858127045132,5.957446808510639,4.451549434333497,2.0560747663551404,0.8927871178458564,390,Q1 Rendah,Relatif tidak prioritas,6.234718826405868,52.81173594132029,86.79706601466992,68.45965770171149,4.88997555012225,1,Kondisi relatif baik
35,3521,Jawa Timur,Ngawi,Kabupaten,2023,84.98,6,13.62,2025,159487,10.0,1.4,88.6,620,3521,18.541033434650455,28.824397442203637,12.86092899986051,7.208268741635247,20.229057099274343,7.208268741635247,18.27593884562848,7.416413373860182,7.206099360550909,2.572185799972102,1.081240311245287,334,Q1 Rendah,Relatif tidak prioritas,9.535452322738386,81.41809290953546,78.4841075794621,74.81662591687042,18.581907090464547,1,Kondisi relatif baik
35,3522,Jawa Timur,Bojonegoro,Kabupaten,2023,85.4,6,11.49,2025,282513,9.7,2.3,88.0,635,3522,17.629179331306986,23.585833743236595,12.275073231970978,12.999796162488156,18.12134684085428,12.999796162488156,17.353114239099362,7.051671732522795,5.896458435809149,2.4550146463941958,1.9499694243732233,346,Q1 Rendah,Relatif tidak prioritas,8.80195599022005,70.78239608801957,80.92909535452323,87.04156479217605,15.647921760391197,1,Kondisi relatif baik
35,3523,Jawa Timur,Tuban,Kabupaten,2023,84.41,6,14.13,2025,252225,9.4,1.9,88.7,700,3523,16.717325227963524,30.078701426463354,13.656018970567729,11.573969243602773,19.926834402252698,11.573969243602773,18.67390462845521,6.68693009118541,7.5196753566158385,2.731203794113546,1.736095386540416,327,Q1 Rendah,Relatif tidak prioritas,8.190709046454767,83.37408312958435,75.79462102689487,84.84107579462102,20.293398533007334,1,Kondisi relatif baik
35,3524,Jawa Timur,Lamongan,Kabupaten,2023,87.28,6,12.03,2025,285963,6.7,0.2,93.1,702,3524,8.510638297872342,24.9139203148057,9.65267122332264,13.162207113034727,13.603846638252811,13.162207113034727,13.5376007094701,3.404255319148937,6.228480078701425,1.9305342446645282,1.974331066955209,386,Q1 Rendah,Relatif tidak prioritas,3.6674816625916873,73.10513447432763,88.75305623471883,87.77506112469437,5.8679706601467,1,Kondisi relatif baik
35,3525,Jawa Timur,Gresik,Kabupaten,2023,90.39,6,9.95,2025,321633,12.4,2.8,84.9,757,3525,25.835866261398177,19.79832759468765,5.314548751569259,14.841395114772759,19.231574298288276,14.841395114772759,18.57304742076095,10.33434650455927,4.949581898671912,1.0629097503138518,2.2262092672159137,328,Q1 Rendah,Relatif tidak prioritas,19.43765281173594,57.457212713936435,96.33251833740832,90.2200488997555,20.048899755501225,1,Kondisi relatif baik
35,3526,Jawa Timur,Bangkalan,Kabupaten,2023,73.23,5,18.25,2025,268286,16.0,1.6,82.3,685,3526,36.77811550151976,40.21151008362027,29.25094155391268,12.330051062944365,36.01683768505353,12.330051062944365,32.46381969173716,14.711246200607903,10.052877520905067,5.850188310782536,1.8495076594416546,105,Q3 Tinggi,Perlu ditingkatkan,39.60880195599022,91.68704156479217,29.3398533007335,86.3080684596577,74.57212713936431,0,"Gizi buruk, kemiskinan tinggi, IKP rendah"
35,3527,Jawa Timur,Sampang,Kabupaten,2023,77.08,6,20.61,2025,245563,15.5,3.4,81.1,688,3527,35.25835866261398,46.015740285292665,23.880597014925375,11.26035134431545,35.74517404629863,11.26035134431545,32.072450641001154,14.103343465045592,11.503935071323166,4.776119402985075,1.6890527016473176,114,Q3 Tinggi,Perlu ditingkatkan,37.65281173594132,93.39853300733496,42.053789731051346,84.59657701711491,72.37163814180929,0,"Gizi buruk, kemiskinan tinggi, IKP rendah"
35,3529,Jawa Timur,Sumenep,Kabupaten,2023,77.02,6,17.02,2025,231874,9.9,1.3,88.9,649,3529,18.237082066869302,37.186424003935066,23.96429069605246,10.61593293792936,25.157996431696446,10.61593293792936,22.976686907631382,7.294832826747721,9.296606000983767,4.792858139210492,1.592389940689404,263,Q2 Sedang,Perlu dipantau,9.168704156479219,90.4645476772616,41.56479217603912,83.37408312958435,35.94132029339853,1,Kondisi relatif baik
35,3571,Jawa Timur,Kediri,Kota,2023,76.42,6,6.04,2025,138860,16.1,1.5,82.4,526,3571,37.08206686930092,10.181997048696507,24.801227507323198,6.237239559918107,26.280672366304863,6.237239559918107,23.27415744534685,14.832826747720368,2.545499262174127,4.96024550146464,0.9355859339877161,259,Q2 Sedang,Perlu dipantau,40.58679706601467,26.5281173594132,38.63080684596577,70.4156479217604,36.91931540342298,1,Kondisi relatif baik
35,3572,Jawa Timur,Blitar,Kota,2023,79.25,6,6.6,2025,60258,9.5,1.9,88.5,543,3572,17.02127659574468,11.559272011805211,20.853675547496163,2.5370002744509685,16.316545589115773,2.5370002744509685,14.249613791916051,6.808510638297872,2.8898180029513028,4.170735109499232,0.3805500411676453,379,Q1 Rendah,Relatif tidak prioritas,8.557457212713937,33.74083129584352,50.12224938875306,37.65281173594132,7.579462102689487,1,Kondisi relatif baik
35,3573,Jawa Timur,Malang,Kota,2023,85.27,6,3.85,2025,435006,18.5,4.3,77.3,589,3573,44.37689969604863,4.795868175110673,12.45640954107966,20.17850140356014,25.22471627107418,20.17850140356014,24.467784040947073,17.750759878419455,1.1989670437776683,2.491281908215932,3.026775210534021,240,Q2 Sedang,Perlu dipantau,57.334963325183374,7.334963325183375,79.21760391198043,95.35452322738386,41.56479217603912,1,Kondisi relatif baik
35,3575,Jawa Timur,Pasuruan,Kota,2023,81.45,6,6.18,2025,55855,15.2,3.1,81.7,614,3575,34.346504559270514,10.526315789473681,17.784907239503422,2.3297262410432715,23.443720257620367,2.3297262410432715,20.276621155133803,13.738601823708207,2.6315789473684204,3.5569814479006845,0.3494589361564907,303,Q2 Sedang,Perlu dipantau,35.33007334963325,29.462102689486553,60.880195599022,34.71882640586797,26.161369193154034,1,Kondisi relatif baik
35,3577,Jawa Timur,Madiun,Kota,2023,92.49,6,3.89,2025,70343,10.1,1.7,88.2,585,3577,18.84498480243161,4.8942449581898675,2.385269912121646,3.0117580820631935,10.868951932875813,3.0117580820631935,9.69037285525392,7.537993920972645,1.2235612395474669,0.47705398242432917,0.451763712309479,403,Q1 Rendah,Relatif tidak prioritas,9.902200488997554,7.579462102689487,99.26650366748166,45.47677261613692,1.7114914425427872,1,Kondisi relatif baik
35,3579,Jawa Timur,Batu,Kota,2023,80.16,6,2.86,2025,51640,21.2,3.3,75.5,579,3579,52.58358662613982,2.361042793900639,19.584321383735535,2.1313024275494166,30.04771720668023,2.1313024275494166,25.86025498981061,21.03343465045593,0.5902606984751597,3.9168642767471074,0.31969536413241245,217,Q2 Sedang,Perlu dipantau,73.59413202933986,1.7114914425427872,54.278728606356964,32.02933985330073,47.18826405867971,1,Kondisi relatif baik
36,3601,Banten,Pandeglang,Kabupaten,2023,74.87,5,8.51,2025,332664,21.9,4.5,73.6,576,3601,54.71124620060791,16.25676340383669,26.96331426977263,15.360686475781232,36.872179041361015,15.360686475781232,33.64545515652405,21.884498480243167,4.064190850959172,5.392662853954526,2.304102971367185,90,Q4 Sangat Tinggi,Sangat perlu ditingkatkan,77.3838630806846,48.41075794621027,33.74083129584352,90.70904645476773,78.239608801956,1,Kondisi relatif baik
36,3602,Banten,Lebak,Kabupaten,2023,72.32,5,8.03,2025,345722,25.3,7.1,67.6,643,3602,65.0455927051672,15.07624200688637,30.520295717673328,15.975400154690547,42.225125561556624,15.975400154690547,38.287666750526725,26.01823708206688,3.7690605017215923,6.104059143534666,2.396310023203582,63,Q4 Sangat Tinggi,Sangat perlu ditingkatkan,91.93154034229829,44.86552567237164,26.894865525672373,91.19804400977995,84.84107579462102,1,Kondisi relatif baik
36,3603,Banten,Tangerang,Kabupaten,2023,76.49,6,6.42,2025,857387,19.1,4.3,76.6,674,3603,46.20060790273557,11.116576487948842,24.703584879341623,40.06235638988231,30.82365206935266,40.06235638988231,32.20945771743211,18.48024316109423,2.7791441219872106,4.940716975868325,6.009353458482346,110,Q3 Tinggi,Perlu ditingkatkan,61.7359413202934,32.27383863080684,38.87530562347188,99.51100244498777,73.34963325183375,1,Kondisi relatif baik
36,3604,Banten,Serang,Kabupaten,2023,79.26,6,4.48,2025,429357,15.1,5.1,79.8,697,3604,34.04255319148936,6.345302508607969,20.83972660064165,19.91257112540432,22.789755557501255,19.91257112540432,22.358177892686715,13.617021276595745,1.5863256271519923,4.1679453201283305,2.9868856688106478,272,Q2 Sedang,Perlu dipantau,34.229828850855746,13.202933985330073,50.36674816625917,94.86552567237165,33.74083129584352,1,Kondisi relatif baik
36,3671,Banten,Tangerang,Kota,2023,86.39,6,5.19,2025,432700,10.1,1.1,88.9,767,3671,18.84498480243161,8.09149040826365,10.894127493374251,20.069944982702058,13.81140237848636,20.069944982702058,14.750183769118717,7.537993920972645,2.0228726020659127,2.17882549867485,3.010491747405309,377,Q1 Rendah,Relatif tidak prioritas,9.902200488997554,19.80440097799511,85.57457212713936,95.11002444987776,8.06845965770171,1,Kondisi relatif baik
36,3672,Banten,Cilegon,Kota,2023,81.54,6,3.44,2025,121194,15.1,3.9,81.1,706,3672,34.04255319148936,3.787506148548942,17.659366717812798,5.4056013418439814,21.289142537994756,5.4056013418439814,18.90661135857214,13.617021276595745,0.9468765371372355,3.5318733435625598,0.8108402012765972,320,Q1 Rendah,Relatif tidak prioritas,34.229828850855746,4.52322738386308,61.12469437652812,66.50366748166259,22.00488997555012,1,Kondisi relatif baik
36,3674,Banten,Tangerang Selatan,Kota,2023,87.43,6,2.39,2025,2130607,9.0,1.5,89.6,635,3674,15.501519756838904,1.2051155927201185,9.443437020504941,100.0,9.87126377060774,100.0,23.39057420501658,6.2006079027355625,0.3012788981800296,1.8886874041009882,15.0,257,Q2 Sedang,Perlu dipantau,7.090464547677261,0.9779951100244498,89.97555012224939,100.0,37.40831295843521,1,Kondisi relatif baik
51,5101,Bali,Jembrana,Kabupaten,2023,86.59,6,4.33,2025,61632,6.0,1.5,92.4,604,5101,6.382978723404256,5.976389572060993,10.615148556284005,2.6016822008425597,7.2591983454514715,2.6016822008425597,6.560570923760136,2.5531914893617027,1.4940973930152484,2.1230297112568013,0.39025233012638394,405,Q1 Rendah,Relatif tidak prioritas,2.2004889975550124,11.246943765281173,86.3080684596577,39.119804400978,1.2224938875305624,1,Kondisi relatif baik
51,5102,Bali,Tabanan,Kabupaten,2023,90.54,6,4.23,2025,79331,6.8,0.7,92.6,645,5102,8.814589665653495,5.730447614363011,5.1053145487515605,3.4348739149653924,7.034718446591132,3.4348739149653924,6.494741766847271,3.525835866261398,1.4326119035907527,1.021062909750312,0.5152310872448088,406,Q1 Rendah,Relatif tidak prioritas,3.9119804400977993,10.268948655256724,96.82151589242054,51.34474327628362,0.9779951100244498,1,Kondisi relatif baik
51,5103,Bali,Badung,Kabupaten,2023,91.59,6,1.9,2025,179824,5.3,1.9,92.8,632,5103,4.25531914893617,0.0,3.6406751290277595,8.165645988378909,2.8591325710353175,8.165645988378909,3.6551095836368566,1.702127659574468,0.0,0.7281350258055519,1.2248468982568363,408,Q1 Rendah,Relatif tidak prioritas,1.466992665036675,0.24449877750611246,98.53300733496333,77.50611246943765,0.4889975550122249,1,Kondisi relatif baik
51,5104,Bali,Gianyar,Kabupaten,2023,92.16,6,3.71,2025,104942,4.7,0.7,94.6,732,5104,2.4316109422492413,4.451549434333497,2.8455851583205516,4.64052807567503,3.123116196643742,4.64052807567503,3.3507279784984356,0.9726443768996966,1.1128873585833743,0.5691170316641103,0.6960792113512544,409,Q1 Rendah,Relatif tidak prioritas,0.7334963325183375,5.8679706601467,99.02200488997555,62.8361858190709,0.24449877750611246,1,Kondisi relatif baik
51,5105,Bali,Klungkung,Kabupaten,2023,87.53,6,5.18,2025,41600,4.8,0.4,94.9,562,5105,2.735562310030395,8.06689621249385,9.303947551959835,1.658663023639973,5.849104102973632,1.658663023639973,5.220537941073584,1.094224924012158,2.0167240531234625,1.8607895103919672,0.24879945354599595,407,Q1 Rendah,Relatif tidak prioritas,0.9779951100244498,19.559902200489,90.4645476772616,23.96088019559902,0.7334963325183375,1,Kondisi relatif baik
51,5106,Bali,Bangli,Kabupaten,2023,77.35,6,4.83,2025,46689,6.5,1.8,91.7,645,5106,7.902735562310031,7.206099360550909,23.503975449853552,1.898230944605626,11.368722535332294,1.898230944605626,9.948148796723295,3.1610942249240126,1.8015248401377273,4.70079508997071,0.2847346416908439,402,Q1 Rendah,Relatif tidak prioritas,3.3007334963325183,16.87041564792176,43.03178484107579,26.405867970660147,1.9559902200488997,1,Kondisi relatif baik
51,5107,Bali,Karangasem,Kabupaten,2023,85.28,6,6.4,2025,91885,10.8,2.2,87.0,695,5107,20.972644376899698,11.067388096409246,12.442460594225135,4.025861472403555,16.05223163965555,4.025861472403555,14.248276114567751,8.38905775075988,2.7668470241023115,2.488492118845027,0.6038792208605333,380,Q1 Rendah,Relatif tidak prioritas,12.224938875305623,31.662591687041562,79.46210268948656,58.19070904645477,7.334963325183375,1,Kondisi relatif baik
51,5108,Bali,Buleleng,Kabupaten,2023,82.02,6,5.2,2025,169967,12.4,2.4,85.1,715,5108,25.835866261398177,8.116084604033448,16.989817268796216,7.70162142619411,18.54274248156103,7.70162142619411,16.91657432325599,10.33434650455927,2.029021151008362,3.3979634537592434,1.1552432139291164,350,Q1 Rendah,Relatif tidak prioritas,19.43765281173594,20.048899755501225,63.56968215158925,75.79462102689487,14.66992665036675,1,Kondisi relatif baik
52,5203,Nusa Tenggara Barat,Lombok Timur,Kabupaten,2023,71.48,5,13.53,2025,386457,25.1,7.9,67.0,814,5203,64.43768996960488,28.60304968027545,31.69200725345236,17.89302626208608,46.19322336306033,17.89302626208608,41.9481937979142,25.77507598784195,7.150762420068863,6.338401450690473,2.683953939312912,38,Q4 Sangat Tinggi,Sangat perlu ditingkatkan,91.56479217603912,80.92909535452323,24.69437652811736,93.15403422982885,90.95354523227384,0,"Gizi buruk, kemiskinan tinggi, IKP rendah"
52,5204,Nusa Tenggara Barat,Sumbawa,Kabupaten,2023,84.0,6,11.79,2025,134006,23.8,6.0,70.2,639,5204,60.48632218844986,24.323659616330538,14.227925791602736,6.008734413844756,38.965916397391915,6.008734413844756,34.022339099859835,24.194528875379945,6.0809149040826345,2.8455851583205476,0.9013101620767134,88,Q4 Sangat Tinggi,Sangat perlu ditingkatkan,88.01955990220048,72.12713936430319,74.32762836185819,68.94865525672371,78.72860635696821,1,Kondisi relatif baik
52,5205,Nusa Tenggara Barat,Dompu,Kabupaten,2023,78.85,6,11.15,2025,93419,14.6,5.2,80.2,619,5205,32.52279635258359,22.749631087063452,21.41163342167668,4.09807550084948,27.033944702511334,4.09807550084948,23.59356432226206,13.009118541033438,5.687407771765863,4.282326684335336,0.614711325127422,255,Q2 Sedang,Perlu dipantau,30.195599022004888,68.58190709046454,48.16625916870416,58.43520782396088,37.89731051344744,1,Kondisi relatif baik
52,5208,Nusa Tenggara Barat,Lombok Utara,Kabupaten,2023,65.92,4,20.74,2025,64925,28.4,6.9,64.7,609,5208,74.46808510638299,46.33546483030004,39.44762170456131,2.7567022762483164,57.95367598945937,2.7567022762483164,49.67412993247772,29.787234042553195,11.58386620757501,7.889524340912262,0.41350534143724743,13,Q4 Sangat Tinggi,Sangat perlu ditingkatkan,97.31051344743277,93.64303178484109,16.381418092909534,41.32029339853301,97.06601466992664,0,"Gizi buruk, kemiskinan tinggi, IKP rendah"
52,5271,Nusa Tenggara Barat,Mataram,Kota,2023,77.79,6,7.15,2025,174869,19.3,4.2,76.5,632,5271,46.808510638297875,12.91195277914412,22.890221788254983,7.93238620288376,31.211102126771973,7.93238620288376,27.71929473818874,18.72340425531915,3.22798819478603,4.578044357650997,1.1898579304325638,179,Q3 Tinggi,Perlu ditingkatkan,63.691931540342296,38.50855745721272,44.987775061124694,76.77261613691931,56.47921760391198,1,Kondisi relatif baik
52,5272,Nusa Tenggara Barat,Bima,Kota,2023,74.31,6,7.33,2025,54517,22.0,6.4,71.6,580,5272,55.01519756838906,13.354648303000491,27.744455293625336,2.266739037613905,36.3454496021539,2.266739037613905,31.2336430174729,22.006079027355625,3.338662075750123,5.548891058725068,0.3400108556420858,129,Q3 Tinggi,Perlu ditingkatkan,78.36185819070904,40.34229828850856,32.76283618581907,33.496332518337404,68.7041564792176,1,Kondisi relatif baik
53,5301,Nusa Tenggara Timur,Kupang,Kabupaten,2023,69.02,5,20.32,2025,98087,30.4,9.1,60.5,586,5301,80.54711246200608,45.30250860796852,35.12344817966244,4.317824578284667,59.49313149732594,4.317824578284667,51.216835459469756,32.21884498480244,11.32562715199213,7.024689635932488,0.6476736867427001,10,Q4 Sangat Tinggi,Sangat perlu ditingkatkan,99.02200488997555,92.90953545232273,20.293398533007334,60.63569682151589,97.79951100244499,0,"Gizi buruk, kemiskinan tinggi, IKP rendah"
53,5302,Nusa Tenggara Timur,Timor Tengah Selatan,Kabupaten,2023,67.61,4,24.5,2025,130422,36.8,20.0,43.2,701,5302,100.0,55.58288243974422,37.0902496861487,5.840015327827681,72.13384770254798,5.840015327827681,62.18977284633995,40.0,13.895720609936054,7.418049937229741,0.8760022991741521,3,Q4 Sangat Tinggi,Sangat perlu ditingkatkan,100.0,96.33251833740832,18.581907090464547,67.48166259168704,99.51100244498777,0,"Gizi buruk, kemiskinan tinggi, IKP rendah"
53,5303,Nusa Tenggara Timur,Timor Tengah Utara,Kabupaten,2023,72.96,5,20.17,2025,80400,35.4,11.9,52.6,683,5303,95.74468085106383,44.93359567142155,29.627563118984533,3.48519777181591,65.24327515538567,3.48519777181591,55.97956354785022,38.297872340425535,11.233398917855387,5.925512623796907,0.5227796657723865,5,Q4 Sangat Tinggi,Sangat perlu ditingkatkan,99.75550122249389,92.66503667481662,28.606356968215156,52.567237163814184,99.02200488997555,0,"Gizi buruk, kemiskinan tinggi, IKP rendah"
53,5304,Nusa Tenggara Timur,Belu,Kabupaten,2023,75.69,6,12.79,2025,61892,31.3,13.0,55.7,478,5304,83.28267477203649,26.78307919331037,25.819500627702617,2.613921866680852,53.144399803156126,2.613921866680852,45.564828112684836,33.3130699088146,6.695769798327593,5.163900125540524,0.39208828000212775,21,Q4 Sangat Tinggi,Sangat perlu ditingkatkan,99.51100244498777,77.26161369193154,36.063569682151595,39.60880195599022,95.11002444987776,0,"Gizi buruk, kemiskinan tinggi, IKP rendah"
53,5305,Nusa Tenggara Timur,Alor,Kabupaten,2023,65.43,4,18.29,2025,64613,27.9,9.5,62.6,694,5305,72.94832826747721,40.30988686669946,40.13112010043242,2.7420146772423655,55.62709063970851,2.7420146772423655,47.694329245338594,29.179331306990886,10.077471716674864,8.026224020086485,0.41130220158635483,17,Q4 Sangat Tinggi,Sangat perlu ditingkatkan,95.84352078239608,91.93154034229829,15.158924205378973,40.831295843520785,96.08801955990221,0,"Gizi buruk, kemiskinan tinggi, IKP rendah"
53,5306,Nusa Tenggara Timur,Flores Timur,Kabupaten,2023,73.54,5,10.88,2025,66504,23.8,7.5,68.7,520,5306,60.48632218844986,22.085587801278898,28.81852420142279,2.8310347083970226,41.74074195998145,2.8310347083970226,35.90428587224378,24.194528875379945,5.521396950319724,5.763704840284558,0.4246552062595534,77,Q4 Sangat Tinggi,Sangat perlu ditingkatkan,88.01955990220048,66.74816625916871,30.073349633251834,42.053789731051346,81.41809290953546,0,"Gizi buruk, kemiskinan tinggi, IKP rendah"
53,5307,Nusa Tenggara Timur,Sikka,Kabupaten,2023,77.07,6,11.25,2025,87208,22.0,10.3,67.7,482,5307,55.01519756838906,22.995573044761432,23.8945459617799,3.805688714227811,38.27515468341407,3.805688714227811,33.10473478803613,22.006079027355625,5.748893261190358,4.7789091923559806,0.5708533071341716,93,Q4 Sangat Tinggi,Sangat perlu ditingkatkan,78.36185819070904,69.92665036674816,41.80929095354523,54.76772616136919,77.50611246943765,0,"Gizi buruk, kemiskinan tinggi, IKP rendah"
53,5308,Nusa Tenggara Timur,Ende,Kabupaten,2023,73.42,5,21.31,2025,71467,24.8,5.9,69.3,512,5308,63.5258358662614,47.73733398917855,28.985911563676947,3.064671098994888,50.75511783121716,3.064671098994888,43.60155082138382,25.410334346504563,11.934333497294638,5.79718231273539,0.45970066484923316,31,Q4 Sangat Tinggi,Sangat perlu ditingkatkan,90.83129584352079,94.37652811735941,29.82885085574572,45.965770171149146,92.66503667481662,0,"Gizi buruk, kemiskinan tinggi, IKP rendah"
53,5309,Nusa Tenggara Timur,Ngada,Kabupaten,2023,81.74,6,11.22,2025,42568,26.0,2.9,71.1,477,5309,67.17325227963526,22.92179045745204,17.38038778072257,1.7042322410686923,42.44214833219016,1.7042322410686923,36.33146091852194,26.869300911854108,5.73044761436301,3.4760775561445145,0.25563483616030386,72,Q4 Sangat Tinggi,Sangat perlu ditingkatkan,93.39853300733496,69.31540342298288,62.10268948655256,24.938875305623473,82.64058679706602,0,"Gizi buruk, kemiskinan tinggi, IKP rendah"
53,5310,Nusa Tenggara Timur,Manggarai,Kabupaten,2023,76.93,6,18.1,2025,99897,29.6,11.4,59.0,594,5310,78.11550151975685,39.84259714707329,24.08983121774305,4.403031482774318,54.14684251555255,4.403031482774318,46.685270860635825,31.24620060790274,9.960649286768323,4.817966243548611,0.6604547224161477,18,Q4 Sangat Tinggi,Sangat perlu ditingkatkan,98.65525672371638,91.44254278728606,40.95354523227384,61.61369193154034,95.84352078239608,0,"Gizi buruk, kemiskinan tinggi, IKP rendah"
53,5311,Nusa Tenggara Timur,Sumba Timur,Kabupaten,2023,70.21,5,25.64,2025,79622,23.8,7.1,69.1,531,5311,60.48632218844986,58.38662075750123,33.463523503975466,3.4485729255767117,53.5104573712357,3.4485729255767117,46.001174704386855,24.194528875379945,14.596655189375307,6.692704700795094,0.5172859388365068,20,Q4 Sangat Tinggi,Sangat perlu ditingkatkan,88.01955990220048,97.06601466992664,22.493887530562347,51.83374083129584,95.35452322738386,0,"Gizi buruk, kemiskinan tinggi, IKP rendah"
53,5312,Nusa Tenggara Timur,Sumba Barat,Kabupaten,2023,69.46,5,26.47,2025,40632,26.2,9.0,64.8,615,5312,67.78115501519757,60.42793900639448,34.5096945180639,1.6130938062112539,57.78986548387108,1.6130938062112539,49.36334973222211,27.112462006079028,15.10698475159862,6.9019389036127805,0.24196407093168806,14,Q4 Sangat Tinggi,Sangat perlu ditingkatkan,94.00977995110024,97.55501222493888,20.904645476772615,22.493887530562347,96.82151589242054,0,"Gizi buruk, kemiskinan tinggi, IKP rendah"
53,5313,Nusa Tenggara Timur,Lembata,Kabupaten,2023,69.0,5,23.27,2025,36012,20.4,5.3,74.3,487,5313,50.15197568389058,52.55779636005903,35.15134607337147,1.3956043593923666,47.33001009205327,1.3956043593923666,40.439849232154145,20.060790273556236,13.139449090014757,7.030269214674295,0.20934065390885498,49,Q4 Sangat Tinggi,Sangat perlu ditingkatkan,69.19315403422983,95.35452322738386,20.048899755501225,18.82640586797066,88.26405867970661,0,"Gizi buruk, kemiskinan tinggi, IKP rendah"
53,5314,Nusa Tenggara Timur,Rote Ndao,Kabupaten,2023,70.43,5,24.37,2025,42738,22.3,10.1,67.7,602,5314,55.92705167173253,55.26315789473685,33.15664667317617,1.712235099501422,50.37404644354407,1.712235099501422,43.074774741937674,22.370820668693014,13.815789473684212,6.631329334635234,0.2568352649252133,33,Q4 Sangat Tinggi,Sangat perlu ditingkatkan,81.66259168704157,96.08801955990221,22.73838630806846,25.4278728606357,92.1760391198044,0,"Gizi buruk, kemiskinan tinggi, IKP rendah"
53,5315,Nusa Tenggara Timur,Manggarai Barat,Kabupaten,2023,76.76,6,16.09,2025,72996,24.8,6.3,68.9,533,5315,63.5258358662614,34.899163797343824,24.32696331426977,3.136649749251615,45.88296230434643,3.136649749251615,39.471015421082214,25.410334346504563,8.724790949335956,4.865392662853954,0.47049746238774226,56,Q4 Sangat Tinggi,Sangat perlu ditingkatkan,90.83129584352079,88.26405867970661,40.09779951100245,46.9437652811736,86.55256723716381,0,"Gizi buruk, kemiskinan tinggi, IKP rendah"
53,5316,Nusa Tenggara Timur,Nagekeo,Kabupaten,2023,74.27,5,12.18,2025,38641,19.0,6.0,75.0,508,5316,45.89665653495441,25.282833251352677,27.800251081043392,1.519366211272638,35.57578958003366,1.519366211272638,30.467326074719512,18.358662613981764,6.320708312838169,5.560050216208679,0.2279049316908957,140,Q3 Tinggi,Perlu ditingkatkan,60.391198044009776,74.08312958435208,32.51833740831296,21.026894865525673,66.01466992665037,0,"Gizi buruk, kemiskinan tinggi, IKP rendah"
53,5317,Nusa Tenggara Timur,Sumba Tengah,Kabupaten,2023,67.29,4,29.23,2025,24202,28.9,8.5,62.6,619,5317,75.98784194528876,67.21593703885883,37.53661598549309,0.8396410765068559,64.36052262932803,0.8396410765068559,54.83239039640486,30.395136778115507,16.803984259714706,7.507323197098619,0.12594616147602838,7,Q4 Sangat Tinggi,Sangat perlu ditingkatkan,97.55501222493888,99.02200488997555,18.09290953545232,8.312958435207824,98.53300733496333,0,"Gizi buruk, kemiskinan tinggi, IKP rendah"
53,5318,Nusa Tenggara Timur,Sumba Barat Daya,Kabupaten,2023,62.66,4,25.66,2025,112151,30.7,16.8,52.5,599,5318,81.45896656534954,58.43580914904083,43.99497837913239,4.9798963488606045,65.87239363438412,4.9798963488606045,56.73851904155559,32.58358662613982,14.608952287260207,8.798995675826479,0.7469844523290906,4,Q4 Sangat Tinggi,Sangat perlu ditingkatkan,99.26650366748166,97.31051344743277,12.95843520782396,64.05867970660147,99.26650366748166,0,"Gizi buruk, kemiskinan tinggi, IKP rendah"
53,5319,Nusa Tenggara Timur,Manggarai Timur,Kabupaten,2023,66.69,4,23.51,2025,74305,29.6,9.2,61.2,468,5319,78.11550151975685,53.14805705853419,38.37355279676385,3.198271759183633,61.42108874339888,3.198271759183633,52.68766619576661,31.24620060790274,13.287014264633548,7.674710559352771,0.47974076387754494,9,Q4 Sangat Tinggi,Sangat perlu ditingkatkan,98.65525672371638,95.84352078239608,17.114914425427873,47.92176039119804,98.0440097799511,0,"Gizi buruk, kemiskinan tinggi, IKP rendah"
53,5320,Nusa Tenggara Timur,Sabu Raijua,Kabupaten,2023,58.42,3,27.18,2025,27761,24.6,7.6,67.8,533,5320,62.9179331306991,62.17412690605016,49.90933184544567,1.0071832715779425,59.63831923280154,1.0071832715779425,50.843648838618,25.16717325227964,15.54353172651254,9.981866369089134,0.15107749073669138,11,Q4 Sangat Tinggi,Sangat perlu ditingkatkan,90.2200488997555,98.0440097799511,8.557457212713937,11.98044009779951,97.55501222493888,0,"Gizi buruk, kemiskinan tinggi, IKP rendah"
53,5371,Nusa Tenggara Timur,Kupang,Kota,2023,75.85,6,7.57,2025,176970,21.7,5.2,73.1,611,5371,54.1033434650456,13.94490900147565,25.596317478030418,8.03129211798473,35.58450368469792,8.03129211798473,31.451521949690946,21.64133738601824,3.4862272503689127,5.119263495606084,1.2046938176977096,123,Q3 Tinggi,Perlu ditingkatkan,75.91687041564792,41.442542787286065,36.91931540342298,77.26161369193154,70.17114914425427,1,Kondisi relatif baik
61,6101,Kalimantan Barat,Sambas,Kabupaten,2023,69.71,5,6.37,2025,148183,28.0,8.4,63.6,665,6101,73.25227963525836,10.993605509099853,34.16097084670109,6.676125731496567,45.74294988319826,6.676125731496567,39.88292626044302,29.300911854103347,2.748401377274963,6.832194169340219,1.001418859724485,53,Q4 Sangat Tinggi,Sangat perlu ditingkatkan,96.21026894865525,31.295843520782395,21.76039119804401,72.12713936430319,87.28606356968214,0,"Gizi buruk, kemiskinan tinggi, IKP rendah"
61,6102,Kalimantan Barat,Mempawah,Kabupaten,2023,74.04,5,4.49,2025,71482,20.6,8.0,71.4,631,6102,50.759878419452896,6.3698967043777674,28.12107685869717,3.065377233562482,32.37722460660592,3.065377233562482,27.980447500649408,20.30395136778116,1.5924741760944419,5.624215371739434,0.4598065850343723,173,Q3 Tinggi,Perlu ditingkatkan,71.14914425427872,13.447432762836186,31.54034229828851,46.21026894865526,57.94621026894865,1,Kondisi relatif baik
61,6103,Kalimantan Barat,Sanggau,Kabupaten,2023,77.82,6,4.61,2025,101948,13.9,7.4,78.7,623,6103,30.3951367781155,6.665027053615347,22.848374947691465,4.499583615983309,21.63998407551568,4.499583615983309,19.068924006585828,12.158054711246201,1.6662567634038368,4.569674989538293,0.6749375423974964,318,Q1 Rendah,Relatif tidak prioritas,26.65036674816626,14.547677261613693,45.2322738386308,61.858190709046454,22.493887530562347,1,Kondisi relatif baik
61,6104,Kalimantan Barat,Ketapang,Kabupaten,2023,75.99,6,8.44,2025,131142,12.3,5.6,82.1,685,6104,25.531914893617024,16.0846040334481,25.401032222067244,5.873909787072183,22.722498129673276,5.873909787072183,20.195209878283116,10.21276595744681,4.021151008362025,5.080206444413449,0.8810864680608274,305,Q2 Sedang,Perlu dipantau,18.581907090464547,48.16625916870416,37.163814180929094,67.97066014669927,25.67237163814181,1,Kondisi relatif baik
61,6105,Kalimantan Barat,Sintang,Kabupaten,2023,75.46,5,7.93,2025,108934,21.7,9.3,69.0,564,6105,54.1033434650456,14.830300049188388,26.140326405356408,4.828454021930657,35.97291491692543,4.828454021930657,31.301245782676215,21.64133738601824,3.707575012297097,5.228065281071282,0.7242681032895986,128,Q3 Tinggi,Perlu ditingkatkan,75.91687041564792,44.25427872860636,34.71882640586797,63.325183374083124,68.94865525672371,1,Kondisi relatif baik
61,6107,Kalimantan Barat,Bengkayang,Kabupaten,2023,81.36,6,5.83,2025,64976,18.0,5.4,76.6,512,6107,42.85714285714286,9.665518937530743,17.910447761194035,2.7591031337781353,27.225089917033692,2.7591031337781353,23.55519189954536,17.142857142857146,2.416379734382686,3.5820895522388074,0.4138654700667203,256,Q2 Sedang,Perlu dipantau,54.278728606356964,23.594132029339853,59.65770171149144,41.56479217603912,37.65281173594132,1,Kondisi relatif baik
61,6108,Kalimantan Barat,Landak,Kabupaten,2023,76.89,6,8.9,2025,90692,23.3,5.3,71.4,621,6108,58.966565349544084,17.21593703885883,24.145627005161117,3.969700236460929,38.4938068241936,3.969700236460929,33.3151908360337,23.586626139817636,4.303984259714707,4.829125401032224,0.5954550354691394,92,Q4 Sangat Tinggi,Sangat perlu ditingkatkan,86.18581907090464,51.58924205378973,40.34229828850856,56.96821515892421,77.75061124694376,1,Kondisi relatif baik
61,6109,Kalimantan Barat,Sekadau,Kabupaten,2023,71.55,5,5.61,2025,48877,11.0,3.4,85.7,600,6109,21.580547112462007,9.12444663059518,31.59436462547078,2.0012324401986405,20.273180503209122,2.0012324401986405,17.53238829375755,8.632218844984804,2.281111657648795,6.318872925094157,0.30018486602979605,344,Q1 Rendah,Relatif tidak prioritas,12.95843520782396,21.882640586797066,24.938875305623473,29.584352078239608,16.13691931540342,1,Kondisi relatif baik
61,6111,Kalimantan Barat,Kayong Utara,Kabupaten,2023,75.27,5,8.75,2025,28452,18.3,5.5,76.2,477,6111,43.76899696048632,16.847024102311853,26.40535639559214,1.0397125373250964,31.76520716340108,1.0397125373250964,27.156382969489684,17.507598784194528,4.211756025577963,5.281071279118429,0.15595688059876445,190,Q3 Tinggi,Perlu ditingkatkan,56.11246943765281,50.61124694376527,34.229828850855746,13.447432762836186,53.789731051344745,1,Kondisi relatif baik
61,6112,Kalimantan Barat,Kubu Raya,Kabupaten,2023,68.61,5,3.99,2025,151176,21.7,8.5,69.8,597,6112,54.1033434650456,5.140186915887851,35.69535500069745,6.817023115550448,35.37112366485846,6.817023115550448,31.088008582462262,21.64133738601824,1.2850467289719627,7.13907100013949,1.0225534673325671,130,Q3 Tinggi,Perlu ditingkatkan,75.91687041564792,8.557457212713937,19.070904645476773,73.10513447432763,68.45965770171149,1,Kondisi relatif baik
61,6171,Kalimantan Barat,Pontianak,Kota,2023,71.15,6,4.0,2025,221274,18.0,4.3,77.6,603,6171,42.85714285714286,5.164781111657649,32.15232249965128,10.116931176829748,29.252372847884487,10.116931176829748,26.382056597226274,17.142857142857146,1.2911952779144122,6.430464499930256,1.5175396765244622,210,Q2 Sedang,Perlu dipantau,54.278728606356964,8.80195599022005,24.205378973105134,81.41809290953546,48.899755501222494,1,Kondisi relatif baik
61,6172,Kalimantan Barat,Singkawang,Kota,2023,68.12,5,4.28,2025,62566,18.3,3.6,78.2,477,6172,43.76899696048632,5.853418593212003,36.37885339656856,2.645650846584733,30.878498955072047,2.645650846584733,26.64357173879895,17.507598784194528,1.4633546483030007,7.2757706793137125,0.3968476269877099,204,Q3 Tinggi,Perlu ditingkatkan,56.11246943765281,10.757946210268948,18.82640586797066,40.09779951100245,50.36674816625917,1,Kondisi relatif baik
62,6201,Kalimantan Tengah,Waringin Barat,Kabupaten,2023,60.27,4,4.27,2025,77082,14.3,2.2,83.6,512,6201,31.610942249240125,5.828824397442203,47.32877667736085,3.3290008054641635,27.726280393563258,3.3290008054641635,24.066688455348395,12.64437689969605,1.4572060993605507,9.46575533547217,0.4993501208196245,248,Q2 Sedang,Perlu dipantau,27.995110024449875,10.513447432762836,10.757946210268948,49.63325183374083,39.60880195599022,1,Kondisi relatif baik
62,6204,Kalimantan Tengah,Barito Selatan,Kabupaten,2023,66.35,4,4.94,2025,29207,24.3,9.0,66.7,376,6204,62.00607902735563,7.476635514018692,38.84781698981728,1.0752546438939838,40.51900457342398,1.0752546438939838,34.60244208399448,24.802431610942254,1.869158878504673,7.769563397963457,0.16128819658409757,84,Q4 Sangat Tinggi,Sangat perlu ditingkatkan,89.48655256723717,17.359413202933986,16.87041564792176,13.691931540342297,79.70660146699267,0,"Gizi buruk, kemiskinan tinggi, IKP rendah"
62,6205,Kalimantan Tengah,Barito Utara,Kabupaten,2023,83.01,6,5.52,2025,36513,16.0,4.4,79.6,375,6205,36.77811550151976,8.903098868666994,15.608871530199464,1.419189253949999,23.5985826162524,1.419189253949999,20.271673611907044,14.711246200607903,2.2257747171667486,3.121774306039893,0.21287838809249984,304,Q2 Sedang,Perlu dipantau,39.60880195599022,21.271393643031786,66.74816625916871,19.070904645476773,25.91687041564792,1,Kondisi relatif baik
62,6207,Kalimantan Tengah,Seruyan,Kabupaten,2023,59.25,3,6.72,2025,40966,22.5,9.7,67.7,469,6207,56.53495440729483,11.854402361042792,48.751569256521144,1.6288170692496755,41.562230828803365,1.6288170692496755,35.572218764870314,22.613981762917934,2.963600590260698,9.75031385130423,0.24432256038745132,78,Q4 Sangat Tinggi,Sangat perlu ditingkatkan,83.37408312958435,35.69682151589242,9.535452322738386,22.982885085574573,81.17359413202934,0,"Gizi buruk, kemiskinan tinggi, IKP rendah"
62,6208,Kalimantan Tengah,Sukamara,Kabupaten,2023,60.04,4,4.02,2025,15957,14.8,5.2,80.0,405,6208,33.130699088145896,5.2139695031972435,47.64960245501464,0.4515024425194693,28.33610882595364,0.4515024425194693,24.153417868438517,13.25227963525836,1.3034923757993109,9.529920491002928,0.0677253663779204,244,Q2 Sedang,Perlu dipantau,31.90709046454768,9.04645476772616,10.268948655256724,4.400977995110025,40.58679706601467,1,Kondisi relatif baik
62,6210,Kalimantan Tengah,Gunung Mas,Kabupaten,2023,55.49,3,5.48,2025,33550,11.6,2.5,85.9,404,6210,23.404255319148934,8.804722085587802,53.996373273817824,1.2797041390313058,26.3084203574354,1.2797041390313058,22.554112924674786,9.361702127659575,2.2011805213969504,10.799274654763565,0.19195562085469586,269,Q2 Sedang,Perlu dipantau,15.036674816625917,21.026894865525673,6.845965770171149,17.84841075794621,34.474327628361856,1,Kondisi relatif baik
62,6211,Kalimantan Tengah,Pulang Pisau,Kabupaten,2023,81.33,6,4.79,2025,38233,20.5,7.4,72.1,542,6211,50.455927051671736,7.107722577471716,17.95229460175758,1.5001593510340872,30.058541629868397,1.5001593510340872,25.774784288043254,20.182370820668694,1.776930644367929,3.590458920351516,0.22502390265511307,221,Q2 Sedang,Perlu dipantau,70.04889975550122,15.892420537897312,59.168704156479215,20.293398533007334,46.21026894865526,1,Kondisi relatif baik
62,6212,Kalimantan Tengah,Murung Raya,Kabupaten,2023,49.08,2,6.19,2025,33590,11.7,4.1,84.1,480,6212,23.70820668693009,10.550909985243484,62.937648207560336,1.281587164544889,29.06887036775879,1.281587164544889,24.90077788727671,9.483282674772036,2.637727496310871,12.587529641512068,0.19223807468173335,228,Q2 Sedang,Perlu dipantau,15.647921760391197,29.82885085574572,3.9119804400977993,18.09290953545232,44.49877750611247,0,"Gizi buruk, kemiskinan tinggi, IKP rendah"
62,6213,Kalimantan Tengah,Barito Timur,Kabupaten,2023,80.29,6,6.1,2025,26602,16.4,5.3,78.2,381,6213,37.993920972644375,10.329562223315294,19.402985074626866,0.9526226073218622,25.483007011543467,0.9526226073218622,21.803449350910228,15.19756838905775,2.5823905558288236,3.8805970149253732,0.14289339109827934,282,Q2 Sedang,Perlu dipantau,42.665036674816626,27.750611246943762,55.012224938875306,10.268948655256724,31.295843520782395,1,Kondisi relatif baik
62,6271,Kalimantan Tengah,Palangka Raya,Kota,2023,79.61,6,3.62,2025,109250,14.6,4.5,80.8,545,6271,32.52279635258359,4.230201672405313,20.351513460733717,4.843329923487966,21.33761370739001,4.843329923487966,18.863471139804705,13.009118541033438,1.0575504181013282,4.070302692146743,0.7264994885231949,322,Q1 Rendah,Relatif tidak prioritas,30.195599022004888,5.378973105134474,51.83374083129584,63.56968215158925,21.515892420537895,1,Kondisi relatif baik
63,6302,Kalimantan Selatan,Baru,Kabupaten,2023,69.84,5,4.39,2025,77775,18.3,4.9,76.8,610,6302,43.76899696048632,6.123954746679782,33.9796345375924,3.3616242224869968,30.393546327509355,3.3616242224869968,26.338758011756006,17.507598784194528,1.5309886866699456,6.795926907518481,0.5042436333730494,212,Q2 Sedang,Perlu dipantau,56.11246943765281,11.98044009779951,22.00488997555012,50.12224938875306,48.41075794621027,1,Kondisi relatif baik
63,6303,Kalimantan Selatan,Banjar,Kabupaten,2023,81.63,6,2.74,2025,140733,26.6,5.7,67.6,629,6303,68.9969604863222,2.06591244466306,17.533826196122206,6.325412229591652,37.202385346963624,6.325412229591652,32.570839379357835,27.59878419452888,0.516478111165765,3.5067652392244413,0.9488118344387478,101,Q4 Sangat Tinggi,Sangat perlu ditingkatkan,94.9877750611247,1.466992665036675,61.858190709046454,70.90464547677261,75.55012224938875,1,Kondisi relatif baik
63,6304,Kalimantan Selatan,Barito Kuala,Kabupaten,2023,80.84,6,4.31,2025,73887,12.3,4.2,83.5,574,6304,25.531914893617024,5.927201180521395,18.635792997628677,3.178594142566686,18.143205708356348,3.178594142566686,15.898513973487898,10.21276595744681,1.4818002951303488,3.7271585995257355,0.47678912138500285,363,Q1 Rendah,Relatif tidak prioritas,18.581907090464547,11.00244498777506,57.57946210268948,47.67726161369193,11.491442542787286,1,Kondisi relatif baik
63,6305,Kalimantan Selatan,Tapin,Kabupaten,2023,88.1,6,2.91,2025,48575,11.1,2.1,86.8,523,6305,21.88449848024316,2.4840137727496314,8.508857581252627,1.9870155975710853,13.031263942982585,1.9870155975710853,11.37462669117086,8.753799392097264,0.6210034431874079,1.7017715162505256,0.2980523396356628,399,Q1 Rendah,Relatif tidak prioritas,13.447432762836186,2.078239608801956,92.05378973105135,28.850855745721272,2.689486552567237,1,Kondisi relatif baik
63,6308,Kalimantan Selatan,Hulu Sungai Utara,Kabupaten,2023,74.23,5,4.81,2025,59502,20.3,7.3,72.4,541,6308,49.84802431610943,7.156910969011313,27.856046868461426,2.5014110922442416,32.11723157928104,2.5014110922442416,27.674858506225526,19.939209726443774,1.7892277422528282,5.571209373692286,0.37521166383663623,181,Q3 Tinggi,Perlu ditingkatkan,68.45965770171149,16.381418092909534,32.27383863080684,36.91931540342298,55.99022004889975,1,Kondisi relatif baik
63,6310,Kalimantan Selatan,Tanah Bumbu,Kabupaten,2023,83.73,6,3.13,2025,95305,17.2,4.4,78.3,506,6310,40.42553191489361,3.025086079685194,14.60454735667457,4.186860153814939,23.349875008486656,4.186860153814939,20.4754227802859,16.170212765957444,0.7562715199212985,2.920909471334914,0.6280290230722408,301,Q2 Sedang,Perlu dipantau,49.1442542787286,2.93398533007335,72.86063569682152,58.924205378973106,26.65036674816626,1,Kondisi relatif baik
63,6311,Kalimantan Selatan,Balangan,Kabupaten,2023,81.94,6,4.64,2025,37781,13.0,3.0,84.0,611,6311,27.659574468085108,6.738809640924741,17.101408843632314,1.478881162730594,19.022134077872575,1.478881162730594,16.39064614060128,11.063829787234043,1.6847024102311852,3.420281768726463,0.2218321744095891,359,Q1 Rendah,Relatif tidak prioritas,21.39364303178484,14.91442542787286,63.08068459657702,20.048899755501225,12.469437652811736,1,Kondisi relatif baik
63,6371,Kalimantan Selatan,Banjarmasin,Kota,2023,85.62,6,4.52,2025,203071,19.8,6.7,73.6,630,6371,48.32826747720365,6.44367929168716,11.968196401171705,9.260013341235764,27.453960110632462,9.260013341235764,24.724868095222956,19.331306990881462,1.61091982292179,2.393639280234341,1.3890020011853645,230,Q2 Sedang,Perlu dipantau,66.13691931540342,13.93643031784841,83.00733496332519,80.1955990220049,44.00977995110024,1,Kondisi relatif baik
63,6372,Kalimantan Selatan,Banjar Baru,Kota,2023,82.35,6,3.44,2025,79536,13.5,1.9,84.6,439,6372,29.17933130699088,3.787506148548942,16.52950202259731,3.444524420722508,18.734717017003586,3.444524420722508,16.44118812756143,11.671732522796352,0.9468765371372355,3.305900404519462,0.5166786631083762,357,Q1 Rendah,Relatif tidak prioritas,24.08312958435208,4.52322738386308,64.79217603911981,51.58924205378973,12.95843520782396,1,Kondisi relatif baik
64,6401,Kalimantan Timur,Paser,Kabupaten,2023,83.7,6,8.13,2025,75351,17.8,5.6,76.5,538,6401,42.24924012158055,15.322183964584358,14.646394197238111,3.24751287636384,27.834730446148154,3.24751287636384,24.146647810680506,16.89969604863222,3.8305459911460895,2.9292788394476226,0.487126931454576,245,Q2 Sedang,Perlu dipantau,53.30073349633252,45.965770171149146,72.6161369193154,48.899755501222494,40.34229828850856,1,Kondisi relatif baik
64,6402,Kalimantan Timur,Kutai Kertanegara,Kabupaten,2023,85.53,6,6.72,2025,202003,11.8,2.5,85.8,549,6402,24.01215805471125,11.854402361042792,12.09373692286233,9.209736560023087,17.632013172609017,9.209736560023087,16.36867168072113,9.6048632218845,2.963600590260698,2.418747384572466,1.381460484003463,360,Q1 Rendah,Relatif tidak prioritas,16.13691931540342,35.69682151589242,81.90709046454768,79.95110024449878,12.224938875305623,1,Kondisi relatif baik
64,6403,Kalimantan Timur,Berau,Kabupaten,2023,85.33,6,4.44,2025,76877,17.2,6.2,76.6,508,6403,40.42553191489361,6.246925725528776,12.372715859952576,3.319350299707048,23.772338081564886,3.319350299707048,20.70438991428621,16.170212765957444,1.561731431382194,2.4745431719905153,0.4979025449560572,298,Q2 Sedang,Perlu dipantau,49.1442542787286,12.836185819070906,80.31784841075795,49.38875305623472,27.383863080684595,1,Kondisi relatif baik
64,6407,Kalimantan Timur,Kutai Barat,Kabupaten,2023,58.39,3,8.72,2025,48704,21.0,6.6,72.4,445,6407,51.975683890577514,16.77324151500246,49.951178686009214,1.993088354852392,41.14567020256878,1.993088354852392,35.27278292541133,20.790273556231007,4.193310378750615,9.990235737201843,0.2989632532278588,80,Q4 Sangat Tinggi,Sangat perlu ditingkatkan,72.98288508557457,50.12224938875306,8.312958435207824,29.095354523227385,80.68459657701712,0,"Gizi buruk, kemiskinan tinggi, IKP rendah"
64,6408,Kalimantan Timur,Kutai Timur,Kabupaten,2023,65.76,4,8.07,2025,117826,20.6,6.3,73.1,578,6408,50.759878419452896,15.174618789965566,39.6708048542335,5.247050593600255,37.68443180719912,5.247050593600255,32.81882462515929,20.30395136778116,3.7936546974913914,7.934160970846701,0.7870575890400382,96,Q4 Sangat Tinggi,Sangat perlu ditingkatkan,71.14914425427872,45.599022004889974,15.892420537897312,65.77017114914425,76.77261613691931,0,"Gizi buruk, kemiskinan tinggi, IKP rendah"
64,6409,Kalimantan Timur,Penajam Paser Utara,Kabupaten,2023,87.4,6,5.78,2025,47775,21.9,10.1,68.0,417,6409,54.71124620060791,9.54254795868175,9.485283861068483,1.9493550872994165,30.784932049561526,1.9493550872994165,26.45959550522221,21.884498480243167,2.3856369896704375,1.8970567722136966,0.2924032630949125,208,Q2 Sedang,Perlu dipantau,77.3838630806846,22.73838630806846,89.48655256723717,28.117359413202937,49.38875305623472,1,Kondisi relatif baik
64,6411,Kalimantan Timur,Mahakam Ulu,Kabupaten,2023,57.68,3,10.09,2025,8734,18.3,4.9,76.7,350,6411,43.76899696048632,20.14264633546483,50.94155391267958,0.11147511040413964,38.50773076540782,0.11147511040413964,32.74829241715727,17.507598784194528,5.035661583866207,10.188310782535916,0.016721266560620944,98,Q4 Sangat Tinggi,Sangat perlu ditingkatkan,56.11246943765281,59.41320293398533,8.06845965770171,0.9779951100244498,76.28361858190709,0,"Gizi buruk, kemiskinan tinggi, IKP rendah"
64,6471,Kalimantan Timur,Balikpapan,Kota,2023,91.4,6,1.97,2025,188504,20.2,4.6,75.3,645,6471,49.54407294832827,0.17215937038858842,3.9057051192634917,8.574262524826516,24.284482406801356,8.574262524826516,21.92794942450513,19.81762917933131,0.043039842597147104,0.7811410238526983,1.2861393787239772,279,Q2 Sedang,Perlu dipantau,67.72616136919315,0.4889975550122249,98.2885085574572,79.21760391198043,32.02933985330073,1,Kondisi relatif baik
64,6472,Kalimantan Timur,Samarinda,Kota,2023,88.97,6,3.45,2025,257460,15.2,5.1,79.7,448,6472,34.346504559270514,3.812100344318741,7.295299204910033,11.820410207693007,19.000807942082233,11.820410207693007,17.92374828192385,13.738601823708207,0.9530250860796853,1.4590598409820066,1.773061531153951,339,Q1 Rendah,Relatif tidak prioritas,35.33007334963325,4.88997555012225,94.13202933985329,85.57457212713936,17.359413202933986,1,Kondisi relatif baik
64,6474,Kalimantan Timur,Bontang,Kota,2023,88.76,6,3.21,2025,49719,16.5,4.2,79.3,552,6474,38.297872340425535,3.2218396458435805,7.588227088854794,2.0408701272595717,20.755593253414197,2.0408701272595717,17.948384784491,15.319148936170215,0.8054599114608951,1.5176454177709588,0.30613051908893574,338,Q1 Rendah,Relatif tidak prioritas,43.64303178484107,3.4229828850855744,93.8875305623472,30.073349633251834,17.6039119804401,1,Kondisi relatif baik
65,6502,Kalimantan Utara,Malinau,Kabupaten,2023,73.08,5,5.56,2025,24344,20.8,5.2,73.9,417,6502,51.3677811550152,9.001475651746187,29.46017575673038,0.846325817080077,33.75237238386906,0.846325817080077,28.816465398850717,20.547112462006083,2.2503689129365467,5.892035151346076,0.12694887256201154,159,Q3 Tinggi,Perlu ditingkatkan,72.24938875305624,21.515892420537895,28.850855745721272,8.557457212713937,61.36919315403423,1,Kondisi relatif baik
65,6504,Kalimantan Utara,Tana Tidung,Kabupaten,2023,60.54,4,4.56,2025,8192,5.9,1.5,92.6,417,6504,6.079027355623102,6.5420560747663545,46.95215511228902,0.08596011469508404,15.832418803998392,0.08596011469508404,13.470450000602897,2.431610942249241,1.6355140186915886,9.390431022457804,0.012894017204262606,387,Q1 Rendah,Relatif tidak prioritas,1.9559902200488997,14.180929095354522,11.00244498777506,0.7334963325183375,5.623471882640587,1,Kondisi relatif baik
65,6571,Kalimantan Utara,Tarakan,Kota,2023,86.06,6,5.03,2025,69423,10.8,1.8,87.4,394,6571,20.972644376899698,7.697983275946877,11.354442739573168,2.968448495250774,14.80522602077792,2.968448495250774,13.029709391948849,8.38905775075988,1.9244958189867192,2.2708885479146335,0.4452672742876161,393,Q1 Rendah,Relatif tidak prioritas,12.224938875305623,18.581907090464547,84.59657701711491,44.25427872860636,4.156479217603912,1,Kondisi relatif baik
71,7101,Sulawesi Utara,Bolaang Mongondow,Kabupaten,2023,84.87,6,6.98,2025,46872,16.4,2.9,80.7,656,7101,37.993920972644375,12.49385145105755,13.014367415260143,1.9068457863302704,24.616358511616664,1.9068457863302704,21.20993160282371,15.19756838905775,3.1234628627643874,2.602873483052029,0.2860268679495405,290,Q2 Sedang,Perlu dipantau,42.665036674816626,37.286063569682156,77.75061124694376,26.894865525672373,29.3398533007335,1,Kondisi relatif baik
71,7102,Sulawesi Utara,Minahasa,Kabupaten,2023,84.69,6,5.88,2025,62945,15.3,4.1,80.6,503,7102,34.650455927051674,9.788489916379733,13.265448458641382,2.663492513325936,22.30634651958103,2.663492513325936,19.35991841864277,13.86018237082067,2.4471224790949333,2.6530896917282765,0.3995238769988904,314,Q1 Rendah,Relatif tidak prioritas,36.552567237163814,24.449877750611247,77.01711491442543,40.34229828850856,23.4718826405868,1,Kondisi relatif baik
71,7103,Sulawesi Utara,Kepulauan Sangihe,Kabupaten,2023,53.22,3,10.91,2025,25643,16.7,7.5,75.8,447,7103,38.90577507598784,22.15937038858829,57.162784209792164,0.9074770706336993,38.27612878764781,0.9074770706336993,32.6708310300957,15.562310030395137,5.539842597147072,11.432556841958434,0.1361215605950549,100,Q4 Sangat Tinggi,Sangat perlu ditingkatkan,44.987775061124694,66.99266503667481,6.112469437652812,9.7799511002445,75.79462102689487,0,"Gizi buruk, kemiskinan tinggi, IKP rendah"
71,7104,Sulawesi Utara,Kepulauan Talaud,Kabupaten,2023,76.51,6,8.34,2025,19903,9.4,2.2,88.3,394,7104,16.717325227963524,15.83866207575012,24.675686985632584,0.6372629094344756,18.331450596764064,0.6372629094344756,15.677322443664629,6.68693009118541,3.95966551893753,4.9351373971265176,0.09558943641517134,366,Q1 Rendah,Relatif tidak prioritas,8.190709046454767,47.18826405867971,39.119804400978,5.134474327628362,10.757946210268948,1,Kondisi relatif baik
71,7105,Sulawesi Utara,Minahasa Selatan,Kabupaten,2023,83.2,6,8.26,2025,41095,19.3,8.8,71.8,517,7105,46.808510638297875,15.641908509591735,15.343841539963732,1.634889826530982,30.23841140083509,1.634889826530982,25.947883164689472,18.72340425531915,3.9104771273979337,3.0687683079927464,0.2452334739796473,214,Q2 Sedang,Perlu dipantau,63.691931540342296,46.69926650366748,69.92665036674816,23.4718826405868,47.92176039119804,1,Kondisi relatif baik
71,7106,Sulawesi Utara,Minahasa Utara,Kabupaten,2023,83.29,6,6.05,2025,51597,13.5,5.4,81.1,627,7106,29.17933130699088,10.206591244466306,15.218301018273117,2.129278175122314,20.314165338314766,2.129278175122314,17.5864322638359,11.671732522796352,2.5516478111165766,3.0436602036546234,0.3193917262683471,342,Q1 Rendah,Relatif tidak prioritas,24.08312958435208,26.894865525672373,70.29339853300733,31.54034229828851,16.625916870415647,1,Kondisi relatif baik
71,7108,Sulawesi Utara,Bolaang Mongondow Utara,Kabupaten,2023,81.6,6,7.15,2025,19482,18.6,7.7,73.6,556,7108,44.68085106382979,12.91195277914412,17.575673036685746,0.6174440659040099,28.959368503123642,0.6174440659040099,24.708079837540698,17.872340425531917,3.22798819478603,3.515134607337149,0.09261660988560148,231,Q2 Sedang,Perlu dipantau,58.06845965770171,38.50855745721272,61.61369193154034,4.88997555012225,43.76528117359413,1,Kondisi relatif baik
71,7109,Sulawesi Utara,Kepulauan Siau Tagulandang Biaro,Kabupaten,2023,52.79,3,8.32,2025,11764,15.2,4.7,80.1,503,7109,34.346504559270514,15.789473684210526,57.7625889245362,0.2541142930580852,34.39822121137421,0.2541142930580852,29.27660517362679,13.738601823708207,3.9473684210526314,11.552517784907241,0.038117143958712775,152,Q3 Tinggi,Perlu ditingkatkan,35.33007334963325,46.9437652811736,5.623471882640587,2.444987775061125,63.08068459657702,0,"Gizi buruk, kemiskinan tinggi, IKP rendah"
71,7111,Sulawesi Utara,Bolaang Mongondow Selatan,Kabupaten,2023,72.88,5,10.52,2025,17430,14.4,9.2,76.4,561,7111,31.914893617021278,21.200196753566157,29.739154693820623,0.5208448570571794,28.251573616428438,0.5208448570571794,24.09196430252275,12.765957446808512,5.300049188391539,5.947830938764125,0.07812672855857691,247,Q2 Sedang,Perlu dipantau,28.973105134474324,63.325183374083124,28.361858190709043,4.645476772616137,39.85330073349633,1,Kondisi relatif baik
71,7171,Sulawesi Utara,Manado,Kota,2023,85.33,6,4.99,2025,138237,14.7,4.1,81.3,595,7171,32.82674772036474,7.599606492867683,12.372715859952576,6.207911437544046,20.594286921592154,6.207911437544046,18.43633059898494,13.130699088145898,1.8999016232169208,2.4745431719905153,0.9311867156316068,330,Q1 Rendah,Relatif tidak prioritas,31.05134474327628,18.337408312958438,80.31784841075795,70.17114914425427,19.559902200489,1,Kondisi relatif baik
71,7172,Sulawesi Utara,Bitung,Kota,2023,80.89,6,5.81,2025,47713,16.7,8.4,74.9,678,7172,38.90577507598784,9.616330545991145,18.566048263356116,1.946436397753362,25.505414493604874,1.946436397753362,21.97156777922715,15.562310030395137,2.4040826364977863,3.7132096526712233,0.2919654596630043,278,Q2 Sedang,Perlu dipantau,44.987775061124694,23.227383863080682,58.19070904645477,27.628361858190708,32.27383863080684,1,Kondisi relatif baik
71,7173,Sulawesi Utara,Tomohon,Kota,2023,83.14,6,4.86,2025,27929,8.7,2.1,89.1,469,7173,14.589665653495437,7.2798819478603045,15.427535221090816,1.015091978734993,12.636875050095782,1.015091978734993,10.893607589391664,5.835866261398175,1.8199704869650761,3.085507044218163,0.15226379681024896,401,Q1 Rendah,Relatif tidak prioritas,5.8679706601467,17.114914425427873,69.07090464547677,12.224938875305623,2.2004889975550124,1,Kondisi relatif baik
71,7174,Sulawesi Utara,Kotamobago,Kota,2023,77.61,6,5.14,2025,32200,16.7,6.5,76.9,500,7174,38.90577507598784,7.968519429414657,23.141302831636214,1.2161520279478648,26.097294651854163,1.2161520279478648,22.365123258268223,15.562310030395137,1.9921298573536643,4.628260566327243,0.1824228041921797,271,Q2 Sedang,Perlu dipantau,44.987775061124694,18.82640586797066,43.76528117359413,16.13691931540342,33.98533007334964,1,Kondisi relatif baik
72,7201,Sulawesi Tengah,Banggai,Kabupaten,2023,85.72,6,6.23,2025,99078,24.2,4.5,71.4,629,7201,61.702127659574465,10.649286768322675,11.828706932626599,4.364476535383697,34.95166369698326,4.364476535383697,30.363585622743333,24.680851063829788,2.6623216920806687,2.3657413865253196,0.6546714803075545,143,Q3 Tinggi,Perlu ditingkatkan,88.87530562347187,30.073349633251834,83.61858190709046,61.36919315403423,65.28117359413203,1,Kondisi relatif baik
72,7202,Sulawesi Tengah,Poso,Kabupaten,2023,83.57,6,12.9,2025,49923,16.9,4.2,78.9,552,7202,39.513677811550146,27.05361534677816,14.827730506346782,2.0504735573788473,30.040495367745823,2.0504735573788473,25.841992096190783,15.805471124620059,6.76340383669454,2.9655461012693567,0.3075710336068271,219,Q2 Sedang,Perlu dipantau,47.18826405867971,77.75061124694376,71.5158924205379,30.56234718826406,46.69926650366748,1,Kondisi relatif baik
72,7203,Sulawesi Tengah,Donggala,Kabupaten,2023,72.27,5,14.66,2025,74514,22.3,7.3,70.4,669,7203,55.92705167173253,31.382193802262666,30.59004045194589,3.208110567492107,42.746326128997474,3.208110567492107,36.81559379477167,22.370820668693014,7.8455484505656665,6.1180080903891785,0.48121658512381604,68,Q4 Sangat Tinggi,Sangat perlu ditingkatkan,81.66259168704157,84.84107579462102,26.65036674816626,48.41075794621027,83.61858190709046,0,"Gizi buruk, kemiskinan tinggi, IKP rendah"
72,7204,Sulawesi Tengah,Toli-Toli,Kabupaten,2023,79.18,6,12.2,2025,54578,21.7,5.2,73.0,656,7204,54.1033434650456,25.332021642892272,20.951318175477752,2.26961065152212,37.84071344921983,2.26961065152212,32.505048029565174,21.64133738601824,6.333005410723068,4.19026363509555,0.340441597728318,104,Q3 Tinggi,Perlu ditingkatkan,75.91687041564792,74.44987775061125,49.877750611246945,33.74083129584352,74.81662591687042,0,"Gizi buruk, kemiskinan tinggi, IKP rendah"
72,7205,Sulawesi Tengah,Buol,Kabupaten,2023,83.11,6,12.48,2025,40657,26.1,10.8,63.1,556,7205,67.47720364741643,26.020659124446627,15.469382061654347,1.6142706971572434,43.04696782636364,1.6142706971572434,36.832063256982686,26.990881458966573,6.505164781111657,3.0938764123308697,0.2421406045735865,67,Q4 Sangat Tinggi,Sangat perlu ditingkatkan,93.64303178484109,75.55012224938875,68.33740831295843,22.73838630806846,83.86308068459658,0,"Gizi buruk, kemiskinan tinggi, IKP rendah"
72,7206,Sulawesi Tengah,Morowali,Kabupaten,2023,82.36,6,10.38,2025,55329,19.3,3.3,77.4,590,7206,46.808510638297875,20.85587801278898,16.515553075742783,2.3049644555396496,32.04762867489994,2.3049644555396496,27.5862290419959,18.72340425531915,5.213969503197245,3.3031106151485568,0.3457446683309474,182,Q3 Tinggi,Perlu ditingkatkan,63.691931540342296,61.980440097799516,65.03667481662592,34.229828850855746,55.74572127139364,1,Kondisi relatif baik
72,7207,Sulawesi Tengah,Banggai Kepulauan,Kabupaten,2023,53.61,3,11.49,2025,30219,22.9,5.5,71.5,540,7207,57.75075987841946,23.585833743236595,56.618775282466174,1.1228951893876449,47.43590287490608,1.1228951893876449,40.48895172207832,23.100303951367785,5.896458435809149,11.323755056493235,0.16843427840814673,47,Q4 Sangat Tinggi,Sangat perlu ditingkatkan,84.84107579462102,70.78239608801957,6.356968215158925,14.180929095354522,88.75305623471883,0,"Gizi buruk, kemiskinan tinggi, IKP rendah"
72,7208,Sulawesi Tengah,Parigi Moutong,Kabupaten,2023,77.59,6,13.51,2025,116715,16.1,6.2,77.7,583,7208,37.08206686930092,28.553861288735856,23.16920072534524,5.194749559960475,31.3001555470275,5.194749559960475,27.384344648967453,14.832826747720368,7.138465322183964,4.6338401450690485,0.7792124339940713,187,Q3 Tinggi,Perlu ditingkatkan,40.58679706601467,80.68459657701712,43.52078239608802,65.28117359413203,54.52322738386308,1,Kondisi relatif baik
72,7209,Sulawesi Tengah,Tojo Una Una,Kabupaten,2023,76.93,6,14.67,2025,41064,11.4,5.1,83.4,606,7209,22.796352583586625,31.40678799803246,24.08983121774305,1.633430481757955,25.633181501754557,1.633430481757955,22.03321884875507,9.118541033434651,7.851696999508115,4.817966243548611,0.24501457226369325,276,Q2 Sedang,Perlu dipantau,14.303178484107578,85.08557457212714,40.95354523227384,23.227383863080682,32.76283618581907,1,Kondisi relatif baik
72,7210,Sulawesi Tengah,Sigi,Kabupaten,2023,78.17,6,10.47,2025,61763,24.6,8.4,67.1,599,7210,62.9179331306991,21.077225774717164,22.36016180778352,2.6078491093995457,41.068837714724275,2.6078491093995457,35.29968942392557,25.16717325227964,5.269306443679291,4.472032361556704,0.39117736640993184,79,Q4 Sangat Tinggi,Sangat perlu ditingkatkan,90.2200488997555,62.59168704156479,46.69926650366748,39.36430317848411,80.92909535452323,0,"Gizi buruk, kemiskinan tinggi, IKP rendah"
72,7211,Sulawesi Tengah,Banggai Laut,Kabupaten,2023,50.77,2,12.71,2025,20130,22.1,4.5,73.3,564,7211,55.31914893617022,26.58632562715199,60.58027618914772,0.6479490792240616,48.10623084598309,0.6479490792240616,40.98748858096924,22.12765957446809,6.646581406787997,12.116055237829544,0.09719236188360925,45,Q4 Sangat Tinggi,Sangat perlu ditingkatkan,79.5843520782396,76.5281173594132,4.400977995110025,5.378973105134474,89.24205378973105,0,"Gizi buruk, kemiskinan tinggi, IKP rendah"
72,7212,Sulawesi Tengah,Morowali Utara,Kabupaten,2023,82.52,6,10.38,2025,32538,17.6,2.8,79.6,508,7212,41.64133738601824,20.85587801278898,16.29236992607059,1.2320635935376447,29.563504050374895,1.2320635935376447,25.31378798184931,16.6565349544073,5.213969503197245,3.2584739852141187,0.1848095390306467,225,Q2 Sedang,Perlu dipantau,51.34474327628362,61.980440097799516,65.52567237163814,16.625916870415647,45.2322738386308,1,Kondisi relatif baik
72,7271,Sulawesi Tengah,Palu,Kota,2023,80.05,6,5.26,2025,148357,19.1,6.5,74.4,454,7271,46.20060790273557,8.263649778652237,19.73775979913517,6.6843168924806555,28.816126547746258,6.6843168924806555,25.496355099456423,18.48024316109423,2.0659124446630592,3.947551959827034,1.0026475338720984,223,Q2 Sedang,Perlu dipantau,61.7359413202934,20.293398533007334,53.789731051344745,72.37163814180929,45.72127139364303,1,Kondisi relatif baik
73,7301,Sulawesi Selatan,Selayar,Kabupaten,2023,71.87,5,10.61,2025,32692,20.5,5.2,74.3,566,7301,50.455927051671736,21.42154451549434,31.14799832612638,1.2393132417649408,37.37336072325594,1.2393132417649408,31.953253601032294,20.182370820668694,5.355386128873585,6.229599665225276,0.18589698626474113,116,Q3 Tinggi,Perlu ditingkatkan,70.04889975550122,64.30317848410758,25.67237163814181,17.114914425427873,71.88264058679707,0,"Gizi buruk, kemiskinan tinggi, IKP rendah"
73,7302,Sulawesi Selatan,Bulukumba,Kabupaten,2023,83.03,6,6.06,2025,102339,22.1,3.1,74.8,655,7302,55.31914893617022,10.231185440236104,15.580973636490448,4.517990190378587,32.70782430802965,4.517990190378587,28.479349190381996,22.12765957446809,2.557796360059026,3.11619472729809,0.677698528556788,165,Q3 Tinggi,Perlu ditingkatkan,79.5843520782396,27.139364303178482,67.11491442542787,62.10268948655256,59.90220048899756,1,Kondisi relatif baik
73,7303,Sulawesi Selatan,Bantaeng,Kabupaten,2023,85.38,6,7.68,2025,53850,16.9,7.4,75.7,563,7303,39.513677811550146,14.215445154943431,12.302971125680017,2.2353395871749013,25.670501927637552,2.2353395871749013,22.15522757656815,15.805471124620059,3.553861288735858,2.4605942251360036,0.3353009380762352,274,Q2 Sedang,Perlu dipantau,47.18826405867971,42.053789731051346,80.68459657701712,32.76283618581907,33.251833740831295,1,Kondisi relatif baik
73,7304,Sulawesi Selatan,Jeneponto,Kabupaten,2023,79.69,6,11.42,2025,96799,27.0,10.0,63.0,686,7304,70.21276595744682,23.413674372848003,20.239921885897626,4.257191156747281,44.690011003965,4.257191156747281,38.625088026882345,28.08510638297873,5.853418593212001,4.047984377179525,0.6385786735120921,62,Q4 Sangat Tinggi,Sangat perlu ditingkatkan,95.59902200488997,70.4156479217604,52.07823960880196,59.65770171149144,85.08557457212714,0,"Gizi buruk, kemiskinan tinggi, IKP rendah"
73,7306,Sulawesi Selatan,Gowa,Kabupaten,2023,85.24,6,6.64,2025,211998,13.4,3.6,83.0,662,7306,28.87537993920973,11.657648794884407,12.498256381643202,9.680257560229748,19.957900530274863,9.680257560229748,18.4162540847681,11.550151975683892,2.914412198721102,2.4996512763286405,1.4520386340344622,331,Q1 Rendah,Relatif tidak prioritas,23.227383863080682,34.229828850855746,78.97310513447434,80.92909535452323,19.315403422982886,1,Kondisi relatif baik
73,7308,Sulawesi Selatan,Bone,Kabupaten,2023,83.86,6,9.13,2025,181658,19.8,6.2,74.0,705,7308,48.32826747720365,17.781603541564188,14.423211047565909,8.251982708176708,31.366294218571397,8.251982708176708,27.899147492012197,19.331306990881462,4.445400885391047,2.884642209513182,1.2377974062265062,174,Q3 Tinggi,Perlu ditingkatkan,66.13691931540342,52.567237163814184,73.83863080684596,77.99511002444987,57.701711491442545,1,Kondisi relatif baik
73,7310,Sulawesi Selatan,Pangkajene dan Kepulauan,Kabupaten,2023,79.47,6,11.6,2025,88592,22.7,2.5,74.8,686,7310,57.14285714285715,23.856369896704376,20.54679871669689,3.8708413969977986,38.741876558421566,3.8708413969977986,33.511221284208005,22.85714285714286,5.964092474176094,4.109359743339378,0.5806262095496698,91,Q4 Sangat Tinggi,Sangat perlu ditingkatkan,84.10757946210269,71.39364303178483,51.1002444987775,55.501222493887525,77.99511002444987,0,"Gizi buruk, kemiskinan tinggi, IKP rendah"
73,7311,Sulawesi Selatan,Barru,Kabupaten,2023,87.71,6,8.0,2025,47890,22.1,4.8,73.1,635,7311,55.31914893617022,15.002459419576978,9.052866508578617,1.954768785650969,32.57511497773889,1.954768785650969,27.982063048925706,22.12765957446809,3.7506148548942444,1.8105733017157235,0.2932153178476453,172,Q3 Tinggi,Perlu ditingkatkan,79.5843520782396,44.49877750611247,91.19804400977995,28.361858190709043,58.19070904645477,1,Kondisi relatif baik
73,7312,Sulawesi Selatan,Soppeng,Kabupaten,2023,86.35,6,6.65,2025,48774,23.2,3.4,73.4,611,7312,58.662613981762924,11.682242990654204,10.949923280792317,1.996383649501163,33.618342348855506,1.996383649501163,28.875048543952357,23.46504559270517,2.920560747663551,2.1899846561584635,0.29945754742517444,157,Q3 Tinggi,Perlu ditingkatkan,85.69682151589242,34.474327628361856,85.33007334963325,29.3398533007335,61.858190709046454,1,Kondisi relatif baik
73,7313,Sulawesi Selatan,Wajo,Kabupaten,2023,84.36,6,5.86,2025,88321,16.9,3.6,79.4,686,7313,39.513677811550146,9.739301524840139,13.725763704840288,3.8580838991432707,24.688763819762528,3.8580838991432707,21.564161831669644,15.805471124620059,2.4348253812100347,2.7451527409680576,0.5787125848714906,285,Q2 Sedang,Perlu dipantau,47.18826405867971,24.08312958435208,75.06112469437653,55.256723716381416,30.56234718826406,1,Kondisi relatif baik
73,7315,Sulawesi Selatan,Pinrang,Kabupaten,2023,87.2,6,8.38,2025,90981,18.2,4.0,77.7,651,7315,43.46504559270517,15.937038858829316,9.76426279815874,3.9833050957965694,27.438977072260165,3.9833050957965694,23.920626275790625,17.386018237082066,3.984259714707329,1.952852559631748,0.5974957643694854,250,Q2 Sedang,Perlu dipantau,55.13447432762836,47.67726161369193,88.26405867970661,57.457212713936435,39.119804400978,1,Kondisi relatif baik
73,7316,Sulawesi Selatan,Enrekang,Kabupaten,2023,82.12,6,10.73,2025,55155,29.2,5.1,65.7,667,7316,76.89969604863222,21.71667486473192,16.850327800251076,2.2967732945555612,46.5401325831601,2.2967732945555612,39.903628689869414,30.75987841945289,5.42916871618298,3.3700655600502154,0.3445159941833342,52,Q4 Sangat Tinggi,Sangat perlu ditingkatkan,97.92176039119805,65.03667481662592,64.05867970660147,33.98533007334964,87.53056234718827,0,"Gizi buruk, kemiskinan tinggi, IKP rendah"
73,7318,Sulawesi Selatan,Tana Toraja,Kabupaten,2023,77.74,6,10.54,2025,69845,21.6,5.9,72.4,660,7318,53.79939209726445,21.24938514510575,22.959966522527566,2.9883144144190794,36.96952521139733,2.9883144144190794,31.872343591850594,21.51975683890578,5.312346286276438,4.591993304505514,0.4482471621628619,118,Q3 Tinggi,Perlu ditingkatkan,74.93887530562347,63.691931540342296,44.49877750611247,44.987775061124694,71.39364303178483,1,Kondisi relatif baik
73,7322,Sulawesi Selatan,Luwu Utara,Kabupaten,2023,83.03,6,10.74,2025,69037,22.3,1.3,76.4,607,7322,55.92705167173253,21.74126906050172,15.580973636490448,2.950277299044694,36.37921489543121,2.950277299044694,31.364874255973238,22.370820668693014,5.43531726512543,3.11619472729809,0.44254159485670413,126,Q3 Tinggi,Perlu ditingkatkan,81.66259168704157,65.40342298288509,67.11491442542787,43.76528117359413,69.43765281173594,1,Kondisi relatif baik
73,7324,Sulawesi Selatan,Luwu Timur,Kabupaten,2023,87.82,6,5.79,2025,74473,17.5,4.3,78.2,631,7324,41.33738601823708,9.567142154451549,8.899428093178974,3.2061804663406837,24.360735958286487,3.2061804663406837,21.18755263449462,16.534954407294833,2.3917855386128872,1.779885618635795,0.4809270699511025,291,Q2 Sedang,Perlu dipantau,50.8557457212714,22.982885085574573,91.68704156479217,48.16625916870416,29.095354523227385,1,Kondisi relatif baik
73,7326,Sulawesi Selatan,Toraja Utara,Kabupaten,2023,80.44,6,10.05,2025,64558,21.3,6.3,72.4,645,7326,52.887537993920986,20.044269552385636,19.19375087180919,2.7394255171611883,35.29980324709017,2.7394255171611883,30.415746587600818,21.155015197568396,5.011067388096409,3.838750174361838,0.4109138275741782,142,Q3 Tinggi,Perlu ditingkatkan,74.08312958435208,58.06845965770171,55.74572127139364,40.58679706601467,65.52567237163814,1,Kondisi relatif baik
73,7371,Sulawesi Selatan,Makasar,Kota,2023,89.28,6,4.43,2025,494444,18.8,4.1,77.1,712,7371,45.2887537993921,6.222331529758976,6.862881852420144,22.976583165469457,24.757247967859545,22.976583165469457,24.490148247501033,18.11550151975684,1.555582882439744,1.3725763704840288,3.4464874748204184,239,Q2 Sedang,Perlu dipantau,59.41320293398533,12.469437652811736,94.86552567237165,96.08801955990221,41.80929095354523,1,Kondisi relatif baik
73,7372,Sulawesi Selatan,Pare-Pare,Kota,2023,83.07,6,4.44,2025,47030,21.2,4.9,73.9,561,7372,52.58358662613982,6.246925725528776,15.525177849072413,1.914283737108925,30.235531354885413,1.914283737108925,25.987344212218943,21.03343465045593,1.561731431382194,3.1050355698144827,0.28714256056633874,213,Q2 Sedang,Perlu dipantau,73.59413202933986,12.836185819070906,67.48166259168704,27.139364303178482,48.16625916870416,1,Kondisi relatif baik
73,7373,Sulawesi Selatan,Palopo,Kota,2023,82.93,6,7.18,2025,67008,18.5,4.3,77.3,667,7373,44.37689969604863,12.985735366453513,15.720463105035565,2.854760829868174,28.401513342399934,2.854760829868174,24.56950046552017,17.750759878419455,3.2464338416133782,3.144092621007113,0.42821412448022605,235,Q2 Sedang,Perlu dipantau,57.334963325183374,39.24205378973105,66.25916870415648,42.298288508557455,42.78728606356968,1,Kondisi relatif baik
74,7401,Sulawesi Tenggara,Kolaka,Kabupaten,2023,85.56,6,10.19,2025,68659,21.2,8.5,70.3,484,7401,52.58358662613982,20.388588293162808,12.051890082298788,2.9324827079413307,33.57759969436045,2.9324827079413307,28.98083214639759,21.03343465045593,5.097147073290702,2.4103780164597577,0.4398724061911996,155,Q3 Tinggi,Perlu ditingkatkan,73.59413202933986,60.63569682151589,82.3960880195599,43.52078239608802,62.34718826405869,1,Kondisi relatif baik
74,7402,Sulawesi Tenggara,Konawe,Kabupaten,2023,84.23,6,12.78,2025,67834,19.1,5.9,75.0,572,7402,46.20060790273557,26.758484997540577,13.907100013948948,2.893645306723672,32.883864015610776,2.893645306723672,28.385331209277716,18.48024316109423,6.689621249385144,2.78142000278979,0.4340467960085508,167,Q3 Tinggi,Perlu ditingkatkan,61.7359413202934,77.01711491442543,74.81662591687042,43.03178484107579,59.41320293398533,1,Kondisi relatif baik
74,7403,Sulawesi Tenggara,Muna,Kabupaten,2023,73.99,5,12.4,2025,69891,18.7,6.3,75.0,621,7403,44.984802431610944,25.82390555828824,28.19082159296974,2.9904798937597006,35.397719624482804,2.9904798937597006,30.536633664874344,17.99392097264438,6.45597638957206,5.638164318593948,0.4485719840639551,138,Q3 Tinggi,Perlu ditingkatkan,58.924205378973106,75.30562347188264,31.173594132029343,45.2322738386308,66.50366748166259,0,"Gizi buruk, kemiskinan tinggi, IKP rendah"
74,7404,Sulawesi Tenggara,Buton,Kabupaten,2023,69.46,5,13.46,2025,35154,22.3,6.5,71.2,515,7404,55.92705167173253,28.430890309886863,34.5096945180639,1.3552134621260017,42.80056723503236,1.3552134621260017,36.583764169096405,22.370820668693014,7.107722577471716,6.9019389036127805,0.20328201931890025,71,Q4 Sangat Tinggi,Sangat perlu ditingkatkan,81.66259168704157,80.440097799511,20.904645476772615,18.581907090464547,82.88508557457213,0,"Gizi buruk, kemiskinan tinggi, IKP rendah"
74,7406,Sulawesi Tenggara,Bombana,Kabupaten,2023,85.63,6,10.14,2025,44855,17.7,7.0,75.2,487,7406,41.94528875379939,20.265617314313822,11.954247454317212,1.8118942248078256,28.512199201131356,1.8118942248078256,24.50715345468283,16.778115501519757,5.0664043285784555,2.3908494908634426,0.2717841337211738,237,Q2 Sedang,Perlu dipantau,52.20048899755502,60.14669926650367,83.37408312958435,25.91687041564792,42.298288508557455,1,Kondisi relatif baik
74,7407,Sulawesi Tenggara,Wakatobi,Kabupaten,2023,51.98,3,13.4,2025,33048,20.6,3.5,75.9,573,7407,50.759878419452896,28.283325135268072,58.892453619751706,1.2560721688358336,46.062674559468846,1.2560721688358336,39.3416842008739,20.30395136778116,7.070831283817018,11.778490723950341,0.18841082532537504,57,Q4 Sangat Tinggi,Sangat perlu ditingkatkan,71.14914425427872,80.07334963325184,4.88997555012225,17.359413202933986,86.3080684596577,0,"Gizi buruk, kemiskinan tinggi, IKP rendah"
74,7409,Sulawesi Tenggara,Konawe Utara,Kabupaten,2023,78.67,6,11.89,2025,22994,22.2,4.8,73.0,560,7409,55.62310030395137,24.56960157402853,21.662714465057885,0.782773705996636,38.499039303646185,0.782773705996636,32.841599463998755,22.24924012158055,6.142400393507132,4.332542893011577,0.11741605589949539,95,Q4 Sangat Tinggi,Sangat perlu ditingkatkan,80.68459657701712,72.6161369193154,47.92176039119804,7.579462102689487,77.01711491442543,0,"Gizi buruk, kemiskinan tinggi, IKP rendah"
74,7410,Sulawesi Tenggara,Buton Utara,Kabupaten,2023,79.87,6,13.22,2025,20898,25.5,5.0,69.5,499,7410,65.65349544072949,27.840629611411703,19.988840842516385,0.6841031690848637,43.78743970311529,0.6841031690848637,37.32193922301073,26.261398176291795,6.960157402852926,3.9977681685032773,0.10261547536272955,65,Q4 Sangat Tinggi,Sangat perlu ditingkatkan,92.42053789731052,79.09535452322739,52.68948655256723,6.112469437652812,84.3520782396088,0,"Gizi buruk, kemiskinan tinggi, IKP rendah"
74,7411,Sulawesi Tenggara,Kolaka Timur,Kabupaten,2023,86.4,6,12.57,2025,27940,16.9,5.1,78.0,504,7411,39.513677811550146,26.242006886374813,10.880178546519737,1.0156098107512284,28.87295124178554,1.0156098107512284,24.69435002713039,15.805471124620059,6.560501721593703,2.1760357093039473,0.15234147161268424,232,Q2 Sedang,Perlu dipantau,47.18826405867971,76.03911980440098,85.94132029339853,12.469437652811736,43.52078239608802,1,Kondisi relatif baik
74,7412,Sulawesi Tenggara,Konawe Kepulauan,Kabupaten,2023,50.43,2,14.42,2025,11050,20.6,5.9,73.5,556,7412,50.759878419452896,30.7919331037875,61.054540382201154,0.2205022876406208,47.30922672960972,0.2205022876406208,40.24591806331436,20.30395136778116,7.697983275946875,12.210908076440232,0.03307534314609312,51,Q4 Sangat Tinggi,Sangat perlu ditingkatkan,71.14914425427872,84.3520782396088,4.156479217603912,2.2004889975550124,87.77506112469437,0,"Gizi buruk, kemiskinan tinggi, IKP rendah"
74,7413,Sulawesi Tenggara,Muna Barat,Kabupaten,2023,76.92,6,12.83,2025,24159,22.4,6.0,71.7,544,7413,56.23100303951368,26.881455976389567,24.103780164597577,0.8376168240797536,40.03943675626162,0.8376168240797536,34.15916376643434,22.492401215805472,6.720363994097392,4.820756032919515,0.12564252361196304,86,Q4 Sangat Tinggi,Sangat perlu ditingkatkan,82.64058679706602,77.50611246943765,40.58679706601467,8.06845965770171,79.21760391198043,0,"Gizi buruk, kemiskinan tinggi, IKP rendah"
74,7414,Sulawesi Tenggara,Buton Tengah,Kabupaten,2023,66.97,4,13.4,2025,34886,24.2,7.6,68.2,625,7414,61.702127659574465,28.283325135268072,37.9829822848375,1.3425971911849928,46.29209271131094,1.3425971911849928,39.54966838329206,24.680851063829788,7.070831283817018,7.5965964569675,0.2013895786777489,54,Q4 Sangat Tinggi,Sangat perlu ditingkatkan,88.87530562347187,80.07334963325184,17.6039119804401,18.337408312958438,87.04156479217605,0,"Gizi buruk, kemiskinan tinggi, IKP rendah"
74,7415,Sulawesi Tenggara,Buton Selatan,Kabupaten,2023,64.54,4,13.64,2025,26728,28.2,10.7,61.0,620,7415,73.86018237082067,28.87358583374324,41.372576370484026,0.9585541376896501,52.98468785983633,0.9585541376896501,45.18076780151433,29.544072948328267,7.21839645843581,8.274515274096805,0.1437831206534475,24,Q4 Sangat Tinggi,Sangat perlu ditingkatkan,97.06601466992664,81.66259168704157,14.425427872860636,10.513447432762836,94.37652811735941,0,"Gizi buruk, kemiskinan tinggi, IKP rendah"
74,7471,Sulawesi Tenggara,Kendari,Kota,2023,88.34,6,4.18,2025,166265,20.0,4.4,75.6,772,7471,48.93617021276596,5.6074766355140175,8.174082856744313,7.5273474149119615,26.601357429804413,7.5273474149119615,23.740255927570548,19.574468085106385,1.4018691588785044,1.6348165713488627,1.1291021122367941,252,Q2 Sedang,Perlu dipantau,66.99266503667481,9.535452322738386,92.90953545232273,75.06112469437653,38.63080684596577,1,Kondisi relatif baik
74,7472,Sulawesi Tenggara,Bau-Bau,Kota,2023,80.48,6,6.83,2025,57323,21.4,8.4,70.2,527,7472,53.191489361702125,12.124938514510573,19.137955084391123,2.3988332773917835,33.10049575316084,2.3988332773917835,28.49524638179549,21.27659574468085,3.0312346286276433,3.827591016878225,0.3598249916087675,163,Q3 Tinggi,Perlu ditingkatkan,74.32762836185819,36.3080684596577,55.99022004889975,35.94132029339853,60.391198044009776,1,Kondisi relatif baik
75,7501,Gorontalo,Gorontalo,Kabupaten,2023,80.13,6,14.89,2025,97719,22.1,6.2,71.7,646,7501,55.31914893617022,31.947860304968025,19.62616822429908,4.3005007435597,40.04689211243519,4.3005007435597,34.68493340710387,22.12765957446809,7.986965076242006,3.9252336448598157,0.6450751115339549,83,Q4 Sangat Tinggi,Sangat perlu ditingkatkan,79.5843520782396,85.57457212713936,54.034229828850854,60.391198044009776,79.95110024449878,0,"Gizi buruk, kemiskinan tinggi, IKP rendah"
75,7502,Gorontalo,Boalemo,Kabupaten,2023,81.41,6,16.37,2025,36711,6.3,1.7,92.0,572,7502,7.29483282674772,35.587801278898176,17.840703026921478,1.428510230242237,18.09767535977403,1.428510230242237,15.597300590344263,2.917933130699088,8.896950319724544,3.5681406053842957,0.21427653453633555,367,Q1 Rendah,Relatif tidak prioritas,2.567237163814181,89.24205378973105,60.391198044009776,19.315403422982886,10.513447432762836,1,Kondisi relatif baik
75,7503,Gorontalo,Bone Bolango,Kabupaten,2023,78.27,6,13.16,2025,39310,17.8,5.2,77.0,589,7503,42.24924012158055,27.693064436792913,22.2206723392384,1.5508598129873212,33.25540779491544,1.5508598129873212,28.499725597626227,16.89969604863222,6.923266109198228,4.444134467847681,0.23262897194809817,162,Q3 Tinggi,Perlu ditingkatkan,53.30073349633252,78.72860635696821,47.18826405867971,21.76039119804401,60.63569682151589,1,Kondisi relatif baik
75,7504,Gorontalo,Pohuwato,Kabupaten,2023,83.34,6,15.24,2025,38949,13.7,4.3,82.0,608,7504,29.78723404255319,32.80865715691096,15.14855628400056,1.5338655077272305,27.231493132998974,1.5338655077272305,23.376848989208213,11.914893617021278,8.20216428922774,3.029711256800112,0.23007982615908457,258,Q2 Sedang,Perlu dipantau,24.938875305623473,86.3080684596577,70.6601466992665,21.515892420537895,37.163814180929094,1,Kondisi relatif baik
75,7505,Gorontalo,Gorontalo Utara,Kabupaten,2023,79.07,6,15.89,2025,29988,19.2,6.4,74.3,437,7505,46.504559270516715,34.40727988194786,21.104756590877404,1.1120207170467005,36.97011176102251,1.1120207170467005,31.591398104426137,18.601823708206688,8.601819970486964,4.220951318175481,0.16680310755700506,120,Q3 Tinggi,Perlu ditingkatkan,62.8361858190709,87.77506112469437,49.63325183374083,13.93643031784841,70.90464547677261,0,"Gizi buruk, kemiskinan tinggi, IKP rendah"
75,7571,Gorontalo,Gorontalo,Kota,2023,87.59,6,5.31,2025,83077,25.6,5.6,68.8,595,7571,65.95744680851064,8.386620757501229,9.220253870832751,3.611219254312482,35.67492316111307,3.611219254312482,30.86536757509299,26.382978723404257,2.096655189375307,1.8440507741665504,0.5416828881468723,132,Q3 Tinggi,Perlu ditingkatkan,92.66503667481662,20.537897310513447,90.95354523227384,53.789731051344745,67.97066014669927,1,Kondisi relatif baik
76,7601,Sulawesi Barat,Mamuju Utara,Kabupaten,2023,60.1,4,4.96,2025,42032,29.2,7.5,63.3,624,7601,76.89969604863222,7.525823905558288,47.565908773887564,1.6789996991866742,49.59354841249409,1.6789996991866742,42.40636610549798,30.75987841945289,1.881455976389572,9.513181754777513,0.2518499548780011,36,Q4 Sangat Tinggi,Sangat perlu ditingkatkan,97.92176039119805,17.84841075794621,10.513447432762836,24.449877750611247,91.44254278728606,0,"Gizi buruk, kemiskinan tinggi, IKP rendah"
76,7602,Sulawesi Barat,Mamuju,Kabupaten,2023,82.26,6,6.99,2025,80968,29.3,9.4,61.4,597,7602,77.20364741641338,12.518445646827347,16.6550425442879,3.5119367341087946,43.93185751427032,3.5119367341087946,37.86886939724609,30.88145896656535,3.1296114117068368,3.3310085088575807,0.5267905101163192,64,Q4 Sangat Tinggi,Sangat perlu ditingkatkan,98.2885085574572,37.775061124694375,64.42542787286064,53.0562347188264,84.59657701711491,0,"Gizi buruk, kemiskinan tinggi, IKP rendah"
76,7603,Sulawesi Barat,Mamasa,Kabupaten,2023,72.65,5,13.66,2025,41745,28.1,7.6,64.3,498,7603,73.55623100303953,28.922774225282833,30.0599804714744,1.665488991126713,50.194331825683996,1.665488991126713,42.915005400500405,29.422492401215813,7.230693556320708,6.01199609429488,0.24982334866900693,34,Q4 Sangat Tinggi,Sangat perlu ditingkatkan,96.69926650366747,81.90709046454768,27.383863080684595,24.205378973105134,91.93154034229829,0,"Gizi buruk, kemiskinan tinggi, IKP rendah"
76,7604,Sulawesi Barat,Polewali Mandar,Kabupaten,2023,74.59,5,14.02,2025,129248,24.6,6.9,68.5,690,7604,62.9179331306991,29.808165272995566,27.35388478169898,5.784748529004006,44.81175473749215,5.784748529004006,38.95770380621892,25.16717325227964,7.452041318248892,5.4707769563397965,0.8677122793506009,61,Q4 Sangat Tinggi,Sangat perlu ditingkatkan,90.2200488997555,83.12958435207824,33.251833740831295,67.23716381418093,85.33007334963325,0,"Gizi buruk, kemiskinan tinggi, IKP rendah"
76,7606,Sulawesi Barat,Mamuju Tengah,Kabupaten,2023,82.26,6,7.22,2025,38343,22.7,8.8,68.5,520,7606,57.14285714285715,13.084112149532709,16.6550425442879,1.5053376711964415,34.65785812162778,1.5053376711964415,29.68498005406309,22.85714285714286,3.2710280373831773,3.3310085088575807,0.2258006506794662,150,Q3 Tinggi,Perlu ditingkatkan,84.10757946210269,39.85330073349633,64.42542787286064,20.537897310513447,63.56968215158925,1,Kondisi relatif baik
81,8101,Maluku,Maluku Tengah,Kabupaten,2023,72.21,5,16.71,2025,98532,17.8,9.2,73.0,614,8101,42.24924012158055,36.42400393507132,30.673734133072973,4.3387732371232826,37.8122868929584,4.3387732371232826,32.79125984458314,16.89969604863222,9.10600098376783,6.134746826614595,0.6508159855684924,97,Q4 Sangat Tinggi,Sangat perlu ditingkatkan,53.30073349633252,89.97555012224939,26.405867970660147,61.12469437652812,76.5281173594132,0,"Gizi buruk, kemiskinan tinggi, IKP rendah"
81,8102,Maluku,Maluku Tenggara,Kabupaten,2023,56.04,3,21.16,2025,31595,22.0,6.1,71.9,537,8102,55.01519756838906,47.368421052631575,53.22918119681963,1.1876712670549152,52.345906505738164,1.1876712670549152,44.672171219935684,22.006079027355625,11.842105263157894,10.645836239363927,0.17815069005823728,27,Q4 Sangat Tinggi,Sangat perlu ditingkatkan,78.36185819070904,94.13202933985329,7.334963325183375,15.892420537897312,93.64303178484109,0,"Gizi buruk, kemiskinan tinggi, IKP rendah"
81,8103,Maluku,Kepulauan Tanimbar,Kabupaten,2023,62.75,4,23.38,2025,38585,21.9,7.6,70.5,631,8103,54.71124620060791,52.828332513526796,43.869437857441774,1.5167299755536212,51.60643432954496,1.5167299755536212,44.092978676446265,21.884498480243167,13.207083128381699,8.773887571488356,0.22750949633304318,30,Q4 Sangat Tinggi,Sangat perlu ditingkatkan,77.3838630806846,95.59902200488997,13.202933985330073,20.78239608801956,92.90953545232273,0,"Gizi buruk, kemiskinan tinggi, IKP rendah"
81,8104,Maluku,Buru,Kabupaten,2023,80.85,6,15.11,2025,41383,19.3,6.1,74.6,592,8104,46.808510638297875,32.488932611903586,18.621844050774182,1.6484476102287828,35.96471319817633,1.6484476102287828,30.8172733599842,18.72340425531915,8.122233152975896,3.7243688101548367,0.24726714153431742,133,Q3 Tinggi,Perlu ditingkatkan,63.691931540342296,85.81907090464547,57.94621026894865,23.71638141809291,67.72616136919315,0,"Gizi buruk, kemiskinan tinggi, IKP rendah"
81,8105,Maluku,Seram Bagian Timur,Kabupaten,2023,68.78,5,20.9,2025,36824,20.5,14.5,65.0,538,8105,50.455927051671736,46.72897196261682,35.45822290417073,1.4338297773181103,45.83089222606711,1.4338297773181103,39.17133285875477,20.182370820668694,11.682242990654204,7.091644580834147,0.21507446659771653,59,Q4 Sangat Tinggi,Sangat perlu ditingkatkan,70.04889975550122,93.8875305623472,19.315403422982886,19.559902200489,85.81907090464547,0,"Gizi buruk, kemiskinan tinggi, IKP rendah"
81,8106,Maluku,Seram Bagian Barat,Kabupaten,2023,59.5,3,21.85,2025,60189,22.1,11.7,66.2,532,8106,55.31914893617022,49.06542056074766,48.402845585158325,2.5337520554400372,51.85245156669019,2.5337520554400372,44.45464664000268,22.12765957446809,12.266355140186915,9.680569117031666,0.3800628083160056,28,Q4 Sangat Tinggi,Sangat perlu ditingkatkan,79.5843520782396,94.62102689486552,10.024449877750612,37.40831295843521,93.39853300733496,0,"Gizi buruk, kemiskinan tinggi, IKP rendah"
81,8107,Maluku,Kepulauan Aru,Kabupaten,2023,44.01,2,23.1,2025,30891,22.4,15.2,62.4,576,8107,56.23100303951368,52.13969503197246,70.00976426279817,1.1545300180158466,58.26973861924496,1.1545300180158466,49.70245732906059,22.492401215805472,13.034923757993115,14.001952852559635,0.173179502702377,12,Q4 Sangat Tinggi,Sangat perlu ditingkatkan,82.64058679706602,95.11002444987776,1.7114914425427872,14.91442542787286,97.31051344743277,0,"Gizi buruk, kemiskinan tinggi, IKP rendah"
81,8108,Maluku,Maluku Barat Daya,Kabupaten,2023,65.24,4,27.65,2025,26933,18.3,5.4,76.2,621,8108,43.76899696048632,63.330054107230694,40.39615009066817,0.9682046434467653,48.72863803427745,0.9682046434467653,41.564573025652855,17.507598784194528,15.832513526807674,8.079230018133634,0.14523069651701478,40,Q4 Sangat Tinggi,Sangat perlu ditingkatkan,56.11246943765281,98.53300733496333,14.91442542787286,11.00244498777506,90.4645476772616,0,"Gizi buruk, kemiskinan tinggi, IKP rendah"
81,8109,Maluku,Buru Selatan,Kabupaten,2023,59.08,3,14.84,2025,25708,26.2,13.5,60.3,521,8109,67.78115501519757,31.82488932611903,48.988701353047844,0.9105369870932724,52.78402895084512,0.9105369870932724,45.00300515628234,27.112462006079028,7.956222331529758,9.79774027060957,0.13658054806399084,25,Q4 Sangat Tinggi,Sangat perlu ditingkatkan,94.00977995110024,85.33007334963325,9.04645476772616,10.024449877750612,94.13202933985329,0,"Gizi buruk, kemiskinan tinggi, IKP rendah"
81,8171,Maluku,Ambon,Kota,2023,84.73,6,4.34,2025,123611,15.3,4.4,80.3,448,8171,34.650455927051674,6.000983767830792,13.209652671223326,5.519383158502261,21.179245702380037,5.519383158502261,18.830266320798373,13.86018237082067,1.500245941957698,2.6419305342446653,0.827907473775339,324,Q1 Rendah,Relatif tidak prioritas,36.552567237163814,11.491442542787286,77.26161369193154,66.74816625916871,21.026894865525673,1,Kondisi relatif baik
81,8172,Maluku,Tual,Kota,2023,54.91,4,19.39,2025,21173,19.1,6.1,74.9,550,8172,46.20060790273557,43.01524840137728,54.80541219137955,0.6970489694907499,47.28839729378171,0.6970489694907499,40.29969504513807,18.48024316109423,10.75381210034432,10.961082438275911,0.10455734542361249,50,Q4 Sangat Tinggi,Sangat perlu ditingkatkan,61.7359413202934,92.1760391198044,6.601466992665037,6.601466992665037,88.01955990220048,0,"Gizi buruk, kemiskinan tinggi, IKP rendah"
82,8201,Maluku Utara,Halmahera Barat,Kabupaten,2023,52.84,3,7.9,2025,30555,17.8,4.3,77.9,588,8201,42.24924012158055,14.756517461878996,57.692844190263635,1.1387126037017459,37.79693441429964,1.1387126037017459,32.29820114270996,16.89969604863222,3.689129365469749,11.538568838052727,0.17080689055526188,108,Q3 Tinggi,Perlu ditingkatkan,53.30073349633252,43.76528117359413,5.8679706601467,14.66992665036675,73.83863080684596,0,"Gizi buruk, kemiskinan tinggi, IKP rendah"
82,8203,Maluku Utara,Halmahera Utara,Kabupaten,2023,81.2,6,4.35,2025,64758,17.0,4.8,78.3,615,8203,39.81762917933131,6.025577963600589,18.133630910866227,2.7488406447291056,24.776673346830492,2.7488406447291056,21.472498441515285,15.927051671732526,1.5063944909001472,3.6267261821732455,0.4123260967093658,288,Q2 Sedang,Perlu dipantau,48.16625916870416,11.7359413202934,58.679706601467,41.075794621026894,29.82885085574572,1,Kondisi relatif baik
82,8204,Maluku Utara,Halmahera Selatan,Kabupaten,2023,52.4,3,4.81,2025,75477,25.7,6.6,67.7,600,8204,66.26139817629179,7.156910969011313,58.306597851862186,3.253444406731628,47.00600774487292,3.253444406731628,40.44312324415173,26.50455927051672,1.7892277422528282,11.661319570372438,0.48801666100974417,48,Q4 Sangat Tinggi,Sangat perlu ditingkatkan,93.03178484107579,16.381418092909534,5.134474327628362,49.1442542787286,88.50855745721272,0,"Gizi buruk, kemiskinan tinggi, IKP rendah"
82,8206,Maluku Utara,Halmahera Timur,Kabupaten,2023,76.12,6,10.54,2025,25500,19.1,5.2,75.8,455,8206,46.20060790273557,21.24938514510575,25.219695912958574,0.9007452544226385,33.92532779995574,0.9007452544226385,28.971640418125777,18.48024316109423,5.312346286276438,5.043939182591715,0.13511178816339578,156,Q3 Tinggi,Perlu ditingkatkan,61.7359413202934,63.691931540342296,37.40831295843521,9.535452322738386,62.10268948655256,1,Kondisi relatif baik
82,8208,Maluku Utara,Pulau Taliabu,Kabupaten,2023,47.87,2,6.63,2025,22123,20.4,4.5,75.1,438,8208,50.15197568389058,11.633054599114608,64.62547077695635,0.7417708254383566,42.228409504383706,0.7417708254383566,36.005413702541915,20.060790273556236,2.908263649778652,12.925094155391271,0.11126562381575349,75,Q4 Sangat Tinggi,Sangat perlu ditingkatkan,69.19315403422983,33.98533007334964,3.4229828850855744,7.334963325183375,81.90709046454768,0,"Gizi buruk, kemiskinan tinggi, IKP rendah"
82,8271,Maluku Utara,Ternate,Kota,2023,89.51,6,3.34,2025,72017,14.2,2.4,83.4,459,8271,31.30699088145896,3.5415641908509583,6.542056074766355,3.0905626998066604,17.313645429705407,3.0905626998066604,15.180183020220595,12.522796352583585,0.8853910477127396,1.3084112149532712,0.46358440497099906,372,Q1 Rendah,Relatif tidak prioritas,27.628361858190708,4.156479217603912,95.35452322738386,46.454767726161364,9.290953545232274,1,Kondisi relatif baik
82,8272,Maluku Utara,Tidore Kepulauan,Kota,2023,65.83,5,6.54,2025,30461,12.0,4.6,83.4,343,8272,24.620060790273556,11.411706837186426,39.573162226251924,1.1342874937448246,24.25362761253696,1.1342874937448246,20.78572659471814,9.848024316109424,2.8529267092966064,7.914632445250385,0.1701431240617237,296,Q2 Sedang,Perlu dipantau,16.748166259168702,33.496332518337404,16.13691931540342,14.425427872860636,27.87286063569682,1,Kondisi relatif baik
91,9103,Papua,Jayapura,Kabupaten,2023,72.14,5,13.03,2025,55503,15.2,7.3,77.4,559,9103,34.346504559270514,27.373339891785538,30.771376761054547,2.3131556165237375,31.45436723395941,2.3131556165237375,27.08318549134406,13.738601823708207,6.843334972946384,6.1542753522109095,0.3469733424785606,192,Q3 Tinggi,Perlu ditingkatkan,35.33007334963325,78.4841075794621,25.91687041564792,34.474327628361856,53.30073349633252,1,Kondisi relatif baik
91,9105,Papua,Kepulauan Yapen,Kabupaten,2023,69.7,5,28.0,2025,31100,22.2,11.3,66.4,539,9105,55.62310030395137,64.19085095917363,34.17491979355559,1.1643688263243201,53.096396258923605,1.1643688263243201,45.30659214403372,22.24924012158055,16.047712739793408,6.834983958711118,0.17465532394864802,22,Q4 Sangat Tinggi,Sangat perlu ditingkatkan,80.68459657701712,98.77750611246944,21.515892420537895,15.158924205378973,94.86552567237165,0,"Gizi buruk, kemiskinan tinggi, IKP rendah"
91,9110,Papua,Sarmi,Kabupaten,2023,61.25,4,15.17,2025,13407,16.0,15.6,68.4,478,9110,36.77811550151976,32.636497786522376,45.96177988561864,0.331459566028525,37.720854852190854,0.331459566028525,32.112445559266504,14.711246200607903,8.159124446630594,9.192355977123729,0.04971893490427875,112,Q3 Tinggi,Perlu ditingkatkan,39.60880195599022,86.06356968215158,11.491442542787286,3.4229828850855744,72.86063569682152,0,"Gizi buruk, kemiskinan tinggi, IKP rendah"
91,9115,Papua,Waropen,Kabupaten,2023,61.63,4,32.6,2025,8918,13.4,8.9,77.7,476,9115,28.87537993920973,75.50418101328087,45.43171990514715,0.12013702776662347,46.48534260003945,0.12013702776662347,39.53056176419853,11.550151975683892,18.876045253320218,9.08634398102943,0.01802055416499352,55,Q4 Sangat Tinggi,Sangat perlu ditingkatkan,23.227383863080682,99.51100244498777,11.98044009779951,1.466992665036675,86.79706601466992,0,"Gizi buruk, kemiskinan tinggi, IKP rendah"
91,9119,Papua,Supiori,Kabupaten,2023,30.41,1,42.56,2025,8824,23.2,14.3,62.5,479,9119,58.662613981762924,100.0,88.98033198493513,0.11571191780970237,77.95424939963787,0.11571191780970237,66.27846877736366,23.46504559270517,25.0,17.796066396987026,0.017356787671455355,1,Q4 Sangat Tinggi,Sangat perlu ditingkatkan,85.69682151589242,100.0,0.4889975550122249,1.2224938875305624,100.0,0,"Gizi buruk, kemiskinan tinggi, IKP rendah"
91,9120,Papua,Mamberamo Raya,Kabupaten,2023,22.51,1,35.09,2025,11940,14.9,18.9,66.2,390,9120,33.43465045592705,81.62813575996066,100.0,0.26239960531785234,63.27164014395409,0.26239960531785234,53.820254063158664,13.37386018237082,20.407033939990164,20.0,0.03935994079767785,8,Q4 Sangat Tinggi,Sangat perlu ditingkatkan,32.88508557457212,99.75550122249389,0.24449877750611246,2.689486552567237,98.2885085574572,0,"Gizi buruk, kemiskinan tinggi, IKP rendah"
91,9301,Papua,Merauke,Kabupaten,2023,83.08,6,11.31,2025,77929,13.9,4.6,81.4,459,9301,30.3951367781155,23.143138219380223,15.511228902217889,3.368873870714293,24.76010005474686,3.368873870714293,21.551416127141977,12.158054711246201,5.785784554845056,3.102245780443578,0.5053310806071439,286,Q2 Sedang,Perlu dipantau,26.65036674816626,70.17114914425427,67.72616136919315,50.36674816625917,30.317848410757946,1,Kondisi relatif baik
92,9201,Papua Barat,Sorong,Kabupaten,2023,46.99,2,25.1,2025,32599,16.2,8.9,74.8,468,9201,37.38601823708206,57.05853418593212,65.85297810015344,1.2349352074458595,49.87016054276064,1.2349352074458595,42.57487674246342,14.954407294832826,14.26463354648303,13.170595620030689,0.18524028111687893,35,Q4 Sangat Tinggi,Sangat perlu ditingkatkan,41.19804400977995,96.57701711491443,2.444987775061125,16.87041564792176,91.68704156479217,0,"Gizi buruk, kemiskinan tinggi, IKP rendah"
92,9202,Papua Barat,Manokwari,Kabupaten,2023,66.85,4,17.38,2025,66348,19.0,4.5,76.5,511,9202,45.89665653495441,38.0718150516478,38.15036964709165,2.8236909088940476,41.772576830955344,2.8236909088940476,35.93024394264615,18.358662613981764,9.51795376291195,7.63007392941833,0.42355363633410714,76,Q4 Sangat Tinggi,Sangat perlu ditingkatkan,60.391198044009776,90.95354523227384,17.359413202933986,41.80929095354523,81.66259168704157,0,"Gizi buruk, kemiskinan tinggi, IKP rendah"
92,9203,Papua Barat,Fak-Fak,Kabupaten,2023,47.32,2,19.86,2025,28073,17.7,3.3,79.0,495,9203,41.94528875379939,44.171175602557796,65.39266285395453,1.0218708705838933,48.11699055641189,1.0218708705838933,41.052722603537696,16.778115501519757,11.042793900639449,13.078532570790907,0.15328063058758398,43,Q4 Sangat Tinggi,Sangat perlu ditingkatkan,52.20048899755502,92.42053789731052,3.1784841075794623,12.71393643031785,89.73105134474328,0,"Gizi buruk, kemiskinan tinggi, IKP rendah"
92,9204,Papua Barat,Sorong Selatan,Kabupaten,2023,48.46,2,17.66,2025,15920,21.8,9.5,68.7,368,9204,54.40729483282676,38.76045253320216,63.80248291254011,0.4497606439194046,52.01591488110502,0.4497606439194046,44.280991745527174,21.762917933130705,9.69011313330054,12.760496582508022,0.0674640965879107,29,Q4 Sangat Tinggi,Sangat perlu ditingkatkan,76.65036674816625,91.19804400977995,3.6674816625916873,4.156479217603912,93.15403422982885,0,"Gizi buruk, kemiskinan tinggi, IKP rendah"
92,9205,Papua Barat,Raja Ampat,Kabupaten,2023,44.12,2,16.57,2025,20501,25.1,12.3,62.6,448,9205,64.43768996960488,36.07968519429414,69.85632584739852,0.6654141408625481,57.37207347752375,0.6654141408625481,48.86607457702458,25.77507598784195,9.019921298573536,13.971265169479706,0.09981212112938222,15,Q4 Sangat Tinggi,Sangat perlu ditingkatkan,91.56479217603912,89.73105134474328,1.9559902200488997,5.8679706601467,96.57701711491443,0,"Gizi buruk, kemiskinan tinggi, IKP rendah"
92,9206,Papua Barat,Teluk Bintuni,Kabupaten,2023,40.88,1,25.34,2025,21156,16.9,5.4,77.7,597,9206,39.513677811550146,57.64879488440727,74.37578462826056,0.6962486836474769,53.050384436910576,0.6962486836474769,45.19726407392111,15.805471124620059,14.412198721101818,14.875156925652114,0.10443730254712154,23,Q4 Sangat Tinggi,Sangat perlu ditingkatkan,47.18826405867971,96.82151589242054,1.466992665036675,6.356968215158925,94.62102689486552,0,"Gizi buruk, kemiskinan tinggi, IKP rendah"
92,9207,Papua Barat,Teluk Wondama,Kabupaten,2023,32.93,1,27.57,2025,12772,22.5,6.7,70.8,653,9207,56.53495440729483,63.1333005410723,85.46519737759799,0.3015665360003879,65.28276043965364,0.3015665360003879,55.535581354105666,22.613981762917934,15.783325135268075,17.0930394755196,0.04523498040005818,6,Q4 Sangat Tinggi,Sangat perlu ditingkatkan,83.37408312958435,98.2885085574572,0.9779951100244498,3.1784841075794623,98.77750611246944,0,"Gizi buruk, kemiskinan tinggi, IKP rendah"
92,9208,Papua Barat,Kaimana,Kabupaten,2023,47.12,2,13.83,2025,20388,13.2,7.0,79.8,441,9208,28.267477203647413,29.3408755533694,65.67164179104479,0.6600945937866748,37.384162503541496,0.6600945937866748,31.875552317078274,11.306990881458965,7.33521888834235,13.13432835820896,0.09901418906800122,117,Q3 Tinggi,Perlu ditingkatkan,22.249388753056234,82.3960880195599,2.93398533007335,5.623471882640587,71.63814180929096,0,"Gizi buruk, kemiskinan tinggi, IKP rendah"
92,9211,Papua Barat,Manokwari Selatan,Kabupaten,2023,67.12,4,26.52,2025,9425,19.6,6.8,73.6,505,9211,47.72036474164134,60.550909985243486,37.77374808201981,0.14400437615129355,49.15367412867219,0.14400437615129355,41.80222366579406,19.08814589665654,15.137727496310871,7.554749616403962,0.021600656422694032,39,Q4 Sangat Tinggi,Sangat perlu ditingkatkan,65.15892420537898,97.79951100244499,17.84841075794621,1.7114914425427872,90.70904645476773,0,"Gizi buruk, kemiskinan tinggi, IKP rendah"
92,9212,Papua Barat,Pegunungan Arfak,Kabupaten,2023,32.87,1,30.88,2025,6366,26.4,12.9,60.7,332,9212,68.38905775075989,71.27397934087554,85.54889105872508,0.0,73.27517193796218,0.0,62.28389614726786,27.35562310030396,17.818494835218885,17.109778211745017,0.0,2,Q4 Sangat Tinggi,Sangat perlu ditingkatkan,94.49877750611248,99.26650366748166,0.7334963325183375,0.24449877750611246,99.75550122249389,0,"Gizi buruk, kemiskinan tinggi, IKP rendah"
