kode_wilayah,kode_prov,provinsi,kabupaten_kota,tipe_wilayah,tahun,stunting_pct,kemiskinan_pct,ikp_score,quality_flag,stunting_risk,poverty_risk,food_risk,priority_score,contrib_stunting,contrib_kemiskinan,contrib_ikp
1101,11,Aceh,Aceh Selatan,Kabupaten,2022,34.8,12.43,71.02,,93.5656836461126,68.36461126005362,72.2520107238606,81.14209115281501,43.97587131367292,19.825737265415547,17.340482573726543
1102,11,Aceh,Aceh Tenggara,Kabupaten,2022,36.7,12.83,77.39,,95.84450402144772,71.84986595174263,49.597855227882036,77.78686327077747,45.046916890080425,20.83646112600536,11.903485254691688
1103,11,Aceh,Aceh Timur,Kabupaten,2022,33.6,13.91,76.55,,91.01876675603218,78.55227882037534,52.54691689008043,78.17024128686327,42.77882037533512,22.780160857908847,12.611260053619302
1104,11,Aceh,Aceh Tengah,Kabupaten,2022,32.0,14.5,63.93,,87.39946380697052,80.9651474530831,82.30563002680965,84.31099195710455,41.07774798927614,23.479892761394098,19.753351206434317
1105,11,Aceh,Aceh Barat,Kabupaten,2022,30.4,17.93,77.56,,82.30563002680965,90.88471849865952,48.257372654155496,76.62198391420911,38.683646112600535,26.35656836461126,11.581769436997318
1106,11,Aceh,Aceh Besar,Kabupaten,2022,27.0,13.38,81.49,,69.3029490616622,75.06702412868633,26.273458445040205,60.64745308310992,32.57238605898124,21.769436997319033,6.3056300268096495
1107,11,Aceh,Pidie,Kabupaten,2022,27.8,18.79,72.52,,73.7265415549598,93.5656836461126,67.5603217158177,78.0,34.6514745308311,27.134048257372655,16.214477211796247
1108,11,Aceh,Aceh Utara,Kabupaten,2022,38.3,16.86,75.85,,97.31903485254692,88.73994638069705,55.22788203753351,84.72922252010723,45.73994638069705,25.734584450402142,13.254691689008043
1109,11,Aceh,Simeulue,Kabupaten,2022,37.2,18.37,74.63,,96.7828418230563,91.68900804289544,59.78552278820376,86.42627345844504,45.487935656836456,26.589812332439674,14.348525469168901
1110,11,Aceh,Aceh Singkil,Kabupaten,2022,34.0,19.18,51.88,,91.68900804289544,94.10187667560321,93.83378016085791,92.90348525469167,43.09383378016085,27.28954423592493,22.5201072386059
1111,11,Aceh,Bireuen,Kabupaten,2022,23.4,12.51,78.79,,51.34048257372654,69.0348525469169,42.76139410187667,54.41286863270777,24.130026809651472,20.0201072386059,10.2627345844504
1113,11,Aceh,Gayo Lues,Kabupaten,2022,34.6,18.87,72.31,,93.02949061662198,93.8337801608579,68.63270777479893,87.40750670241286,43.72386058981233,27.211796246648788,16.471849865951743
1114,11,Aceh,Aceh Jaya,Kabupaten,2022,19.9,12.51,77.41,,34.98659517426274,69.0348525469169,49.06166219839142,48.238605898123325,16.443699731903486,20.0201072386059,11.77479892761394
1115,11,Aceh,Nagan Raya,Kabupaten,2022,28.8,17.38,74.47,,77.07774798927613,89.81233243967829,60.85790884718499,76.87801608579088,36.22654155495978,26.0455764075067,14.605898123324396
1116,11,Aceh,Aceh Tamiang,Kabupaten,2022,27.4,12.61,79.33,,71.58176943699732,69.97319034852548,38.87399463806971,63.26541554959785,33.64343163538874,20.292225201072387,9.32975871313673
1117,11,Aceh,Bener Meriah,Kabupaten,2022,37.0,18.39,48.14,,96.51474530831099,91.95710455764075,94.63806970509384,94.74262734584451,45.361930294906166,26.667560321715815,22.71313672922252
1118,11,Aceh,Pidie Jaya,Kabupaten,2022,37.8,18.45,76.06,,97.05093833780161,92.49329758713137,53.88739946380697,85.36997319034852,45.61394101876675,26.823056300268096,12.932975871313673
1171,11,Aceh,Banda Aceh,Kota,2022,25.1,7.13,84.36,,62.33243967828418,32.707774798927616,12.868632707774793,41.86997319034852,29.296246648793563,9.485254691689008,3.0884718498659502
1172,11,Aceh,Sabang,Kota,2022,23.4,14.66,61.7,,51.34048257372654,82.30563002680965,84.1823056300268,68.2024128686327,24.130026809651472,23.868632707774797,20.203753351206434
1173,11,Aceh,Lhokseumawe,Kota,2022,28.1,10.84,69.34,,75.06702412868633,58.17694369973191,76.67560321715817,70.55495978552278,35.28150134048257,16.871313672922252,18.40214477211796
1174,11,Aceh,Langsa,Kota,2022,22.1,10.62,69.15,,44.638069705093834,56.56836461126006,77.21179624664879,55.915549597855225,20.9798927613941,16.404825737265416,18.53083109919571
1175,11,Aceh,Subulussalam,Kota,2022,47.9,16.94,23.93,,99.73190348525469,89.00804289544236,99.46380697050938,96.55764075067025,46.8739946380697,25.812332439678283,23.871313672922252
1201,12,Sumatera Utara,Tapanuli Tengah,Kabupaten,2022,30.5,11.71,70.89,,82.70777479892762,62.86863270777479,72.65415549597856,74.54155495978551,38.87265415549598,18.231903485254687,17.43699731903485
1202,12,Sumatera Utara,Tapanuli Utara,Kabupaten,2022,27.4,8.93,76.3,,71.58176943699732,46.91689008042895,53.61930294906166,60.11796246648793,33.64343163538874,13.605898123324394,12.868632707774799
1203,12,Sumatera Utara,Tapanuli Selatan,Kabupaten,2022,39.4,8.07,72.68,,98.12332439678283,39.946380697050934,66.75603217158178,73.72386058981232,46.11796246648793,11.58445040214477,16.021447721179626
1208,12,Sumatera Utara,Simalungun,Kabupaten,2022,17.4,8.26,80.84,,22.5201072386059,41.420911528150135,30.294906166219832,29.86729222520107,10.584450402144771,12.012064343163539,7.270777479892759
1209,12,Sumatera Utara,Asahan,Kabupaten,2022,15.3,8.64,71.65,,16.353887399463808,43.96782841823057,70.24128686327077,37.29490616621983,7.68632707774799,12.750670241286864,16.857908847184984
1210,12,Sumatera Utara,Labuhan Batu,Kabupaten,2022,23.9,8.26,75.83,,55.093833780160864,41.420911528150135,55.49597855227882,51.22520107238606,25.894101876675606,12.012064343163539,13.319034852546917
1211,12,Sumatera Utara,Dairi,Kabupaten,2022,28.6,7.88,80.17,,76.54155495978551,38.73994638069705,34.71849865951742,55.541554959785515,35.97453083109919,11.234584450402144,8.332439678284182
1212,12,Sumatera Utara,Toba Samosir,Kabupaten,2022,24.8,8.89,82.79,,59.51742627345844,46.11260053619303,21.58176943699732,46.5254691689008,27.973190348525467,13.372654155495978,5.1796246648793565
1213,12,Sumatera Utara,Mandailing Natal,Kabupaten,2022,34.2,8.92,66.36,,92.35924932975871,46.64879356568365,80.69705093833781,76.30428954423591,43.40884718498659,13.528150134048257,19.367292225201073
1214,12,Sumatera Utara,Nias Selatan,Kabupaten,2022,27.2,16.48,65.8,,70.50938337801608,88.47184986595174,80.96514745308312,78.2278820375335,33.13941018766756,25.656836461126,19.43163538873995
1215,12,Sumatera Utara,Pakpak Bharat,Kabupaten,2022,30.8,8.66,70.52,,83.78016085790885,44.23592493297587,74.12868632707774,69.99597855227881,39.37667560321716,12.828418230563,17.790884718498656
1216,12,Sumatera Utara,Humbang Hasundutan,Kabupaten,2022,29.6,8.86,77.91,,79.89276139410187,45.84450402144772,46.91689008042895,62.104557640750656,37.54959785522787,13.294906166219837,11.260053619302948
1217,12,Sumatera Utara,Samosir,Kabupaten,2022,26.3,11.77,75.06,,66.75603217158177,63.806970509383376,57.37265415549598,63.64879356568364,31.375335120643427,18.50402144772118,13.769436997319035
1218,12,Sumatera Utara,Serdang Bedagai,Kabupaten,2022,21.1,7.82,82.13,,39.812332439678286,38.069705093833775,23.458445040214485,35.38203753351207,18.711796246648795,11.040214477211794,5.6300268096514765
1225,12,Sumatera Utara,Nias Barat,Kabupaten,2022,29.4,24.75,60.6,,79.49061662198392,97.05093833780161,85.52278820375335,86.03083109919571,37.36058981233244,28.144772117962464,20.525469168900802
1272,12,Sumatera Utara,Pematang Siantar,Kota,2022,14.3,7.88,78.42,,12.466487935656836,38.73994638069705,45.3083109919571,27.96782841823056,5.859249329758713,11.234584450402144,10.873994638069703
1274,12,Sumatera Utara,Tanjung Balai,Kota,2022,26.9,12.45,53.17,,68.63270777479893,68.63270777479893,92.76139410187668,74.42359249329759,32.257372654155496,19.903485254691688,22.262734584450403
1275,12,Sumatera Utara,Binjai,Kota,2022,18.7,5.1,74.89,,28.686327077747993,15.013404825737265,58.44504021447721,31.86327077747989,13.482573726541556,4.353887399463806,14.02680965147453
1277,12,Sumatera Utara,Padang Sidimpuan,Kota,2022,28.8,6.89,57.96,,77.07774798927613,29.49061662198391,88.8739946380697,66.10857908847184,36.22654155495978,8.552278820375333,21.329758713136727
1278,12,Sumatera Utara,Gunungsitoli,Kota,2022,17.7,14.81,43.7,,23.994638069705093,82.84182305630027,97.31903485254692,58.65817694369973,11.277479892761393,24.024128686327078,23.35656836461126
1301,13,Sumatera Barat,Pesisir Selatan,Kabupaten,2022,29.8,7.11,83.53,,80.6970509383378,32.171581769437,16.756032171581765,51.278820375335116,37.92761394101876,9.329758713136728,4.021447721179624
1302,13,Sumatera Barat,Solok,Kabupaten,2022,24.2,7.12,78.29,,55.76407506702413,32.43967828418231,46.11260053619303,46.683646112600535,26.20911528150134,9.407506702412869,11.067024128686326
1303,13,Sumatera Barat,Sijunjung,Kabupaten,2022,30.0,6.0,77.88,,81.76943699731903,20.91152815013405,47.45308310991957,55.88471849865951,38.43163538873994,6.064343163538874,11.388739946380696
1304,13,Sumatera Barat,Tanah Datar,Kabupaten,2022,18.9,4.26,85.92,,29.356568364611256,7.372654155495978,5.361930294906173,17.222520107238605,13.79758713136729,2.1380697050938333,1.2868632707774816
1305,13,Sumatera Barat,Padang Pariaman,Kabupaten,2022,25.0,6.25,81.14,,61.3941018766756,22.78820375335121,28.15013404825737,42.219839142091146,28.85522788203753,6.60857908847185,6.756032171581769
1306,13,Sumatera Barat,Agam,Kabupaten,2022,24.6,6.22,85.34,,57.9088471849866,22.5201072386059,7.238605898123325,35.48525469168901,27.2171581769437,6.53083109919571,1.737265415549598
1307,13,Sumatera Barat,Limapuluh Koto,Kabupaten,2022,24.3,6.59,80.32,,56.70241286863271,25.603217158176943,33.243967828418235,42.05361930294906,26.650134048257375,7.424932975871313,7.978552278820376
1308,13,Sumatera Barat,Pasaman,Kabupaten,2022,28.9,6.85,80.93,,77.61394101876675,28.686327077747993,30.026809651474522,52.00402144772118,36.47855227882037,8.319034852546917,7.206434316353885
1309,13,Sumatera Barat,Kepulauan Mentawai,Kabupaten,2022,32.0,13.97,52.48,,87.39946380697052,79.08847184986595,93.2975871313673,86.40482573726541,41.07774798927614,22.935656836461124,22.39142091152815
1310,13,Sumatera Barat,Dharmas Raya,Kabupaten,2022,24.6,5.56,81.15,,57.9088471849866,18.230563002680967,27.88203753351206,39.19571045576407,27.2171581769437,5.28686327077748,6.691689008042895
1312,13,Sumatera Barat,Pasaman Barat,Kabupaten,2022,35.5,6.93,80.82,,94.77211796246648,30.29490616621984,30.56300268096514,60.66353887399464,44.542895442359246,8.785522788203753,7.335120643431633
1371,13,Sumatera Barat,Padang,Kota,2022,19.5,4.26,84.14,,32.975871313672926,7.372654155495978,13.806970509383376,20.950402144772116,15.498659517426274,2.1380697050938333,3.3136729222520103
1372,13,Sumatera Barat,Solok,Kota,2022,18.1,3.02,84.44,,26.273458445040216,2.4128686327077746,12.46648793565683,16.040214477211794,12.348525469168901,0.6997319034852546,2.9919571045576387
1373,13,Sumatera Barat,Sawah Lunto,Kota,2022,13.7,2.28,73.85,,9.249329758713138,0.2680965147453083,63.00268096514745,19.5455764075067,4.347184986595175,0.0777479892761394,15.120643431635386
1374,13,Sumatera Barat,Padang Panjang,Kota,2022,16.8,5.14,79.82,,21.179624664879356,15.549597855227882,36.99731903485255,23.343163538873995,9.954423592493297,4.509383378016086,8.879356568364612
1375,13,Sumatera Barat,Bukittinggi,Kota,2022,16.8,4.46,84.66,,21.179624664879356,9.383378016085791,10.589812332439678,15.217158176943698,9.954423592493297,2.721179624664879,2.5415549597855227
1376,13,Sumatera Barat,Payakumbuh,Kota,2022,17.8,5.66,81.73,,24.53083109919571,18.766756032171582,25.201072386058982,23.020107238605895,11.529490616621983,5.442359249329758,6.048257372654155
1377,13,Sumatera Barat,Pariaman,Kota,2022,18.4,4.13,69.93,,27.211796246648795,5.898123324396782,75.06702412868633,32.516085790884716,12.789544235924932,1.7104557640750668,18.016085790884716
1402,14,Riau,Indragiri Hulu,Kabupaten,2022,16.7,6.14,57.96,,20.241286863270776,21.715817694369974,88.8739946380697,37.14075067024128,9.513404825737265,6.297587131367292,21.329758713136727
1403,14,Riau,Bengkalis,Kabupaten,2022,8.4,6.32,62.61,,1.6085790884718498,23.324396782841823,83.10991957104558,27.466487935656836,0.7560321715817694,6.7640750670241285,19.946380697050937
1406,14,Riau,Rokan Hulu,Kabupaten,2022,22.0,9.95,54.91,,43.5656836461126,53.35120643431635,91.15281501340482,57.824396782841816,20.475871313672922,15.471849865951741,21.876675603217155
1407,14,Riau,Rokan Hilir,Kabupaten,2022,14.7,6.73,66.46,,14.47721179624665,27.479892761394105,79.89276139410188,33.947721179624665,6.804289544235925,7.96916890080429,19.174262734584453
1408,14,Riau,Siak,Kabupaten,2022,22.0,5.07,76.87,,43.5656836461126,14.47721179624665,51.474530831099194,37.02815013404825,20.475871313672922,4.198391420911528,12.353887399463806
1409,14,Riau,Kuantan Sengingi,Kabupaten,2022,17.8,8.24,70.7,,24.53083109919571,40.75067024128686,72.92225201072387,40.848525469168905,11.529490616621983,11.81769436997319,17.501340482573728
1410,14,Riau,Kepulauan Meranti,Kabupaten,2022,17.5,23.84,68.06,,22.92225201072386,96.51474530831099,78.01608579088472,57.48659517426273,10.773458445040212,27.989276139410187,18.723860589812332
1471,14,Riau,Pekanbaru,Kota,2022,16.8,3.06,86.56,,21.179624664879356,2.680965147453083,3.753351206434317,11.632707774798927,9.954423592493297,0.7774798927613941,0.9008042895442361
1472,14,Riau,Dumai,Kota,2022,12.8,3.2,72.63,,7.640750670241286,3.2171581769436997,67.15817694369973,20.642091152815013,3.5911528150134044,0.9329758713136729,16.117962466487935
1502,15,Jambi,Merangin,Kabupaten,2022,14.5,8.7,71.02,,13.80697050938338,44.638069705093834,72.2520107238606,36.77479892761394,6.489276139410188,12.945040214477212,17.340482573726543
1503,15,Jambi,Sarolangun,Kabupaten,2022,16.8,8.48,64.47,,21.179624664879356,43.16353887399464,82.03753351206434,42.16085790884718,9.954423592493297,12.517426273458444,19.68900804289544
1506,15,Jambi,Tanjung Jabung Barat,Kabupaten,2022,9.9,10.0,69.66,,3.6193029490616624,53.61930294906166,75.7372654155496,35.42761394101876,1.7010723860589811,15.549597855227882,18.176943699731904
1507,15,Jambi,Tanjung Jabung Timur,Kabupaten,2022,22.5,10.91,70.65,,47.31903485254691,58.4450402144772,73.19034852546918,56.75469168900804,22.23994638069705,16.94906166219839,17.5656836461126
1509,15,Jambi,Tebo,Kabupaten,2022,25.0,6.34,70.52,,61.3941018766756,23.59249329758713,74.12868632707774,53.487935656836456,28.85522788203753,6.841823056300267,17.790884718498656
1571,15,Jambi,Jambi,Kota,2022,14.0,8.33,77.5,,10.589812332439678,41.8230563002681,48.793565683646115,28.816353887399465,4.977211796246649,12.128686327077748,11.710455764075068
1572,15,Jambi,Sungai Penuh,Kota,2022,26.0,2.97,59.92,,65.41554959785523,2.1447721179624666,87.1313672922252,52.27882037533512,30.74530831099196,0.6219839142091153,20.91152815013405
1601,16,Sumatera Selatan,Ogan Komering Ulu,Kabupaten,2022,19.9,11.61,71.1,,34.98659517426274,62.19839142091153,71.84986595174263,51.72520107238606,16.443699731903486,18.037533512064343,17.24396782841823
1602,16,Sumatera Selatan,Ogan Komering Ilir,Kabupaten,2022,15.1,13.23,75.89,,15.549597855227882,74.26273458445041,54.28954423592493,41.8739946380697,7.308310991957104,21.53619302949062,13.029490616621983
1603,16,Sumatera Selatan,Muara Enim,Kabupaten,2022,22.8,11.12,71.29,,48.525469168900806,60.32171581769437,71.0455764075067,57.35120643431635,22.806970509383376,17.493297587131366,17.050938337801608
1604,16,Sumatera Selatan,Lahat,Kabupaten,2022,19.0,15.61,72.0,,29.892761394101875,84.98659517426273,69.16890080428955,55.29624664879356,14.04959785522788,24.646112600536192,16.60053619302949
1605,16,Sumatera Selatan,Musi Rawas,Kabupaten,2022,25.4,13.34,77.38,,63.53887399463807,74.79892761394102,49.865951742627345,63.52278820375334,29.86327077747989,21.691689008042893,11.967828418230562
1609,16,Sumatera Selatan,Ogan Komering Ulu Selatan,Kabupaten,2022,19.4,10.56,74.46,,32.171581769437,56.03217158176944,61.1260053619303,46.04021447721179,15.120643431635388,16.249329758713138,14.67024128686327
1610,16,Sumatera Selatan,Ogan Ilir,Kabupaten,2022,24.9,12.33,73.28,,60.32171581769437,67.5603217158177,65.41554959785523,63.64343163538874,28.351206434316353,19.59249329758713,15.699731903485254
1611,16,Sumatera Selatan,Empat Lawang,Kabupaten,2022,18.5,12.03,65.25,,28.01608579088472,65.54959785522789,81.76943699731903,51.80160857908848,13.167560321715818,19.009383378016086,19.62466487935657
1612,16,Sumatera Selatan,Penukal Abab Lematang Ilir,Kabupaten,2022,14.6,11.76,72.46,,14.209115281501342,63.40482573726541,67.828418230563,41.34450402144772,6.678284182305631,18.387399463806968,16.27882037533512
1671,16,Sumatera Selatan,Palembang,Kota,2022,14.3,10.48,74.71,,12.466487935656836,55.49597855227882,59.24932975871314,36.17292225201072,5.859249329758713,16.093833780160857,14.219839142091153
1673,16,Sumatera Selatan,Lubuklinggau,Kota,2022,11.7,12.68,53.71,,5.630026809651475,70.24128686327077,92.22520107238606,45.15013404825737,2.646112600536193,20.369973190348524,22.13404825737265
1674,16,Sumatera Selatan,Prabumulih,Kota,2022,12.3,11.28,59.71,,6.434316353887399,60.58981233243968,87.39946380697052,41.571045576407506,3.0241286863270775,17.571045576407506,20.975871313672922
1702,17,Bengkulu,Rejang Lebong,Kabupaten,2022,20.2,15.65,66.68,,36.46112600536193,85.25469168900804,79.62466487935657,60.970509383378015,17.136729222520106,24.72386058981233,19.109919571045577
1703,17,Bengkulu,Bengkulu Utara,Kabupaten,2022,22.8,11.48,58.31,,48.525469168900806,61.12600536193029,88.20375335120643,61.7024128686327,22.806970509383376,17.726541554959784,21.168900804289542
1704,17,Bengkulu,Kaur,Kabupaten,2022,12.4,18.1,71.51,,6.702412868632708,91.15281501340483,70.77747989276139,46.5710455764075,3.1501340482573723,26.4343163538874,16.98659517426273
1705,17,Bengkulu,Seluma,Kabupaten,2022,22.1,18.36,68.54,,44.638069705093834,91.42091152815014,77.4798927613941,66.08713136729223,20.9798927613941,26.51206434316354,18.595174262734584
1706,17,Bengkulu,Mukomuko,Kabupaten,2022,22.3,11.44,71.78,,46.11260053619303,60.85790884718498,69.70509383378015,56.050938337801604,21.67292225201072,17.648793565683643,16.729222520107236
1707,17,Bengkulu,Lebong,Kabupaten,2022,20.2,12.03,74.86,,36.46112600536193,65.54959785522789,58.71313672922252,50.237265415549594,17.136729222520106,19.009383378016086,14.091152815013404
1709,17,Bengkulu,Bengkulu Tengah,Kabupaten,2022,21.2,9.76,62.12,,40.88471849865952,52.27882037533512,83.64611260053618,54.45174262734584,19.21581769436997,15.160857908847184,20.075067024128682
1771,17,Bengkulu,Bengkulu,Kota,2022,12.9,15.73,65.29,,8.176943699731904,85.52278820375335,81.50134048257372,48.205093833780154,3.843163538873995,24.80160857908847,19.560321715817693
1801,18,Lampung,Lampung Selatan,Kabupaten,2022,9.9,13.14,81.81,,3.6193029490616624,73.32439678284183,24.664879356568363,28.88471849865952,1.7010723860589811,21.26407506702413,5.919571045576407
1802,18,Lampung,Lampung Tengah,Kabupaten,2022,8.7,10.96,81.07,,1.876675603217158,58.84718498659517,28.68632707774799,24.832439678284178,0.8820375335120643,17.065683646112596,6.884718498659518
1803,18,Lampung,Lampung Utara,Kabupaten,2022,24.7,18.41,75.0,,58.84718498659517,92.22520107238606,58.1769436997319,68.36595174262733,27.658176943699726,26.745308310991955,13.962466487935655
1804,18,Lampung,Lampung Barat,Kabupaten,2022,16.6,11.71,74.34,,19.70509383378016,62.86863270777479,61.394101876675606,42.227882037533504,9.261394101876675,18.231903485254687,14.734584450402146
1805,18,Lampung,Tulang Bawang,Kabupaten,2022,10.2,8.42,86.25,,4.021447721179625,42.35924932975871,4.557640750670245,15.268096514745308,1.8900804289544235,12.284182305630026,1.0938337801608589
1806,18,Lampung,Tanggamus,Kabupaten,2022,20.4,10.98,73.6,,36.99731903485255,59.24932975871313,64.07506702412869,49.94906166219839,17.3887399463807,17.182305630026807,15.378016085790884
1807,18,Lampung,Lampung Timur,Kabupaten,2022,18.1,13.98,82.78,,26.273458445040216,79.35656836461126,21.983914209115284,40.638069705093834,12.348525469168901,23.013404825737265,5.2761394101876675
1808,18,Lampung,Way Kanan,Kabupaten,2022,18.4,11.76,78.34,,27.211796246648795,63.40482573726541,45.710455764075064,42.147453083109916,12.789544235924932,18.387399463806968,10.970509383378015
1809,18,Lampung,Pesawaran,Kabupaten,2022,25.1,13.85,77.86,,62.33243967828418,78.15013404825737,47.72117962466488,63.41286863270776,29.296246648793563,22.663538873994636,11.45308310991957
1810,18,Lampung,Pringsewu,Kabupaten,2022,16.2,9.34,84.14,,18.498659517426276,50.134048257372655,13.806970509383376,26.54691689008043,8.69436997319035,14.538873994638069,3.3136729222520103
1811,18,Lampung,Mesuji,Kabupaten,2022,22.5,6.84,85.62,,47.31903485254691,28.418230563002684,6.1662198391421015,31.961126005361933,22.23994638069705,8.241286863270778,1.4798927613941042
1813,18,Lampung,Pesisir Barat,Kabupaten,2022,16.7,13.84,71.71,,20.241286863270776,77.7479892761394,69.97319034852546,48.8538873994638,9.513404825737265,22.546916890080425,16.79356568364611
1871,18,Lampung,Bandar Lampung,Kota,2022,11.1,8.21,73.41,,5.093833780160858,40.48257372654155,64.74530831099196,29.67292225201072,2.394101876675603,11.739946380697049,15.53887399463807
1872,18,Lampung,Metro,Kota,2022,10.4,7.87,73.35,,4.289544235924933,38.337801608579085,65.14745308310992,28.769436997319033,2.0160857908847185,11.117962466487933,15.63538873994638
1901,19,Kepulauan Bangka Belitung,Bangka,Kabupaten,2022,16.2,4.26,80.26,,18.498659517426276,7.372654155495978,33.780160857908854,18.939678284182307,8.69436997319035,2.1380697050938333,8.107238605898125
1902,19,Kepulauan Bangka Belitung,Belitung,Kabupaten,2022,19.6,6.45,61.55,,33.78016085790885,24.396782841823057,84.45040214477211,43.219839142091146,15.876675603217157,7.075067024128686,20.268096514745306
1903,19,Kepulauan Bangka Belitung,Bangka Selatan,Kabupaten,2022,23.0,3.22,83.38,,49.597855227882036,3.485254691689008,17.42627345844504,28.50402144772118,23.310991957104555,1.0107238605898123,4.182305630026809
1904,19,Kepulauan Bangka Belitung,Bangka Tengah,Kabupaten,2022,21.2,4.86,57.97,,40.88471849865952,13.404825737265416,88.47184986595174,44.33646112600536,19.21581769436997,3.8873994638069704,21.233243967828418
1905,19,Kepulauan Bangka Belitung,Bangka Barat,Kabupaten,2022,20.5,2.46,75.05,,37.66756032171582,0.8042895442359249,57.64075067024129,31.77077747989276,17.703753351206434,0.23324396782841822,13.83378016085791
1906,19,Kepulauan Bangka Belitung,Belitung Timur,Kabupaten,2022,16.0,6.49,60.5,,17.694369973190348,24.798927613941018,85.79088471849866,36.097855227882036,8.316353887399464,7.191689008042895,20.589812332439678
1971,19,Kepulauan Bangka Belitung,Pangkal Pinang,Kota,2022,12.9,4.55,83.25,,8.176943699731904,10.187667560321715,19.034852546916895,11.365951742627347,3.843163538873995,2.9544235924932973,4.568364611260055
2102,21,Kep. Riau,Karimun,Kabupaten,2022,13.3,6.87,58.76,,8.579088471849866,28.9544235924933,87.66756032171583,33.46916890080429,4.032171581769437,8.396782841823056,21.040214477211798
2103,21,Kep. Riau,Natuna,Kabupaten,2022,18.0,5.32,57.86,,25.46916890080429,17.560321715817693,89.27613941018767,38.48927613941019,11.970509383378015,5.092493297587131,21.42627345844504
2104,21,Kep. Riau,Lingga,Kabupaten,2022,18.9,14.05,58.43,,29.356568364611256,79.62466487935657,87.93565683646112,57.993297587131366,13.79758713136729,23.091152815013405,21.104557640750667
2105,21,Kep. Riau,Kepulauan Anambas,Kabupaten,2022,14.0,7.51,54.19,,10.589812332439678,36.59517426273459,91.42091152815013,37.53083109919571,4.977211796246649,10.61260053619303,21.94101876675603
2171,21,Kep. Riau,Batam,Kota,2022,15.2,5.19,85.23,,15.951742627345844,16.219839142091153,8.310991957104562,14.195710455764077,7.497319034852547,4.7037533512064345,1.994638069705095
2172,21,Kep. Riau,Tanjung Pinang,Kota,2022,15.7,9.85,74.67,,17.024128686327078,53.08310991957105,59.51742627345845,37.679624664879356,8.001340482573726,15.394101876675604,14.284182305630027
3101,31,DKI Jakarta,Kepulauan Seribu,Kabupaten,2022,20.5,14.11,54.18,,37.66756032171582,79.89276139410187,91.68900804289544,62.878016085790875,17.703753351206434,23.16890080428954,22.005361930294903
3171,31,DKI Jakarta,Jakarta Pusat,Kota,2022,14.0,4.9,83.56,,10.589812332439678,13.672922252010725,16.08579088471849,12.802949061662197,4.977211796246649,3.96514745308311,3.860589812332438
3172,31,DKI Jakarta,Jakarta Utara,Kota,2022,18.5,7.24,77.15,,28.01608579088472,33.51206434316354,50.402144772117964,34.98257372654155,13.167560321715818,9.718498659517426,12.09651474530831
3173,31,DKI Jakarta,Jakarta Barat,Kota,2022,15.2,4.22,84.67,,15.951742627345844,6.434316353887399,10.187667560321714,11.808310991957104,7.497319034852547,1.8659517426273458,2.445040214477211
3174,31,DKI Jakarta,Jakarta Selatan,Kota,2022,11.9,3.52,85.38,,6.166219839142091,3.753351206434316,6.970509383378015,5.6595174262734576,2.8981233243967823,1.0884718498659516,1.6729222520107236
3175,31,DKI Jakarta,Jakarta Timur,Kota,2022,14.4,4.3,84.56,,13.270777479892763,8.176943699731904,11.52815013404826,11.375335120643431,6.237265415549598,2.371313672922252,2.7667560321715823
3202,32,Jawa Barat,Sukabumi,Kabupaten,2022,27.5,7.34,77.29,,72.38605898123325,34.852546916890084,50.134048257372655,56.16085790884719,34.02144772117963,10.107238605898123,12.032171581769436
3203,32,Jawa Barat,Cianjur,Kabupaten,2022,13.6,10.55,75.82,,8.847184986595174,55.76407506702413,55.76407506702413,33.71313672922252,4.158176943699732,16.171581769436997,13.383378016085791
3204,32,Jawa Barat,Bandung,Kabupaten,2022,25.0,6.8,80.33,,61.3941018766756,27.882037533512065,32.975871313672926,44.85522788203753,28.85522788203753,8.085790884718499,7.914209115281502
3205,32,Jawa Barat,Garut,Kabupaten,2022,23.6,10.42,74.49,,53.08310991957105,55.22788203753352,60.58981233243968,55.506702412868634,24.949061662198392,16.01608579088472,14.541554959785522
3206,32,Jawa Barat,Tasikmalaya,Kabupaten,2022,27.2,10.73,75.88,,70.50938337801608,57.37265415549599,54.82573726541555,62.93565683646112,33.13941018766756,16.638069705093834,13.158176943699731
3208,32,Jawa Barat,Kuningan,Kabupaten,2022,19.4,12.76,80.24,,32.171581769437,71.31367292225201,34.04825737265415,43.97319034852547,15.120643431635388,20.680965147453083,8.171581769436996
3210,32,Jawa Barat,Majalengka,Kabupaten,2022,24.3,11.94,79.44,,56.70241286863271,65.01340482573727,38.33780160857909,54.70509383378017,26.650134048257375,18.853887399463808,9.201072386058982
3211,32,Jawa Barat,Sumedang,Kabupaten,2022,27.6,10.14,83.12,,73.05630026809652,54.42359249329759,20.107238605898132,54.94504021447722,34.33646112600536,15.7828418230563,4.825737265415552
3212,32,Jawa Barat,Indramayu,Kabupaten,2022,21.1,12.77,84.64,,39.812332439678286,71.58176943699732,10.991957104557642,42.10857908847185,18.711796246648795,20.75871313672922,2.6380697050938338
3213,32,Jawa Barat,Subang,Kabupaten,2022,15.7,9.75,83.52,,17.024128686327078,52.01072386058981,17.15817694369973,27.202412868632706,8.001340482573726,15.083109919571045,4.117962466487935
3214,32,Jawa Barat,Purwakarta,Kabupaten,2022,21.8,8.7,78.75,,42.62734584450402,44.638069705093834,43.16353887399463,43.33914209115281,20.034852546916888,12.945040214477212,10.359249329758711
3215,32,Jawa Barat,Karawang,Kabupaten,2022,14.0,8.44,86.03,,10.589812332439678,42.89544235924933,5.093833780160864,18.63941018766756,4.977211796246649,12.439678284182305,1.2225201072386074
3217,32,Jawa Barat,Bandung Barat,Kabupaten,2022,27.3,10.82,71.59,,71.0455764075067,57.9088471849866,70.50938337801608,67.10723860589812,33.39142091152815,16.79356568364611,16.92225201072386
3218,32,Jawa Barat,Pangandaran,Kabupaten,2022,20.0,9.32,81.12,,35.656836461126005,49.19571045576407,28.41823056300268,37.84584450402144,16.75871313672922,14.26675603217158,6.820375335120643
3271,32,Jawa Barat,Bogor,Kota,2022,18.7,7.1,76.38,,28.686327077747993,31.769436997319033,53.08310991957105,35.43565683646113,13.482573726541556,9.21313672922252,12.739946380697052
3273,32,Jawa Barat,Bandung,Kota,2022,19.4,4.25,80.23,,32.171581769437,6.702412868632708,34.31635388739946,25.300268096514742,15.120643431635388,1.9436997319034852,8.23592493297587
3274,32,Jawa Barat,Cirebon,Kota,2022,17.0,9.82,70.28,,21.983914209115284,52.54691689008043,74.53083109919571,43.45844504021447,10.332439678284183,15.238605898123325,17.887399463806968
3275,32,Jawa Barat,Bekasi,Kota,2022,12.6,4.43,86.79,,7.104557640750671,8.847184986595174,3.4852546916890077,6.741286863270777,3.3391420911528154,2.5656836461126002,0.8364611260053618
3276,32,Jawa Barat,Depok,Kota,2022,12.6,2.53,85.07,,7.104557640750671,1.4745308310991956,8.579088471849857,5.8257372654155475,3.3391420911528154,0.4276139410187667,2.0589812332439656
3277,32,Jawa Barat,Cimahi,Kota,2022,16.4,5.11,80.08,,19.034852546916888,15.281501340482572,35.79088471849866,21.96782841823056,8.946380697050937,4.431635388739946,8.589812332439678
3278,32,Jawa Barat,Tasikmalaya,Kota,2022,22.4,12.72,55.38,,46.7828418230563,70.50938337801608,90.88471849865951,64.2479892761394,21.98793565683646,20.44772117962466,21.812332439678283
3279,32,Jawa Barat,Banjar,Kota,2022,19.3,6.73,61.91,,31.501340482573724,27.479892761394105,83.9142091152815,42.914209115281494,14.805630026809649,7.96916890080429,20.139410187667558
3301,33,Jawa Tengah,Cilacap,Kabupaten,2022,17.6,11.02,83.23,,23.458445040214475,59.78552278820375,19.302949061662204,32.995978552278814,11.025469168900802,17.337801608579085,4.632707774798929
3302,33,Jawa Tengah,Banyumas,Kabupaten,2022,16.6,12.84,79.02,,19.70509383378016,72.11796246648794,41.95710455764075,40.24530831099196,9.261394101876675,20.9142091152815,10.069705093833779
3303,33,Jawa Tengah,Purbalingga,Kabupaten,2022,26.8,15.3,79.25,,67.96246648793566,84.71849865951742,39.94638069705094,66.09785522788204,31.94235924932976,24.56836461126005,9.587131367292226
3305,33,Jawa Tengah,Kebumen,Kabupaten,2022,22.1,16.41,79.29,,44.638069705093834,88.20375335120644,39.14209115281502,55.953083109919575,20.9798927613941,25.579088471849868,9.394101876675604
3306,33,Jawa Tengah,Purworejo,Kabupaten,2022,21.3,11.53,84.48,,41.28686327077748,61.79624664879356,12.064343163538865,40.22117962466488,19.404825737265416,17.920911528150132,2.8954423592493277
3311,33,Jawa Tengah,Sukoharjo,Kabupaten,2022,19.8,7.61,89.11,,34.45040214477212,36.99731903485255,1.0723860589812375,27.17828418230563,16.191689008042896,10.729222520107239,0.257372654155497
3312,33,Jawa Tengah,Wonogiri,Kabupaten,2022,18.0,10.99,88.15,,25.46916890080429,59.51742627345844,1.3404825737265469,29.552278820375335,11.970509383378015,17.260053619302948,0.32171581769437124
3314,33,Jawa Tengah,Sragen,Kabupaten,2022,24.3,12.94,87.53,,56.70241286863271,72.65415549597856,1.8766756032171656,48.17024128686327,26.650134048257375,21.06970509383378,0.45040214477211976
3315,33,Jawa Tengah,Grobogan,Kabupaten,2022,19.3,11.8,87.27,,31.501340482573724,64.343163538874,2.6809651474530796,34.10857908847184,14.805630026809649,18.659517426273457,0.643431635388739
3316,33,Jawa Tengah,Blora,Kabupaten,2022,25.8,11.53,87.03,,64.6112600536193,61.79624664879356,2.949061662198389,48.99597855227882,30.367292225201073,17.920911528150132,0.7077747989276133
3317,33,Jawa Tengah,Rembang,Kabupaten,2022,24.3,14.65,84.73,,56.70241286863271,82.03753351206434,9.651474530831095,52.757372654155496,26.650134048257375,23.790884718498656,2.3163538873994627
3318,33,Jawa Tengah,Pati,Kabupaten,2022,23.0,9.33,88.01,,49.597855227882036,49.73190348525469,1.6085790884718563,38.11930294906166,23.310991957104555,14.42225201072386,0.3860589812332455
3321,33,Jawa Tengah,Demak,Kabupaten,2022,16.2,12.09,87.38,,18.498659517426276,65.95174262734585,2.41286863270777,28.39946380697051,8.69436997319035,19.126005361930297,0.5790884718498648
3323,33,Jawa Tengah,Temanggung,Kabupaten,2022,28.9,9.33,80.08,,77.61394101876675,49.73190348525469,35.79088471849866,59.49061662198391,36.47855227882037,14.42225201072386,8.589812332439678
3324,33,Jawa Tengah,Kendal,Kabupaten,2022,17.5,9.48,84.69,,22.92225201072386,50.93833780160858,9.919571045576404,27.92627345844504,10.773458445040212,14.772117962466488,2.380697050938337
3326,33,Jawa Tengah,Pekalongan,Kabupaten,2022,23.5,9.67,80.39,,52.27882037533512,51.474530831099194,32.171581769437,47.21983914209115,24.571045576407506,14.927613941018766,7.721179624664879
3327,33,Jawa Tengah,Pemalang,Kabupaten,2022,19.8,15.06,78.51,,34.45040214477212,83.6461126005362,45.04021447721179,51.25871313672922,16.191689008042896,24.257372654155496,10.80965147453083
3328,33,Jawa Tengah,Tegal,Kabupaten,2022,22.3,7.9,81.18,,46.11260053619303,39.14209115281501,27.613941018766752,39.651474530831095,21.67292225201072,11.351206434316353,6.6273458445040205
3329,33,Jawa Tengah,Brebes,Kabupaten,2022,29.1,16.05,76.74,,78.55227882037534,86.46112600536193,52.27882037533512,74.54021447721179,36.919571045576404,25.073726541554958,12.546916890080428
3371,33,Jawa Tengah,Magelang,Kota,2022,13.9,7.1,82.09,,9.919571045576408,31.769436997319033,23.86058981233245,19.60187667560322,4.662198391420912,9.21313672922252,5.726541554959788
3373,33,Jawa Tengah,Salatiga,Kota,2022,14.2,4.73,87.39,,11.662198391420912,12.064343163538874,2.144772117962475,9.494638069705095,5.481233243967829,3.4986595174262733,0.514745308310994
3375,33,Jawa Tengah,Pekalongan,Kota,2022,23.1,7.0,69.66,,50.26809651474531,30.831099195710454,75.7372654155496,50.743967828418235,23.626005361930293,8.94101876675603,18.176943699731904
3376,33,Jawa Tengah,Tegal,Kota,2022,16.8,7.91,75.71,,21.179624664879356,39.41018766756032,56.03217158176943,34.83109919571045,9.954423592493297,11.428954423592492,13.447721179624663
3401,34,DI Yogyakarta,Kulon Progo,Kabupaten,2022,15.8,16.39,82.82,,17.426273458445042,87.80160857908848,20.911528150134046,38.671581769437,8.190348525469169,25.462466487935657,5.0187667560321705
3402,34,DI Yogyakarta,Bantul,Kabupaten,2022,14.9,12.27,80.38,,14.87935656836461,67.02412868632707,32.43967828418231,34.215817694369974,6.993297587131367,19.43699731903485,7.785522788203753
3403,34,DI Yogyakarta,Gunung Kidul,Kabupaten,2022,23.5,15.86,78.74,,52.27882037533512,86.05898123324397,43.565683646112596,59.983914209115284,24.571045576407506,24.95710455764075,10.455764075067023
3404,34,DI Yogyakarta,Sleman,Kabupaten,2022,15.0,7.74,83.16,,15.281501340482572,37.533512064343164,19.839142091152823,22.828418230563003,7.182305630026809,10.884718498659517,4.761394101876677
3471,34,DI Yogyakarta,Yogyakarta,Kota,2022,13.8,6.62,79.28,,9.651474530831099,26.273458445040216,39.41018766756032,21.613941018766752,4.536193029490616,7.619302949061662,9.458445040214476
3501,35,Jawa Timur,Pacitan,Kabupaten,2022,20.6,13.8,77.73,,38.337801608579085,77.4798927613941,47.98927613941019,52.005361930294896,18.018766756032168,22.469168900804288,11.517426273458444
3503,35,Jawa Timur,Trenggalek,Kabupaten,2022,19.5,10.96,80.68,,32.975871313672926,58.84718498659517,31.09919571045576,40.02815013404825,15.498659517426274,17.065683646112596,7.463806970509382
3504,35,Jawa Timur,Tulungagung,Kabupaten,2022,17.3,6.71,86.05,,22.25201072386059,27.07774798927614,4.825737265415555,19.469168900804288,10.458445040214476,7.8525469168900806,1.1581769436997331
3505,35,Jawa Timur,Blitar,Kabupaten,2022,14.3,8.71,84.34,,12.466487935656836,45.0402144772118,13.136729222520103,22.07372654155496,5.859249329758713,13.06166219839142,3.1528150134048247
3506,35,Jawa Timur,Kediri,Kabupaten,2022,21.6,10.65,79.16,,41.8230563002681,56.83646112600537,41.01876675603218,45.983914209115284,19.656836461126005,16.482573726541556,9.844504021447722
3507,35,Jawa Timur,Malang,Kabupaten,2022,23.0,9.55,79.26,,49.597855227882036,51.206434316353885,39.67828418230563,47.68364611260053,23.310991957104555,14.849865951742625,9.52278820375335
3508,35,Jawa Timur,Lumajang,Kabupaten,2022,23.8,9.06,79.34,,54.42359249329759,48.257372654155496,38.6058981233244,48.839142091152816,25.579088471849865,13.994638069705093,9.265415549597856
3509,35,Jawa Timur,Jember,Kabupaten,2022,34.9,9.39,78.34,,93.8337801608579,50.402144772117964,45.710455764075064,69.68900804289544,44.10187667560321,14.616621983914209,10.970509383378015
3510,35,Jawa Timur,Banyuwangi,Kabupaten,2022,18.1,7.51,83.82,,26.273458445040216,36.59517426273459,15.549597855227887,26.693029490616627,12.348525469168901,10.61260053619303,3.731903485254693
3511,35,Jawa Timur,Bondowoso,Kabupaten,2022,32.0,13.47,73.78,,87.39946380697052,75.87131367292224,63.27077747989276,78.26541554959785,41.07774798927614,22.002680965147448,15.18498659517426
3512,35,Jawa Timur,Situbondo,Kabupaten,2022,30.9,11.78,76.31,,84.1823056300268,64.07506702412869,53.35120643431635,70.95174262734584,39.565683646112596,18.581769436997316,12.804289544235925
3514,35,Jawa Timur,Pasuruan,Kabupaten,2022,20.5,8.96,77.4,,37.66756032171582,47.18498659517426,49.32975871313673,43.22654155495978,17.703753351206434,13.683646112600535,11.839142091152814
3516,35,Jawa Timur,Mojokerto,Kabupaten,2022,11.6,9.71,84.06,,5.361930294906166,51.742627345844504,14.20911528150134,20.935656836461124,2.520107238605898,15.005361930294905,3.4101876675603213
3517,35,Jawa Timur,Jombang,Kabupaten,2022,22.1,9.04,83.89,,44.638069705093834,47.85522788203753,15.013404825737268,38.46112600536193,20.9798927613941,13.878016085790883,3.6032171581769443
3518,35,Jawa Timur,Nganjuk,Kabupaten,2022,20.0,10.7,81.82,,35.656836461126005,57.10455764075068,24.396782841823068,39.17426273458446,16.75871313672922,16.560321715817697,5.8552278820375365
3519,35,Jawa Timur,Madiun,Kabupaten,2022,17.6,10.79,83.93,,23.458445040214475,57.64075067024129,14.745308310991959,31.280160857908847,11.025469168900802,16.715817694369974,3.53887399463807
3520,35,Jawa Timur,Magetan,Kabupaten,2022,14.9,9.84,86.36,,14.87935656836461,52.81501340482574,4.155495978552281,23.30697050938338,6.993297587131367,15.316353887399464,0.9973190348525475
3521,35,Jawa Timur,Ngawi,Kabupaten,2022,28.5,14.15,85.01,,76.13941018766755,80.16085790884718,8.847184986595167,61.155495978552274,35.78552278820375,23.24664879356568,2.12332439678284
3522,35,Jawa Timur,Bojonegoro,Kabupaten,2022,24.3,12.21,83.55,,56.70241286863271,66.48793565683646,16.3538873994638,49.85656836461126,26.650134048257375,19.28150134048257,3.9249329758713123
3523,35,Jawa Timur,Tuban,Kabupaten,2022,24.9,15.02,83.02,,60.32171581769437,83.37801608579089,20.375335120643427,57.42091152815013,28.351206434316353,24.179624664879356,4.890080428954422
3524,35,Jawa Timur,Lamongan,Kabupaten,2022,27.5,12.53,85.86,,72.38605898123325,69.43699731903486,5.630026809651483,55.50938337801608,34.02144772117963,20.136729222520106,1.351206434316356
3525,35,Jawa Timur,Gresik,Kabupaten,2022,10.7,11.06,86.81,,4.557640750670242,60.05361930294906,3.2171581769436983,20.329758713136727,2.1420911528150133,17.415549597855225,0.7721179624664876
3526,35,Jawa Timur,Bangkalan,Kabupaten,2022,26.2,19.44,70.59,,66.3538873994638,94.36997319034852,73.72654155495978,76.2479892761394,31.186327077747986,27.36729222520107,17.694369973190348
3527,35,Jawa Timur,Sampang,Kabupaten,2022,9.7,21.61,73.25,,3.0831099195710454,95.44235924932975,65.68364611260054,44.89142091152815,1.4490616621983912,27.678284182305628,15.76407506702413
3529,35,Jawa Timur,Sumenep,Kabupaten,2022,21.6,18.76,74.01,,41.8230563002681,93.2975871313673,62.198391420911534,61.64075067024129,19.656836461126005,27.056300268096514,14.927613941018768
3571,35,Jawa Timur,Kediri,Kota,2022,14.3,7.23,73.95,,12.466487935656836,33.24396782841823,62.466487935656836,30.49195710455764,5.859249329758713,9.640750670241285,14.99195710455764
3572,35,Jawa Timur,Blitar,Kota,2022,12.8,7.37,74.57,,7.640750670241286,35.388739946380696,60.32171581769437,28.33109919571045,3.5911528150134044,10.262734584450401,14.477211796246648
3573,35,Jawa Timur,Malang,Kota,2022,18.0,4.37,80.8,,25.46916890080429,8.579088471849866,30.83109919571045,21.857908847184984,11.970509383378015,2.487935656836461,7.399463806970508
3575,35,Jawa Timur,Pasuruan,Kota,2022,21.1,6.37,71.21,,39.812332439678286,23.86058981233244,71.58176943699732,42.81099195710456,18.711796246648795,6.919571045576407,17.179624664879356
3577,35,Jawa Timur,Madiun,Kota,2022,9.7,4.76,85.32,,3.0831099195710454,12.868632707774799,7.506702412868634,6.982573726541555,1.4490616621983912,3.7319034852546915,1.8016085790884722
3579,35,Jawa Timur,Batu,Kota,2022,25.2,3.79,76.86,,63.00268096514745,5.093833780160858,51.742627345844504,43.50670241286863,29.611260053619297,1.4772117962466487,12.41823056300268
3601,36,Banten,Pandeglang,Kabupaten,2022,29.4,9.32,72.32,,79.49061662198392,49.19571045576407,68.36461126005362,68.03485254691688,37.36058981233244,14.26675603217158,16.407506702412867
3602,36,Banten,Lebak,Kabupaten,2022,26.2,8.91,71.96,,66.3538873994638,46.38069705093834,69.43699731903486,61.301608579088466,31.186327077747986,13.450402144772116,16.664879356568367
3603,36,Banten,Tangerang,Kabupaten,2022,21.1,6.92,77.0,,39.812332439678286,29.892761394101875,51.206434316353885,39.67024128686327,18.711796246648795,8.668900804289542,12.289544235924932
3604,36,Banten,Serang,Kabupaten,2022,26.4,4.96,78.63,,67.29222520107238,13.941018766756033,44.50402144772118,46.35120643431635,31.627345844504017,4.042895442359249,10.680965147453083
3671,36,Banten,Tangerang,Kota,2022,11.8,5.77,79.08,,5.898123324396782,19.302949061662197,41.5549597855228,18.343163538873995,2.7721179624664876,5.597855227882037,9.97319034852547
3672,36,Banten,Cilegon,Kota,2022,19.1,3.64,72.63,,30.563002680965145,4.557640750670242,67.15817694369973,31.80428954423592,14.364611260053618,1.32171581769437,16.117962466487935
3674,36,Banten,Tangerang Selatan,Kota,2022,9.0,2.5,78.74,,2.1447721179624666,1.0723860589812333,43.565683646112596,11.77479892761394,1.0080428954423593,0.3109919571045576,10.455764075067023
5101,51,Bali,Jembrana,Kabupaten,2022,14.2,5.3,83.29,,11.662198391420912,17.158176943699733,18.36461126005362,14.86461126005362,5.481233243967829,4.975871313672922,4.407506702412869
5102,51,Bali,Tabanan,Kabupaten,2022,8.2,5.18,92.2,,1.3404825737265416,15.81769436997319,0.0,5.217158176943699,0.6300268096514745,4.5871313672922245,0.0
5103,51,Bali,Badung,Kabupaten,2022,6.6,2.53,91.29,,0.8042895442359249,1.4745308310991956,0.2680965147453094,0.8699731903485257,0.3780160857908847,0.4276139410187667,0.06434316353887425
5104,51,Bali,Gianyar,Kabupaten,2022,6.3,4.7,91.07,,0.2680965147453083,11.796246648793565,0.5361930294906188,3.675603217158177,0.1260053619302949,3.4209115281501337,0.1286863270777485
5105,51,Bali,Klungkung,Kabupaten,2022,7.7,6.07,83.29,,1.0723860589812333,21.447721179624665,18.36461126005362,11.131367292225201,0.5040214477211796,6.2198391420911525,4.407506702412869
5106,51,Bali,Bangli,Kabupaten,2022,9.1,5.28,75.1,,2.4128686327077746,16.890080428954423,57.10455764075067,19.737265415549597,1.134048257372654,4.898123324396782,13.705093833780161
5107,51,Bali,Karangasem,Kabupaten,2022,9.2,6.98,78.79,,2.680965147453083,30.563002680965145,42.76139410187667,20.38605898123324,1.260053619302949,8.863270777479892,10.2627345844504
5108,51,Bali,Buleleng,Kabupaten,2022,11.0,6.21,79.91,,4.825737265415549,22.25201072386059,36.59517426273459,17.50402144772118,2.268096514745308,6.453083109919571,8.7828418230563
5203,52,Nusa Tenggara Barat,Lombok Timur,Kabupaten,2022,35.6,15.14,73.87,,95.17426273458445,83.91420911528151,62.73458445040214,84.12332439678282,44.73190348525468,24.335120643431637,15.056300268096512
5204,52,Nusa Tenggara Barat,Sumbawa,Kabupaten,2022,29.7,13.5,83.32,,80.16085790884718,76.13941018766755,17.694369973190348,64.00268096514745,37.67560321715817,22.08042895442359,4.246648793565683
5205,52,Nusa Tenggara Barat,Dompu,Kabupaten,2022,34.5,12.4,81.3,,92.76139410187668,68.09651474530831,27.345844504021443,69.90884718498658,43.597855227882036,19.74798927613941,6.563002680965146
5208,52,Nusa Tenggara Barat,Lombok Utara,Kabupaten,2022,35.9,25.93,68.17,,95.44235924932975,97.31903485254692,77.7479892761394,91.73994638069703,44.85790884718498,28.222520107238605,18.659517426273457
5271,52,Nusa Tenggara Barat,Mataram,Kota,2022,25.8,8.63,72.28,,64.6112600536193,43.69973190348526,68.90080428954424,59.57640750670242,30.367292225201073,12.672922252010723,16.53619302949062
5272,52,Nusa Tenggara Barat,Bima,Kota,2022,31.2,8.8,70.25,,85.12064343163539,45.57640750670242,74.79892761394102,71.17560321715817,40.00670241286863,13.2171581769437,17.951742627345844
6101,61,Kalimantan Barat,Sambas,Kabupaten,2022,30.5,6.92,69.84,,82.70777479892762,29.892761394101875,75.33512064343164,65.62198391420911,38.87265415549598,8.668900804289542,18.080428954423592
6102,61,Kalimantan Barat,Mempawah,Kabupaten,2022,25.1,5.32,74.61,,62.33243967828418,17.560321715817693,60.053619302949066,48.80160857908847,29.296246648793563,5.092493297587131,14.412868632707776
6103,61,Kalimantan Barat,Sanggau,Kabupaten,2022,32.5,4.51,73.63,,89.14209115281501,9.651474530831099,63.806970509383376,60.00938337801608,41.896782841823054,2.7989276139410184,15.31367292225201
6105,61,Kalimantan Barat,Sintang,Kabupaten,2022,18.7,8.57,67.25,,28.686327077747993,43.43163538873995,78.9544235924933,45.02680965147454,13.482573726541556,12.595174262734584,18.949061662198392
6107,61,Kalimantan Barat,Bengkayang,Kabupaten,2022,30.1,6.03,81.0,,82.03753351206434,21.179624664879356,29.22252010723861,51.71313672922252,38.55764075067024,6.142091152815013,7.013404825737266
6108,61,Kalimantan Barat,Landak,Kabupaten,2022,32.5,10.01,77.07,,89.14209115281501,53.88739946380697,50.67024128686327,69.68498659517427,41.896782841823054,15.62734584450402,12.160857908847186
6109,61,Kalimantan Barat,Sekadau,Kabupaten,2022,35.5,5.85,72.95,,94.77211796246648,20.241286863270776,65.95174262734585,66.24128686327077,44.542895442359246,5.869973190348524,15.828418230563004
6111,61,Kalimantan Barat,Kayong Utara,Kabupaten,2022,25.1,9.04,75.03,,62.33243967828418,47.85522788203753,57.9088471849866,57.07238605898123,29.296246648793563,13.878016085790883,13.898123324396783
6112,61,Kalimantan Barat,Kubu Raya,Kabupaten,2022,27.6,4.12,69.28,,73.05630026809652,5.630026809651475,76.94369973190348,54.43565683646112,34.33646112600536,1.6327077747989276,18.466487935656833
6172,61,Kalimantan Barat,Singkawang,Kota,2022,23.5,4.67,61.5,,52.27882037533512,11.26005361930295,84.71849865951742,48.16890080428954,24.571045576407506,3.265415549597855,20.33243967828418
6201,62,Kalimantan Tengah,Waringin Barat,Kabupaten,2022,21.1,3.93,60.23,,39.812332439678286,5.361930294906166,86.05898123324397,40.920911528150135,18.711796246648795,1.5549597855227881,20.654155495978554
6205,62,Kalimantan Tengah,Barito Utara,Kabupaten,2022,19.6,5.8,83.2,,33.78016085790885,19.571045576407506,19.571045576407514,26.249329758713138,15.876675603217157,5.6756032171581765,4.697050938337803
6207,62,Kalimantan Tengah,Seruyan,Kabupaten,2022,34.7,7.43,62.55,,93.2975871313673,35.924932975871315,83.37801608579089,74.27882037533513,43.84986595174263,10.41823056300268,20.010723860589813
6208,62,Kalimantan Tengah,Sukamara,Kabupaten,2022,21.8,3.72,60.1,,42.62734584450402,4.825737265415549,86.32707774798928,42.15281501340482,20.034852546916888,1.3994638069705092,20.718498659517426
6210,62,Kalimantan Tengah,Gunung Mas,Kabupaten,2022,17.9,5.64,53.74,,24.932975871313673,18.498659517426276,91.95710455764075,39.15281501340482,11.718498659517426,5.3646112600536195,22.06970509383378
6212,62,Kalimantan Tengah,Murung Raya,Kabupaten,2022,40.9,6.4,48.08,,98.92761394101876,24.128686327077748,94.90616621983914,76.27077747989276,46.495978552278814,6.997319034852547,22.77747989276139
6213,62,Kalimantan Tengah,Barito Timur,Kabupaten,2022,26.9,6.59,80.41,,68.63270777479893,25.603217158176943,31.903485254691688,47.339142091152816,32.257372654155496,7.424932975871313,7.656836461126005
6271,62,Kalimantan Tengah,Palangka Raya,Kota,2022,27.8,3.61,79.24,,73.7265415549598,4.289544235924933,40.21447721179625,45.54691689008043,34.6514745308311,1.2439678284182305,9.6514745308311
6302,63,Kalimantan Selatan,Baru,Kabupaten,2022,31.6,4.3,77.03,,86.59517426273459,8.176943699731904,50.93833780160858,55.296246648793556,40.69973190348525,2.371313672922252,12.22520107238606
6303,63,Kalimantan Selatan,Banjar,Kabupaten,2022,26.4,2.79,80.17,,67.29222520107238,1.876675603217158,34.71849865951742,40.50402144772117,31.627345844504017,0.5442359249329758,8.332439678284182
6304,63,Kalimantan Selatan,Barito Kuala,Kabupaten,2022,33.6,4.75,81.02,,91.01876675603218,12.600536193029491,28.9544235924933,53.38203753351206,42.77882037533512,3.6541554959785523,6.949061662198392
6305,63,Kalimantan Selatan,Tapin,Kabupaten,2022,14.5,3.6,84.6,,13.80697050938338,4.021447721179625,11.260053619302951,10.357908847184987,6.489276139410188,1.166219839142091,2.7024128686327082
6308,63,Kalimantan Selatan,Hulu Sungai Utara,Kabupaten,2022,28.0,6.49,82.05,,74.53083109919572,24.798927613941018,24.12868632707776,48.01206434316354,35.029490616621985,7.191689008042895,5.790884718498662
6310,63,Kalimantan Selatan,Tanah Bumbu,Kabupaten,2022,16.1,4.26,83.53,,17.962466487935657,7.372654155495978,16.756032171581765,14.601876675603215,8.442359249329758,2.1380697050938333,4.021447721179624
6311,63,Kalimantan Selatan,Balangan,Kabupaten,2022,29.8,5.83,81.38,,80.6970509383378,19.839142091152816,26.541554959785515,50.050938337801604,37.92761394101876,5.753351206434316,6.3699731903485235
6371,63,Kalimantan Selatan,Banjarmasin,Kota,2022,22.4,4.74,79.2,,46.7828418230563,12.332439678284182,40.48257372654156,35.28016085790885,21.98793565683646,3.5764075067024126,9.715817694369974
6372,63,Kalimantan Selatan,Banjar Baru,Kota,2022,22.1,4.17,80.65,,44.638069705093834,6.166219839142091,31.36729222520107,30.296246648793563,20.9798927613941,1.7882037533512063,7.528150134048256
6401,64,Kalimantan Timur,Paser,Kabupaten,2022,24.9,9.43,81.76,,60.32171581769437,50.67024128686327,24.932975871313673,49.029490616621985,28.351206434316353,14.694369973190348,5.983914209115281
6402,64,Kalimantan Timur,Kutai Kertanegara,Kabupaten,2022,27.1,7.96,84.44,,69.83914209115282,39.67828418230563,12.46648793565683,47.3230563002681,32.82439678284182,11.506702412868632,2.9919571045576387
6407,64,Kalimantan Timur,Kutai Barat,Kabupaten,2022,23.1,10.2,66.94,,50.26809651474531,54.6916890080429,79.35656836461126,58.53217158176943,23.626005361930293,15.86058981233244,19.0455764075067
6408,64,Kalimantan Timur,Kutai Timur,Kabupaten,2022,24.7,9.28,60.09,,58.84718498659517,48.793565683646115,86.59517426273459,62.5911528150134,27.658176943699726,14.150134048257373,20.7828418230563
6409,64,Kalimantan Timur,Penajam Paser Utara,Kabupaten,2022,21.8,7.25,85.51,,42.62734584450402,33.78016085790885,6.434316353887397,31.375335120643427,20.034852546916888,9.796246648793565,1.5442359249329751
6471,64,Kalimantan Timur,Balikpapan,Kota,2022,19.6,2.45,89.47,,33.78016085790885,0.5361930294906166,0.8042895442359281,16.22520107238606,15.876675603217157,0.1554959785522788,0.19302949061662275
6472,64,Kalimantan Timur,Samarinda,Kota,2022,25.3,4.85,84.66,,63.27077747989276,13.136729222520108,10.589812332439678,36.08847184986595,29.737265415549594,3.809651474530831,2.5415549597855227
6474,64,Kalimantan Timur,Bontang,Kota,2022,21.0,4.54,84.21,,38.8739946380697,9.919571045576408,13.404825737265412,24.364611260053618,18.27077747989276,2.876675603217158,3.2171581769436988
6502,65,Kalimantan Utara,Malinau,Kabupaten,2022,23.5,6.64,67.25,,52.27882037533512,26.80965147453083,78.9544235924933,51.294906166219846,24.571045576407506,7.774798927613941,18.949061662198392
6504,65,Kalimantan Utara,Tana Tidung,Kabupaten,2022,30.7,4.45,57.17,,83.24396782841823,9.115281501340483,89.81233243967829,63.32305630026809,39.124664879356565,2.64343163538874,21.554959785522787
6571,65,Kalimantan Utara,Tarakan,Kota,2022,15.4,6.3,77.9,,16.621983914209114,23.056300268096514,47.18498659517426,25.823056300268092,7.812332439678283,6.686327077747989,11.324396782841822
7101,71,Sulawesi Utara,Bolaang Mongondow,Kabupaten,2022,19.0,7.04,83.26,,29.892761394101875,31.099195710455763,18.766756032171585,27.57238605898123,14.04959785522788,9.018766756032171,4.50402144772118
7102,71,Sulawesi Utara,Minahasa,Kabupaten,2022,16.5,7.05,83.3,,19.302949061662197,31.36729222520107,17.962466487935657,22.4798927613941,9.072386058981232,9.09651474530831,4.310991957104558
7104,71,Sulawesi Utara,Kepulauan Talaud,Kabupaten,2022,26.0,8.25,79.72,,65.41554959785523,41.01876675603217,37.533512064343164,51.64879356568365,30.74530831099196,11.895442359249328,9.008042895442358
7105,71,Sulawesi Utara,Minahasa Selatan,Kabupaten,2022,19.2,9.0,79.91,,31.099195710455763,47.45308310991957,36.59517426273459,37.160857908847184,14.616621983914207,13.761394101876673,8.7828418230563
7106,71,Sulawesi Utara,Minahasa Utara,Kabupaten,2022,20.5,6.6,83.69,,37.66756032171582,26.005361930294907,15.817694369973196,29.041554959785522,17.703753351206434,7.541554959785523,3.796246648793567
7108,71,Sulawesi Utara,Bolaang Mongondow Utara,Kabupaten,2022,21.9,7.31,80.09,,43.16353887399464,34.18230563002681,35.388739946380696,38.693029490616624,20.28686327077748,9.912868632707774,8.493297587131366
7109,71,Sulawesi Utara,Kepulauan Siau Tagulandang Biaro,Kabupaten,2022,14.4,8.2,52.61,,13.270777479892763,40.21447721179624,93.02949061662198,40.22654155495978,6.237265415549598,11.66219839142091,22.327077747989275
7111,71,Sulawesi Utara,Bolaang Mongondow Selatan,Kabupaten,2022,27.9,11.92,67.75,,74.26273458445041,64.6112600536193,78.55227882037534,72.49329758713137,34.903485254691695,18.737265415549597,18.85254691689008
7171,71,Sulawesi Utara,Manado,Kota,2022,18.4,5.85,77.55,,27.211796246648795,20.241286863270776,48.525469168900806,30.305630026809652,12.789544235924932,5.869973190348524,11.646112600536194
7172,71,Sulawesi Utara,Bitung,Kota,2022,23.5,6.2,66.44,,52.27882037533512,21.983914209115284,80.16085790884719,50.184986595174266,24.571045576407506,6.375335120643432,19.238605898123325
7173,71,Sulawesi Utara,Tomohon,Kota,2022,13.7,5.26,72.89,,9.249329758713138,16.621983914209114,66.21983914209116,25.060321715817697,4.347184986595175,4.820375335120643,15.892761394101878
7174,71,Sulawesi Utara,Kotamobago,Kota,2022,22.9,5.19,72.85,,49.06166219839142,16.219839142091153,66.48793565683647,43.71983914209115,23.058981233243966,4.7037533512064345,15.957104557640752
7201,72,Sulawesi Tengah,Banggai,Kabupaten,2022,24.3,7.33,85.73,,56.70241286863271,34.584450402144775,5.898123324396792,38.09517426273459,26.650134048257375,10.029490616621985,1.4155495978552302
7202,72,Sulawesi Tengah,Poso,Kabupaten,2022,24.6,15.18,82.8,,57.9088471849866,84.1823056300268,21.179624664879356,56.71313672922251,27.2171581769437,24.41286863270777,5.083109919571045
7203,72,Sulawesi Tengah,Donggala,Kabupaten,2022,32.4,16.3,75.3,,88.73994638069705,87.39946380697052,56.56836461126005,80.63002680965147,41.70777479892761,25.345844504021446,13.576407506702411
7204,72,Sulawesi Tengah,Toli-Toli,Kabupaten,2022,30.7,12.74,78.64,,83.24396782841823,70.77747989276139,44.101876675603215,70.23458445040214,39.124664879356565,20.525469168900802,10.584450402144771
7205,72,Sulawesi Tengah,Buol,Kabupaten,2022,32.7,12.85,82.79,,90.3485254691689,72.38605898123325,21.58176943699732,68.63538873994638,42.46380697050938,20.991957104557642,5.1796246648793565
7206,72,Sulawesi Tengah,Morowali,Kabupaten,2022,23.3,12.58,81.51,,50.80428954423593,69.70509383378017,26.005361930294896,50.333780160857906,23.878016085790886,20.214477211796247,6.2412868632707745
7207,72,Sulawesi Tengah,Banggai Kepulauan,Kabupaten,2022,32.6,13.44,60.87,,89.81233243967829,75.60321715817693,85.25469168900804,84.59785522788204,42.211796246648795,21.924932975871307,20.46112600536193
7208,72,Sulawesi Tengah,Parigi Moutong,Kabupaten,2022,27.4,14.63,76.83,,71.58176943699732,81.76943699731903,52.01072386058981,69.83914209115281,33.64343163538874,23.71313672922252,12.482573726541554
7209,72,Sulawesi Tengah,Tojo Una Una,Kabupaten,2022,31.3,16.12,74.8,,85.656836461126,86.8632707774799,58.98123324396783,79.60455764075067,40.25871313672922,25.19034852546917,14.155495978552278
7210,72,Sulawesi Tengah,Sigi,Kabupaten,2022,36.8,12.3,77.94,,96.24664879356568,67.29222520107238,46.64879356568365,75.94638069705093,45.23592493297587,19.51474530831099,11.195710455764075
7211,72,Sulawesi Tengah,Banggai Laut,Kabupaten,2022,20.0,13.17,50.35,,35.656836461126005,73.7265415549598,94.10187667560322,60.72386058981233,16.75871313672922,21.380697050938338,22.58445040214477
7212,72,Sulawesi Tengah,Morowali Utara,Kabupaten,2022,24.7,12.97,79.5,,58.84718498659517,72.92225201072387,38.06970509383378,57.942359249329755,27.658176943699726,21.14745308310992,9.136729222520108
7271,72,Sulawesi Tengah,Palu,Kota,2022,24.7,6.63,79.94,,58.84718498659517,26.541554959785525,36.193029490616624,44.041554959785515,27.658176943699726,7.697050938337802,8.68632707774799
7301,73,Sulawesi Selatan,Selayar,Kabupaten,2022,32.1,12.24,75.26,,87.93565683646113,66.75603217158177,56.83646112600536,74.32975871313673,41.329758713136734,19.35924932975871,13.640750670241285
7302,73,Sulawesi Selatan,Bulukumba,Kabupaten,2022,28.4,7.39,82.5,,75.87131367292224,35.656836461126005,22.520107238605902,51.40482573726541,35.65951742627345,10.340482573726542,5.4048257372654165
7303,73,Sulawesi Selatan,Bantaeng,Kabupaten,2022,22.1,9.07,82.77,,44.638069705093834,48.525469168900806,22.252010723860593,40.392761394101875,20.9798927613941,14.072386058981232,5.3404825737265424
7304,73,Sulawesi Selatan,Jeneponto,Kabupaten,2022,39.8,13.73,79.51,,98.39142091152814,76.94369973190348,37.80160857908847,77.63002680965147,46.24396782841823,22.313672922252007,9.072386058981234
7306,73,Sulawesi Selatan,Gowa,Kabupaten,2022,33.0,7.36,82.13,,90.61662198391421,35.120643431635386,23.458445040214485,58.40482573726542,42.58981233243968,10.184986595174262,5.6300268096514765
7308,73,Sulawesi Selatan,Bone,Kabupaten,2022,27.8,10.58,81.68,,73.7265415549598,56.30026809651475,25.737265415549587,57.155495978552274,34.6514745308311,16.327077747989275,6.1769436997319005
7310,73,Sulawesi Selatan,Pangkajene dan Kepulauan,Kabupaten,2022,34.2,13.92,78.64,,92.35924932975871,78.82037533512064,44.101876675603215,76.85120643431634,43.40884718498659,22.857908847184984,10.584450402144771
7311,73,Sulawesi Selatan,Barru,Kabupaten,2022,14.1,8.4,84.95,,11.26005361930295,42.0911528150134,9.383378016085786,19.75067024128686,5.292225201072386,12.206434316353885,2.2520107238605886
7312,73,Sulawesi Selatan,Soppeng,Kabupaten,2022,26.9,7.49,85.27,,68.63270777479893,36.193029490616624,8.042895442359253,44.683646112600535,32.257372654155496,10.495978552278821,1.9302949061662207
7313,73,Sulawesi Selatan,Wajo,Kabupaten,2022,28.6,6.57,85.46,,76.54155495978551,25.201072386058982,6.702412868632706,44.891420911528144,35.97453083109919,7.3083109919571045,1.6085790884718494
7315,73,Sulawesi Selatan,Pinrang,Kabupaten,2022,20.9,8.79,85.31,,38.605898123324394,45.30831099195711,7.7747989276139435,33.15013404825737,18.144772117962464,13.13941018766756,1.8659517426273464
7316,73,Sulawesi Selatan,Enrekang,Kabupaten,2022,26.4,12.39,78.55,,67.29222520107238,67.828418230563,44.77211796246648,62.04289544235924,31.627345844504017,19.67024128686327,10.745308310991955
7318,73,Sulawesi Selatan,Tana Toraja,Kabupaten,2022,35.4,12.18,76.52,,94.36997319034852,66.21983914209115,52.81501340482574,76.23324396782841,44.3538873994638,19.20375335120643,12.675603217158178
7322,73,Sulawesi Selatan,Luwu Utara,Kabupaten,2022,29.8,13.22,80.27,,80.6970509383378,73.9946380697051,33.512064343163544,67.42895442359249,37.92761394101876,21.458445040214478,8.042895442359251
7324,73,Sulawesi Selatan,Luwu Timur,Kabupaten,2022,22.6,6.81,86.36,,47.85522788203753,28.150134048257375,4.155495978552281,31.652815013404823,22.49195710455764,8.163538873994638,0.9973190348525475
7326,73,Sulawesi Selatan,Toraja Utara,Kabupaten,2022,34.1,11.65,79.18,,91.95710455764075,62.466487935656836,40.75067024128687,71.11528150134048,43.219839142091146,18.11528150134048,9.780160857908848
7371,73,Sulawesi Selatan,Makasar,Kota,2022,18.4,4.58,83.86,,27.211796246648795,10.857908847184987,15.281501340482578,19.605898123324398,12.789544235924932,3.148793565683646,3.6675603217158184
7372,73,Sulawesi Selatan,Pare-Pare,Kota,2022,27.1,5.41,79.1,,69.83914209115282,17.962466487935657,41.28686327077749,47.94235924932976,32.82439678284182,5.20911528150134,9.908847184986596
7373,73,Sulawesi Selatan,Palopo,Kota,2022,23.8,7.78,73.41,,54.42359249329759,37.801608579088466,64.74530831099196,52.08042895442358,25.579088471849865,10.962466487935654,15.53887399463807
7401,74,Sulawesi Tenggara,Kolaka,Kabupaten,2022,22.6,11.51,82.15,,47.85522788203753,61.3941018766756,23.05630026809652,45.82975871313672,22.49195710455764,17.80428954423592,5.533512064343165
7402,74,Sulawesi Tenggara,Konawe,Kabupaten,2022,28.3,12.75,84.53,,75.60321715817693,71.0455764075067,11.796246648793556,58.96782841823055,35.53351206434316,20.603217158176943,2.831099195710453
7403,74,Sulawesi Tenggara,Muna,Kabupaten,2022,31.3,13.41,75.88,,85.656836461126,75.33512064343164,54.82573726541555,75.26407506702412,40.25871313672922,21.847184986595174,13.158176943699731
7404,74,Sulawesi Tenggara,Buton,Kabupaten,2022,32.6,13.27,73.51,,89.81233243967829,74.53083109919572,64.343163538874,79.26809651474531,42.211796246648795,21.61394101876676,15.442359249329758
7406,74,Sulawesi Tenggara,Bombana,Kabupaten,2022,35.3,10.26,84.97,,94.10187667560321,54.95978552278821,9.115281501340476,62.3538873994638,44.227882037533504,15.93833780160858,2.187667560321714
7407,74,Sulawesi Tenggara,Wakatobi,Kabupaten,2022,29.9,14.55,56.62,,81.36729222520107,81.50134048257372,90.3485254691689,83.56166219839142,38.242627345844504,23.63538873994638,21.683646112600535
7409,74,Sulawesi Tenggara,Konawe Utara,Kabupaten,2022,21.6,13.72,75.89,,41.8230563002681,76.67560321715817,54.28954423592493,54.92225201072385,19.656836461126005,22.235924932975866,13.029490616621983
7410,74,Sulawesi Tenggara,Buton Utara,Kabupaten,2022,31.2,14.26,74.03,,85.12064343163539,80.42895442359249,61.930294906166225,78.19436997319035,40.00670241286863,23.32439678284182,14.863270777479894
7411,74,Sulawesi Tenggara,Kolaka Timur,Kabupaten,2022,23.7,13.57,84.04,,53.61930294906166,76.40750670241286,14.47721179624665,50.833780160857906,25.20107238605898,22.15817694369973,3.474530831099196
7412,74,Sulawesi Tenggara,Konawe Kepulauan,Kabupaten,2022,32.3,16.15,60.04,,88.3378016085791,87.1313672922252,86.8632707774799,87.63404825737265,41.51876675603217,25.26809651474531,20.847184986595174
7413,74,Sulawesi Tenggara,Muna Barat,Kabupaten,2022,31.7,13.85,77.99,,86.8632707774799,78.15013404825737,46.38069705093834,74.62064343163539,40.82573726541555,22.663538873994636,11.131367292225201
7414,74,Sulawesi Tenggara,Buton Tengah,Kabupaten,2022,41.6,14.9,63.69,,99.32975871313673,83.10991957104558,82.57372654155496,90.60455764075067,46.68498659517426,24.101876675603215,19.81769436997319
7415,74,Sulawesi Tenggara,Buton Selatan,Kabupaten,2022,32.6,14.41,68.05,,89.81233243967829,80.6970509383378,78.28418230563003,84.40214477211796,42.211796246648795,23.40214477211796,18.788203753351205
7471,74,Sulawesi Tenggara,Kendari,Kota,2022,19.5,4.57,83.01,,32.975871313672926,10.455764075067025,20.643431635388737,23.485254691689008,15.498659517426274,3.032171581769437,4.9544235924932964
7472,74,Sulawesi Tenggara,Bau-Bau,Kota,2022,26.0,7.31,75.32,,65.41554959785523,34.18230563002681,56.30026809651474,54.170241286863266,30.74530831099196,9.912868632707774,13.512064343163537
7501,75,Gorontalo,Gorontalo,Kabupaten,2022,30.8,17.71,79.79,,83.78016085790885,90.3485254691689,37.26541554959786,74.52144772117961,39.37667560321716,26.201072386058982,8.943699731903486
7502,75,Gorontalo,Boalemo,Kabupaten,2022,29.9,18.74,81.71,,81.36729222520107,93.02949061662198,25.469168900804277,71.3337801608579,38.242627345844504,26.978552278820374,6.1126005361930265
7503,75,Gorontalo,Bone Bolango,Kabupaten,2022,22.3,16.05,78.84,,46.11260053619303,86.46112600536193,42.35924932975871,56.91286863270777,21.67292225201072,25.073726541554958,10.16621983914209
7504,75,Gorontalo,Pohuwato,Kabupaten,2022,6.4,17.87,80.47,,0.5361930294906166,90.61662198391421,31.63538873994638,34.12332439678284,0.2520107238605898,26.27882037533512,7.59249329758713
7505,75,Gorontalo,Gorontalo Utara,Kabupaten,2022,29.3,17.24,80.34,,79.08847184986595,89.27613941018767,32.707774798927616,70.91152815013405,37.171581769437,25.890080428954423,7.849865951742627
7571,75,Gorontalo,Gorontalo,Kota,2022,19.1,5.73,80.95,,30.563002680965145,19.034852546916888,29.758713136729227,27.02680965147453,14.364611260053618,5.520107238605897,7.142091152815015
7601,76,Sulawesi Barat,Mamuju Utara,Kabupaten,2022,25.8,5.09,73.65,,64.6112600536193,14.745308310991955,63.53887399463807,49.892761394101875,30.367292225201073,4.276139410187667,15.249329758713136
7602,76,Sulawesi Barat,Mamuju,Kabupaten,2022,33.8,7.63,82.18,,91.42091152815014,37.26541554959786,22.788203753351212,59.243967828418235,42.96782841823057,10.80697050938338,5.4691689008042905
7603,76,Sulawesi Barat,Mamasa,Kabupaten,2022,38.6,14.51,71.22,,97.58713136729223,81.23324396782841,71.31367292225201,86.53887399463807,45.865951742627345,23.557640750670238,17.115281501340483
7604,76,Sulawesi Barat,Polewali Mandar,Kabupaten,2022,39.3,16.39,74.17,,97.85522788203752,87.80160857908848,61.662198391420915,86.25335120643432,45.991957104557635,25.462466487935657,14.79892761394102
7606,76,Sulawesi Barat,Mamuju Tengah,Kabupaten,2022,28.1,7.17,81.37,,75.06702412868633,32.975871313672926,26.809651474530824,51.278820375335116,35.28150134048257,9.563002680965148,6.4343163538873975
8101,81,Maluku,Maluku Tengah,Kabupaten,2022,27.0,17.46,69.62,,69.3029490616622,90.0804289544236,76.13941018766756,76.96916890080429,32.57238605898124,26.12332439678284,18.273458445040216
8102,81,Maluku,Maluku Tenggara,Kabupaten,2022,26.8,21.19,49.5,,67.96246648793566,95.17426273458445,94.36997319034853,82.19168900804289,31.94235924932976,27.600536193029487,22.648793565683647
8103,81,Maluku,Kepulauan Tanimbar,Kabupaten,2022,31.5,23.88,44.58,,86.32707774798928,96.7828418230563,96.7828418230563,91.8686327077748,40.57372654155496,28.067024128686324,23.22788203753351
8104,81,Maluku,Buru,Kabupaten,2022,23.3,15.82,79.02,,50.80428954423593,85.79088471849866,41.95710455764075,58.82707774798928,23.878016085790886,24.87935656836461,10.069705093833779
8105,81,Maluku,Seram Bagian Timur,Kabupaten,2022,24.1,20.73,65.69,,55.49597855227882,94.90616621983914,81.23324396782841,73.10187667560321,26.083109919571044,27.522788203753347,19.495978552278817
8106,81,Maluku,Seram Bagian Barat,Kabupaten,2022,27.5,22.25,61.06,,72.38605898123325,95.97855227882037,84.98659517426273,82.2520107238606,34.02144772117963,27.833780160857906,20.396782841823054
8107,81,Maluku,Kepulauan Aru,Kabupaten,2022,28.1,23.51,42.36,,75.06702412868633,96.24664879356568,97.85522788203754,86.67828418230562,35.28150134048257,27.911528150134046,23.485254691689008
8108,81,Maluku,Maluku Barat Daya,Kabupaten,2022,25.7,27.64,66.43,,64.07506702412869,98.12332439678283,80.4289544235925,77.8739946380697,30.11528150134048,28.45576407506702,19.3029490616622
8109,81,Maluku,Buru Selatan,Kabupaten,2022,41.6,14.75,57.79,,99.32975871313673,82.57372654155496,89.54423592493298,92.12198391420911,46.68498659517426,23.946380697050937,21.490616621983914
8171,81,Maluku,Ambon,Kota,2022,21.1,4.68,80.96,,39.812332439678286,11.528150134048257,29.490616621983918,29.13270777479893,18.711796246648795,3.3431635388739944,7.07774798927614
8172,81,Maluku,Tual,Kota,2022,24.9,20.56,45.18,,60.32171581769437,94.63806970509383,95.71045576407506,78.76675603217157,28.351206434316353,27.445040214477206,22.970509383378015
8201,82,Maluku Utara,Halmahera Barat,Kabupaten,2022,23.9,8.43,52.05,,55.093833780160864,42.62734584450402,93.5656836461126,60.711796246648795,25.894101876675606,12.361930294906164,22.455764075067023
8203,82,Maluku Utara,Halmahera Utara,Kabupaten,2022,24.9,4.58,63.43,,60.32171581769437,10.857908847184987,82.84182305630027,51.38203753351206,28.351206434316353,3.148793565683646,19.882037533512065
8204,82,Maluku Utara,Halmahera Selatan,Kabupaten,2022,31.4,4.99,53.42,,86.05898123324397,14.209115281501342,92.49329758713137,66.76675603217157,40.447721179624665,4.120643431635389,22.198391420911527
8206,82,Maluku Utara,Halmahera Timur,Kabupaten,2022,32.3,13.14,72.38,,88.3378016085791,73.32439678284183,68.09651474530831,79.1260053619303,41.51876675603217,21.26407506702413,16.343163538873995
8208,82,Maluku Utara,Pulau Taliabu,Kabupaten,2022,23.7,6.88,44.39,,53.61930294906166,29.2225201072386,97.05093833780161,56.96782841823055,25.20107238605898,8.474530831099194,23.292225201072387
8271,82,Maluku Utara,Ternate,Kota,2022,17.7,3.11,81.32,,23.994638069705093,2.949061662198391,27.077747989276133,18.6313672922252,11.277479892761393,0.8552278820375334,6.498659517426272
8272,82,Maluku Utara,Tidore Kepulauan,Kota,2022,19.1,5.99,55.94,,30.563002680965145,20.64343163538874,90.61662198391421,42.09919571045576,14.364611260053618,5.986595174262734,21.74798927613941
9103,91,Papua,Jayapura,Kabupaten,2022,20.2,11.94,70.62,,36.46112600536193,65.01340482573727,73.45844504021447,53.620643431635386,17.136729222520106,18.853887399463808,17.630026809651472
9105,91,Papua,Kepulauan Yapen,Kabupaten,2022,31.1,26.15,44.82,,84.58445040214477,97.58713136729223,96.24664879356568,91.15415549597854,39.75469168900804,28.300268096514746,23.099195710455763
9110,91,Papua,Sarmi,Kabupaten,2022,25.6,13.76,57.07,,63.806970509383376,77.21179624664879,90.0804289544236,74.0,29.989276139410187,22.391420911528147,21.619302949061662
9115,91,Papua,Waropen,Kabupaten,2022,22.2,30.22,44.89,,45.57640750670242,99.19571045576407,95.97855227882037,73.22252010723861,21.420911528150135,28.76675603217158,23.034852546916888
9119,91,Papua,Supiori,Kabupaten,2022,40.2,37.7,29.87,,98.65951742627345,100.0,99.19571045576407,99.1769436997319,46.36997319034852,28.999999999999996,23.806970509383376
9120,91,Papua,Mamberamo Raya,Kabupaten,2022,29.0,30.73,22.96,,78.15013404825737,99.46380697050938,99.73190348525469,89.5107238605898,36.73056300268096,28.84450402144772,23.935656836461124
9201,92,Papua Barat,Sorong,Kabupaten,2022,23.8,27.58,43.19,,54.42359249329759,97.85522788203752,97.58713136729223,77.37801608579088,25.579088471849865,28.37801608579088,23.420911528150135
9203,92,Papua Barat,Fak-Fak,Kabupaten,2022,29.0,22.06,46.63,,78.15013404825737,95.71045576407506,95.17426273458445,87.328418230563,36.73056300268096,27.756032171581765,22.841823056300267
9204,92,Papua Barat,Sorong Selatan,Kabupaten,2022,36.7,18.48,37.75,,95.84450402144772,92.76139410187668,98.39142091152814,95.56166219839142,45.046916890080425,26.900804289544233,23.613941018766752
9205,92,Papua Barat,Raja Ampat,Kabupaten,2022,31.1,17.32,44.6,,84.58445040214477,89.54423592493298,96.51474530831099,88.88605898123325,39.75469168900804,25.96782841823056,23.163538873994636
9206,92,Papua Barat,Teluk Bintuni,Kabupaten,2022,22.8,29.73,39.37,,48.525469168900806,98.65951742627345,98.12332439678285,74.96782841823057,22.806970509383376,28.6112600536193,23.549597855227884
9207,92,Papua Barat,Teluk Wondama,Kabupaten,2022,26.1,30.06,31.95,,65.95174262734585,98.92761394101876,98.92761394101876,83.4289544235925,30.99731903485255,28.689008042895438,23.742627345844504
9208,92,Papua Barat,Kaimana,Kabupaten,2022,29.2,15.29,45.43,,78.82037533512064,84.45040214477211,95.44235924932975,84.44235924932975,37.0455764075067,24.49061662198391,22.90616621983914
9211,92,Papua Barat,Manokwari Selatan,Kabupaten,2022,27.2,28.55,69.46,,70.50938337801608,98.39142091152814,76.40750670241287,80.0107238605898,33.13941018766756,28.53351206434316,18.33780160857909
9212,92,Papua Barat,Pegunungan Arfak,Kabupaten,2022,51.5,33.71,34.9,,100.0,99.73190348525469,98.65951742627345,99.6005361930295,47.0,28.92225201072386,23.678284182305628
9301,91,Papua,Merauke,Kabupaten,2022,23.7,10.1,80.1,,53.61930294906166,54.15549597855228,35.120643431635386,49.33512064343163,25.20107238605898,15.705093833780161,8.428954423592492
1101,11,Aceh,Aceh Selatan,Kabupaten,2023,40.2,12.1,71.11,,99.73190348525469,66.75603217158177,77.7479892761394,84.89276139410187,46.8739946380697,19.35924932975871,18.659517426273457
1102,11,Aceh,Aceh Tenggara,Kabupaten,2023,32.9,12.45,78.47,,92.0911528150134,69.70509383378017,54.9597855227882,76.6876675603217,43.282841823056295,20.214477211796247,13.190348525469169
1103,11,Aceh,Aceh Timur,Kabupaten,2023,29.7,13.39,75.78,,82.97587131367293,76.40750670241286,65.68364611260054,76.92091152815013,38.998659517426276,22.15817694369973,15.76407506702413
1104,11,Aceh,Aceh Tengah,Kabupaten,2023,23.6,14.38,65.57,,55.49597855227882,80.9651474530831,84.45040214477211,69.83109919571045,26.083109919571044,23.479892761394098,20.268096514745306
1105,11,Aceh,Aceh Barat,Kabupaten,2023,33.4,17.86,79.95,,92.89544235924933,91.42091152815014,48.525469168900806,81.81903485254692,43.660857908847184,26.51206434316354,11.646112600536194
1106,11,Aceh,Aceh Besar,Kabupaten,2023,30.1,13.38,85.62,,84.85254691689008,76.13941018766755,17.828418230563003,66.23994638069703,39.88069705093833,22.08042895442359,4.278820375335121
1107,11,Aceh,Pidie,Kabupaten,2023,29.5,18.78,75.69,,82.03753351206434,93.5656836461126,65.95174262734585,81.52010723860589,38.55764075067024,27.134048257372655,15.828418230563004
1108,11,Aceh,Aceh Utara,Kabupaten,2023,25.2,16.64,76.66,,63.27077747989276,88.73994638069705,62.466487935656836,70.46380697050938,29.737265415549594,25.734584450402142,14.99195710455764
1109,11,Aceh,Simeulue,Kabupaten,2023,30.7,17.92,72.51,,86.59517426273459,91.68900804289544,74.53083109919571,85.1769436997319,40.69973190348525,26.589812332439674,17.887399463806968
1110,11,Aceh,Aceh Singkil,Kabupaten,2023,34.1,19.15,47.06,,95.04021447721179,94.10187667560321,97.05093833780161,95.25067024128685,44.66890080428954,27.28954423592493,23.292225201072387
1111,11,Aceh,Bireuen,Kabupaten,2023,32.9,12.12,81.34,,92.0911528150134,67.29222520107238,42.35924932975871,72.96380697050937,43.282841823056295,19.51474530831099,10.16621983914209
1113,11,Aceh,Gayo Lues,Kabupaten,2023,15.4,18.82,75.49,,16.621983914209114,93.8337801608579,67.02412868632707,51.10991957104557,7.812332439678283,27.211796246648788,16.0857908847185
1114,11,Aceh,Aceh Jaya,Kabupaten,2023,34.0,12.42,80.22,,94.50402144772117,69.3029490616622,47.18498659517426,75.83914209115281,44.41689008042895,20.09785522788204,11.324396782841822
1115,11,Aceh,Nagan Raya,Kabupaten,2023,31.6,17.25,76.29,,89.00804289544236,90.0804289544236,64.6112600536193,83.46380697050938,41.833780160857906,26.12332439678284,15.506702412868632
1116,11,Aceh,Aceh Tamiang,Kabupaten,2023,35.9,12.51,81.41,,96.7828418230563,70.50938337801608,41.28686327077749,75.84450402144772,45.487935656836456,20.44772117962466,9.908847184986596
1117,11,Aceh,Bener Meriah,Kabupaten,2023,32.2,18.31,45.67,,90.3485254691689,92.49329758713137,97.58713136729223,92.7077747989276,42.46380697050938,26.823056300268096,23.420911528150135
1118,11,Aceh,Pidie Jaya,Kabupaten,2023,29.4,18.4,77.69,,81.50134048257372,93.02949061662198,58.44504021447721,79.31099195710456,38.305630026809645,26.978552278820374,14.02680965147453
1171,11,Aceh,Banda Aceh,Kota,2023,21.7,7.04,86.97,,47.85522788203753,32.707774798927616,13.404825737265412,35.19436997319035,22.49195710455764,9.485254691689008,3.2171581769436988
1172,11,Aceh,Sabang,Kota,2023,25.6,14.59,73.88,,64.87935656836461,81.76943699731903,71.58176943699732,71.38605898123325,30.493297587131366,23.71313672922252,17.179624664879356
1173,11,Aceh,Lhokseumawe,Kota,2023,20.7,10.73,80.67,,42.761394101876675,58.31099195710456,45.174262734584445,47.84986595174263,20.097855227882036,16.910187667560322,10.841823056300267
1174,11,Aceh,Langsa,Kota,2023,25.6,10.53,76.95,,64.87935656836461,56.97050938337802,61.394101876675606,61.74932975871314,30.493297587131366,16.521447721179626,14.734584450402146
1175,11,Aceh,Subulussalam,Kota,2023,29.6,16.41,36.09,,82.30563002680965,88.20375335120644,98.65951742627345,87.94101876675603,38.683646112600535,25.579088471849868,23.678284182305628
1201,12,Sumatera Utara,Tapanuli Tengah,Kabupaten,2023,23.8,11.5,72.18,,56.56836461126006,64.07506702412869,75.60321715817695,63.31367292225201,26.587131367292226,18.581769436997316,18.144772117962468
1202,12,Sumatera Utara,Tapanuli Utara,Kabupaten,2023,27.4,8.54,77.29,,73.45844504021449,44.369973190348524,60.32171581769437,61.869973190348524,34.525469168900806,12.867292225201071,14.477211796246648
1203,12,Sumatera Utara,Tapanuli Selatan,Kabupaten,2023,15.6,7.01,73.4,,17.694369973190348,32.30563002680965,72.11796246648794,34.993297587131366,8.316353887399464,9.368632707774799,17.308310991957104
1208,12,Sumatera Utara,Simalungun,Kabupaten,2023,17.7,7.87,81.41,,27.74798927613941,40.61662198391421,41.28686327077749,34.729222520107236,13.041554959785522,11.778820375335119,9.908847184986596
1209,12,Sumatera Utara,Asahan,Kabupaten,2023,11.0,8.21,73.99,,8.04289544235925,42.89544235924933,70.91152815013405,33.238605898123325,3.780160857908847,12.439678284182305,17.01876675603217
1210,12,Sumatera Utara,Labuhan Batu,Kabupaten,2023,20.2,7.99,77.96,,39.27613941018767,41.55495978552279,56.56836461126005,44.08713136729222,18.459785522788202,12.050938337801608,13.576407506702411
1211,12,Sumatera Utara,Dairi,Kabupaten,2023,32.6,7.47,82.92,,91.01876675603218,37.533512064343164,35.388739946380696,62.156836461126005,42.77882037533512,10.884718498659517,8.493297587131366
1212,12,Sumatera Utara,Toba Samosir,Kabupaten,2023,28.0,8.04,83.09,,76.2734584450402,41.957104557640754,33.243967828418235,55.99463806970509,35.8485254691689,12.167560321715818,7.978552278820376
1213,12,Sumatera Utara,Mandailing Natal,Kabupaten,2023,20.7,8.86,69.54,,42.761394101876675,46.64879356568365,80.16085790884719,52.86461126005362,20.097855227882036,13.528150134048257,19.238605898123325
1214,12,Sumatera Utara,Nias Selatan,Kabupaten,2023,31.8,16.39,65.67,,89.41018766756032,87.93565683646113,84.1823056300268,87.7278820375335,42.02278820375335,25.501340482573728,20.203753351206434
1215,12,Sumatera Utara,Pakpak Bharat,Kabupaten,2023,28.9,7.54,77.32,,79.22252010723861,38.605898123324394,60.053619302949066,62.843163538873995,37.234584450402146,11.195710455764074,14.412868632707776
1216,12,Sumatera Utara,Humbang Hasundutan,Kabupaten,2023,18.4,8.69,78.9,,30.6970509383378,45.71045576407507,53.61930294906166,40.552278820375335,14.427613941018764,13.25603217158177,12.868632707774799
1217,12,Sumatera Utara,Samosir,Kabupaten,2023,22.4,11.66,78.89,,51.474530831099194,64.6112600536193,53.88739946380697,55.86327077747989,24.19302949061662,18.737265415549597,12.932975871313673
1218,12,Sumatera Utara,Serdang Bedagai,Kabupaten,2023,14.4,7.44,83.76,,13.404825737265416,37.26541554959786,28.15013404825737,23.863270777479894,6.300268096514745,10.80697050938338,6.756032171581769
1225,12,Sumatera Utara,Nias Barat,Kabupaten,2023,28.9,22.81,61.2,,79.22252010723861,96.24664879356568,88.47184986595174,86.3793565683646,37.234584450402146,27.911528150134046,21.233243967828418
1272,12,Sumatera Utara,Pematang Siantar,Kota,2023,7.7,7.24,87.19,,3.753351206434316,34.584450402144775,12.600536193029484,14.81769436997319,1.7640750670241285,10.029490616621985,3.024128686327076
1274,12,Sumatera Utara,Tanjung Balai,Kota,2023,5.7,12.21,70.83,,1.876675603217158,68.36461126005362,78.28418230563003,39.495978552278814,0.8820375335120643,19.825737265415547,18.788203753351205
1275,12,Sumatera Utara,Binjai,Kota,2023,19.4,4.79,87.25,,34.71849865951743,13.404825737265416,12.064343163538865,23.100536193029487,16.31769436997319,3.8873994638069704,2.8954423592493277
1277,12,Sumatera Utara,Padang Sidimpuan,Kota,2023,26.1,6.85,69.9,,68.49865951742628,30.02680965147453,79.08847184986595,59.88337801608579,32.19436997319035,8.707774798927613,18.98123324396783
1278,12,Sumatera Utara,Gunungsitoli,Kota,2023,18.9,14.78,65.13,,33.10991957104557,82.57372654155496,84.98659517426273,59.90482573726541,15.561662198391419,23.946380697050937,20.396782841823054
1301,13,Sumatera Barat,Pesisir Selatan,Kabupaten,2023,27.0,7.34,85.95,,71.44772117962466,36.32707774798928,16.89008042895442,48.168900804289535,33.58042895442359,10.53485254691689,4.053619302949061
1302,13,Sumatera Barat,Solok,Kabupaten,2023,25.4,7.13,81.78,,63.67292225201072,33.78016085790885,39.41018766756032,49.18096514745308,29.92627345844504,9.796246648793565,9.458445040214476
1303,13,Sumatera Barat,Sijunjung,Kabupaten,2023,28.5,5.88,79.93,,77.34584450402144,20.64343163538874,48.793565683646115,54.04959785522787,36.35254691689008,5.986595174262734,11.710455764075068
1304,13,Sumatera Barat,Tanah Datar,Kabupaten,2023,18.5,4.16,87.55,,31.63538873994638,7.238605898123325,9.919571045576404,19.348525469168898,14.868632707774797,2.099195710455764,2.380697050938337
1305,13,Sumatera Barat,Padang Pariaman,Kabupaten,2023,19.4,6.34,83.13,,34.71849865951743,23.59249329758713,32.43967828418231,30.94504021447721,16.31769436997319,6.841823056300267,7.785522788203753
1306,13,Sumatera Barat,Agam,Kabupaten,2023,20.1,6.6,86.4,,38.47184986595174,26.943699731903486,14.879356568364614,29.466487935656833,18.081769436997316,7.81367292225201,3.5710455764075073
1307,13,Sumatera Barat,Limapuluh Koto,Kabupaten,2023,28.6,6.8,80.68,,78.15013404825737,29.356568364611256,44.77211796246648,55.98927613941018,36.73056300268096,8.513404825737263,10.745308310991955
1308,13,Sumatera Barat,Pasaman,Kabupaten,2023,29.4,6.8,80.59,,81.50134048257372,29.356568364611256,45.57640750670241,57.75737265415548,38.305630026809645,8.513404825737263,10.938337801608577
1309,13,Sumatera Barat,Kepulauan Mentawai,Kabupaten,2023,33.7,13.72,50.91,,93.69973190348524,77.7479892761394,94.90616621983914,89.36327077747987,44.03887399463806,22.546916890080425,22.77747989276139
1310,13,Sumatera Barat,Dharmas Raya,Kabupaten,2023,17.7,5.56,84.38,,27.74798927613941,18.766756032171582,25.603217158176932,24.628686327077745,13.041554959785522,5.442359249329758,6.1447721179624635
1312,13,Sumatera Barat,Pasaman Barat,Kabupaten,2023,29.7,6.92,80.67,,82.97587131367293,30.563002680965145,45.174262734584445,58.70375335120643,38.998659517426276,8.863270777479892,10.841823056300267
1371,13,Sumatera Barat,Padang,Kota,2023,24.2,4.17,88.33,,58.71313672922251,7.506702412868632,7.7747989276139435,31.63806970509383,27.59517426273458,2.176943699731903,1.8659517426273464
1372,13,Sumatera Barat,Solok,Kota,2023,16.3,3.05,92.87,,21.58176943699732,2.4128686327077746,0.5361930294906188,10.971849865951743,10.14343163538874,0.6997319034852546,0.1286863270777485
1373,13,Sumatera Barat,Sawah Lunto,Kota,2023,19.5,2.27,84.38,,35.656836461126005,0.2680965147453083,25.603217158176932,22.981233243967825,16.75871313672922,0.0777479892761394,6.1447721179624635
1374,13,Sumatera Barat,Padang Panjang,Kota,2023,15.8,5.24,89.58,,18.900804289544233,16.353887399463808,4.557640750670245,14.719839142091152,8.88337801608579,4.742627345844504,1.0938337801608589
1375,13,Sumatera Barat,Bukittinggi,Kota,2023,20.1,4.11,91.78,,38.47184986595174,6.568364611260054,1.3404825737265469,20.308310991957104,18.081769436997316,1.9048257372654156,0.32171581769437124
1376,13,Sumatera Barat,Payakumbuh,Kota,2023,19.8,5.44,88.56,,37.39946380697051,18.230563002680967,6.970509383378015,24.537533512064343,17.577747989276137,5.28686327077748,1.6729222520107236
1377,13,Sumatera Barat,Pariaman,Kota,2023,17.7,4.2,81.57,,27.74798927613941,8.176943699731904,40.21447721179625,25.064343163538872,13.041554959785522,2.371313672922252,9.6514745308311
1402,14,Riau,Indragiri Hulu,Kabupaten,2023,12.7,6.06,59.35,,9.919571045576408,21.715817694369974,90.0804289544236,32.579088471849865,4.662198391420912,6.297587131367292,21.619302949061662
1403,14,Riau,Bengkalis,Kabupaten,2023,17.9,6.31,61.68,,28.9544235924933,23.324396782841823,87.39946380697052,41.348525469168905,13.60857908847185,6.7640750670241285,20.975871313672922
1406,14,Riau,Rokan Hulu,Kabupaten,2023,15.9,9.72,56.76,,19.70509383378016,53.2171581769437,91.68900804289544,46.69973190348525,9.261394101876675,15.43297587131367,22.005361930294903
1407,14,Riau,Rokan Hilir,Kabupaten,2023,16.6,7.07,67.45,,22.386058981233244,32.975871313672926,82.30563002680965,39.83780160857909,10.521447721179625,9.563002680965148,19.753351206434317
1408,14,Riau,Siak,Kabupaten,2023,10.4,5.23,74.74,,7.238605898123325,16.0857908847185,68.63270777479893,24.53887399463807,3.4021447721179623,4.664879356568364,16.471849865951743
1409,14,Riau,Kuantan Sengingi,Kabupaten,2023,23.0,8.07,68.94,,53.2171581769437,42.35924932975871,80.96514745308312,56.72788203753351,25.012064343163537,12.284182305630026,19.43163538873995
1410,14,Riau,Kepulauan Meranti,Kabupaten,2023,19.6,22.98,70.47,,36.59517426273459,96.51474530831099,78.82037533512064,64.1058981233244,17.199731903485254,27.989276139410187,18.916890080428953
1471,14,Riau,Pekanbaru,Kota,2023,8.7,3.16,89.81,,4.423592493297587,3.2171581769436997,4.289544235924936,4.041554959785524,2.079088471849866,0.9329758713136729,1.0294906166219846
1472,14,Riau,Dumai,Kota,2023,14.9,3.21,78.61,,14.343163538873997,3.753351206434316,54.69168900804289,20.955764075067023,6.741286863270778,1.0884718498659516,13.126005361930293
1502,15,Jambi,Merangin,Kabupaten,2023,14.9,8.9,71.66,,14.343163538873997,47.31903485254691,76.40750670241287,38.801608579088466,6.741286863270778,13.722520107238603,18.33780160857909
1503,15,Jambi,Sarolangun,Kabupaten,2023,4.8,8.54,64.01,**,0.8042895442359249,44.369973190348524,85.52278820375335,33.77077747989276,0.3780160857908847,12.867292225201071,20.525469168900802
1506,15,Jambi,Tanjung Jabung Barat,Kabupaten,2023,14.1,9.79,63.59,,11.796246648793565,53.88739946380697,86.05898123324397,41.825737265415555,5.544235924932975,15.62734584450402,20.654155495978554
1507,15,Jambi,Tanjung Jabung Timur,Kabupaten,2023,23.7,10.85,71.22,,56.03217158176944,58.98123324396782,77.4798927613941,62.034852546916895,26.335120643431637,17.104557640750667,18.595174262734584
1509,15,Jambi,Tebo,Kabupaten,2023,22.7,6.46,70.89,,52.14477211796247,24.798927613941018,78.01608579088472,50.42359249329758,24.508042895442358,7.191689008042895,18.723860589812332
1571,15,Jambi,Jambi,Kota,2023,13.5,8.24,84.66,,10.991957104557642,43.16353887399464,24.12868632707776,23.474530831099194,5.166219839142092,12.517426273458444,5.790884718498662
1572,15,Jambi,Sungai Penuh,Kota,2023,4.1,3.0,83.14,**,0.40214477211796246,2.1447721179624666,32.03753351206434,8.5,0.18900804289544235,0.6219839142091153,7.689008042895442
1601,16,Sumatera Selatan,Ogan Komering Ulu,Kabupaten,2023,15.7,11.46,74.36,,18.096514745308312,63.53887399463807,69.16890080428955,43.53217158176943,8.505361930294907,18.42627345844504,16.60053619302949
1602,16,Sumatera Selatan,Ogan Komering Ilir,Kabupaten,2023,32.5,13.15,79.04,,90.61662198391421,74.79892761394102,52.81501340482574,76.95710455764076,42.58981233243968,21.691689008042893,12.675603217158178
1603,16,Sumatera Selatan,Muara Enim,Kabupaten,2023,25.9,10.93,73.22,,66.75603217158177,59.78552278820375,72.65415549597856,66.15013404825737,31.375335120643427,17.337801608579085,17.43699731903485
1604,16,Sumatera Selatan,Lahat,Kabupaten,2023,7.8,15.0,72.87,,4.021447721179625,84.1823056300268,73.45844504021447,43.932975871313666,1.8900804289544235,24.41286863270777,17.630026809651472
1605,16,Sumatera Selatan,Musi Rawas,Kabupaten,2023,21.9,14.13,79.56,,48.793565683646115,79.89276139410187,50.402144772117964,58.19839142091152,22.932975871313673,23.16890080428954,12.09651474530831
1609,16,Sumatera Selatan,Ogan Komering Ulu Selatan,Kabupaten,2023,23.0,10.36,76.15,,53.2171581769437,56.03217158176944,64.87935656836461,56.83243967828418,25.012064343163537,16.249329758713138,15.571045576407506
1610,16,Sumatera Selatan,Ogan Ilir,Kabupaten,2023,22.9,13.28,76.32,,52.68096514745309,75.33512064343164,64.20911528150134,62.01742627345844,24.760053619302948,21.847184986595174,15.41018766756032
1611,16,Sumatera Selatan,Empat Lawang,Kabupaten,2023,32.6,11.8,69.27,,91.01876675603218,65.28150134048258,80.69705093833781,81.07774798927613,42.77882037533512,18.931635388739945,19.367292225201073
1612,16,Sumatera Selatan,Penukal Abab Lematang Ilir,Kabupaten,2023,15.4,10.91,73.71,,16.621983914209114,59.51742627345844,71.84986595174263,42.31635388739946,7.812332439678283,17.260053619302948,17.24396782841823
1671,16,Sumatera Selatan,Palembang,Kota,2023,18.9,10.22,83.29,,33.10991957104557,55.36193029490617,30.965147453083105,39.04825737265415,15.561662198391419,16.05495978552279,7.431635388739945
1673,16,Sumatera Selatan,Lubuklinggau,Kota,2023,17.5,12.65,66.26,,26.273458445040216,71.31367292225201,83.10991957104558,52.975871313672926,12.348525469168901,20.680965147453083,19.946380697050937
1674,16,Sumatera Selatan,Prabumulih,Kota,2023,15.4,11.23,68.83,,16.621983914209114,62.19839142091153,81.23324396782841,45.34584450402144,7.812332439678283,18.037533512064343,19.495978552278817
1702,17,Bengkulu,Rejang Lebong,Kabupaten,2023,28.6,14.79,72.67,,78.15013404825737,82.84182305630027,73.99463806970509,78.51340482573727,36.73056300268096,24.024128686327078,17.75871313672922
1703,17,Bengkulu,Bengkulu Utara,Kabupaten,2023,21.6,11.29,70.74,,47.18498659517426,62.73458445040214,78.55227882037534,59.222520107238594,22.1769436997319,18.19302949061662,18.85254691689008
1704,17,Bengkulu,Kaur,Kabupaten,2023,14.3,17.83,73.9,,12.734584450402146,90.88471849865952,71.31367292225201,49.457104557640754,5.985254691689008,26.35656836461126,17.115281501340483
1705,17,Bengkulu,Seluma,Kabupaten,2023,26.0,18.0,71.64,,67.5603217158177,91.95710455764075,76.67560321715817,76.82305630026809,31.753351206434314,26.667560321715815,18.40214477211796
1706,17,Bengkulu,Mukomuko,Kabupaten,2023,27.1,10.76,76.63,,72.11796246648794,58.71313672922251,63.00268096514745,66.04289544235924,33.89544235924933,17.026809651474526,15.120643431635386
1707,17,Bengkulu,Lebong,Kabupaten,2023,15.7,11.15,75.84,,18.096514745308312,61.3941018766756,65.41554959785523,42.00938337801608,8.505361930294907,17.80428954423592,15.699731903485254
1709,17,Bengkulu,Bengkulu Tengah,Kabupaten,2023,23.2,9.4,61.54,,54.289544235924936,51.742627345844504,87.93565683646112,61.6260053619303,25.51608579088472,15.005361930294905,21.104557640750667
1771,17,Bengkulu,Bengkulu,Kota,2023,6.7,14.71,75.68,,3.2171581769436997,82.03753351206434,66.35388739946382,41.227882037533504,1.5120643431635388,23.790884718498656,15.924932975871315
1801,18,Lampung,Lampung Selatan,Kabupaten,2023,10.3,12.79,85.46,,6.8364611260053625,72.11796246648794,19.43699731903486,28.792225201072387,3.21313672922252,20.9142091152815,4.664879356568366
1802,18,Lampung,Lampung Tengah,Kabupaten,2023,16.7,10.65,84.55,,22.92225201072386,57.64075067024129,24.396782841823068,33.344504021447726,10.773458445040212,16.715817694369974,5.8552278820375365
1803,18,Lampung,Lampung Utara,Kabupaten,2023,23.5,17.17,74.94,,54.95978552278821,89.81233243967829,68.09651474530831,68.21983914209116,25.831099195710458,26.0455764075067,16.343163538873995
1804,18,Lampung,Lampung Barat,Kabupaten,2023,24.6,11.17,75.39,,60.45576407506702,61.66219839142091,67.5603217158177,62.510723860589806,28.414209115281498,17.88203753351206,16.214477211796247
1805,18,Lampung,Tulang Bawang,Kabupaten,2023,9.8,8.04,87.51,,5.630026809651475,41.957104557640754,10.455764075067023,17.323056300268096,2.646112600536193,12.167560321715818,2.5093833780160852
1806,18,Lampung,Tanggamus,Kabupaten,2023,17.1,10.52,74.19,,25.067024128686327,56.434316353887404,70.10723860589812,44.97319034852546,11.781501340482572,16.365951742627345,16.825737265415547
1807,18,Lampung,Lampung Timur,Kabupaten,2023,14.2,13.8,83.55,,12.332439678284182,78.28418230563003,30.026809651474522,35.705093833780154,5.796246648793565,22.702412868632706,7.206434316353885
1808,18,Lampung,Way Kanan,Kabupaten,2023,22.7,11.02,79.31,,52.14477211796247,60.85790884718498,51.474530831099194,54.51072386058981,24.508042895442358,17.648793565683643,12.353887399463806
1809,18,Lampung,Pesawaran,Kabupaten,2023,10.0,12.89,77.89,,5.898123324396782,73.45844504021449,56.83646112600536,37.715817694369974,2.7721179624664876,21.3029490616622,13.640750670241285
1810,18,Lampung,Pringsewu,Kabupaten,2023,15.8,9.14,87.38,,18.900804289544233,49.06166219839142,11.52815013404826,25.87801608579088,8.88337801608579,14.22788203753351,2.7667560321715823
1811,18,Lampung,Mesuji,Kabupaten,2023,5.0,6.73,86.21,,1.6085790884718498,28.418230563002684,16.08579088471849,12.857908847184984,0.7560321715817694,8.241286863270778,3.860589812332438
1813,18,Lampung,Pesisir Barat,Kabupaten,2023,16.1,13.49,76.32,,20.64343163538874,77.21179624664879,64.20911528150134,47.50402144772118,9.702412868632708,22.391420911528147,15.41018766756032
1871,18,Lampung,Bandar Lampung,Kota,2023,13.4,7.77,83.37,,10.723860589812332,40.21447721179624,30.294906166219832,23.973190348525463,5.040214477211796,11.66219839142091,7.270777479892759
1872,18,Lampung,Metro,Kota,2023,7.1,7.28,83.66,,3.485254691689008,34.852546916890084,29.22252010723861,18.758713136729224,1.6380697050938338,10.107238605898123,7.013404825737266
1901,19,Kepulauan Bangka Belitung,Bangka,Kabupaten,2023,23.2,4.32,81.31,,54.289544235924936,9.517426273458444,42.62734584450401,38.506702412868634,25.51608579088472,2.7600536193029486,10.230563002680963
1902,19,Kepulauan Bangka Belitung,Belitung,Kabupaten,2023,20.8,6.46,61.83,,43.69973190348526,24.798927613941018,87.1313672922252,48.64209115281501,20.53887399463807,7.191689008042895,20.91152815013405
1903,19,Kepulauan Bangka Belitung,Bangka Selatan,Kabupaten,2023,20.7,3.11,82.94,,42.761394101876675,2.949061662198391,34.85254691689008,29.317694369973186,20.097855227882036,0.8552278820375334,8.364611260053618
1904,19,Kepulauan Bangka Belitung,Bangka Tengah,Kabupaten,2023,18.2,5.29,58.62,,29.892761394101875,17.426273458445042,91.15281501340482,40.9798927613941,14.04959785522788,5.053619302949062,21.876675603217155
1905,19,Kepulauan Bangka Belitung,Bangka Barat,Kabupaten,2023,20.6,2.71,63.76,,41.689008042895445,1.876675603217158,85.79088471849866,40.72788203753351,19.593833780160857,0.5442359249329758,20.589812332439678
1906,19,Kepulauan Bangka Belitung,Belitung Timur,Kabupaten,2023,17.3,6.73,62.09,,25.871313672922252,28.418230563002684,86.8632707774799,41.24798927613941,12.159517426273458,8.241286863270778,20.847184986595174
1971,19,Kepulauan Bangka Belitung,Pangkal Pinang,Kota,2023,20.7,4.27,87.42,,42.761394101876675,9.115281501340483,10.991957104557642,25.37935656836461,20.097855227882036,2.64343163538874,2.6380697050938338
2102,21,Kep. Riau,Karimun,Kabupaten,2023,17.9,5.95,62.97,,28.9544235924933,21.447721179624665,86.32707774798928,40.546916890080425,13.60857908847185,6.2198391420911525,20.718498659517426
2103,21,Kep. Riau,Natuna,Kabupaten,2023,16.1,5.25,59.15,,20.64343163538874,16.75603217158177,90.61662198391421,36.30965147453083,9.702412868632708,4.859249329758713,21.74798927613941
2104,21,Kep. Riau,Lingga,Kabupaten,2023,20.5,11.26,52.41,,40.88471849865952,62.466487935656836,94.10187667560322,59.91554959785522,19.21581769436997,18.11528150134048,22.58445040214477
2105,21,Kep. Riau,Kepulauan Anambas,Kabupaten,2023,15.2,6.95,55.72,,15.14745308310992,31.63538873994638,92.49329758713137,38.49195710455764,7.1193029490616615,9.174262734584449,22.198391420911527
2171,21,Kep. Riau,Batam,Kota,2023,16.1,5.02,88.1,,20.64343163538874,14.745308310991955,8.445040214477203,16.005361930294903,9.702412868632708,4.276139410187667,2.0268096514745286
2172,21,Kep. Riau,Tanjung Pinang,Kota,2023,15.2,7.95,77.75,,15.14745308310992,41.28686327077748,57.9088471849866,32.99061662198391,7.1193029490616615,11.973190348525469,13.898123324396783
3101,31,DKI Jakarta,Kepulauan Seribu,Kabupaten,2023,18.6,13.13,56.63,***,32.30563002680965,74.53083109919572,91.95710455764075,58.86729222520107,15.183646112600536,21.61394101876676,22.06970509383378
3171,31,DKI Jakarta,Jakarta Pusat,Kota,2023,19.1,4.68,91.0,,33.78016085790885,12.064343163538874,2.6809651474530796,20.01876675603217,15.876675603217157,3.4986595174262733,0.643431635388739
3172,31,DKI Jakarta,Jakarta Utara,Kota,2023,19.8,6.78,85.46,,37.39946380697051,28.9544235924933,19.43699731903486,30.63941018766756,17.577747989276137,8.396782841823056,4.664879356568366
3173,31,DKI Jakarta,Jakarta Barat,Kota,2023,17.1,4.09,90.84,,25.067024128686327,5.898123324396782,2.949061662198389,14.199731903485251,11.781501340482572,1.7104557640750668,0.7077747989276133
3174,31,DKI Jakarta,Jakarta Selatan,Kota,2023,16.6,3.1,88.64,,22.386058981233244,2.680965147453083,6.702412868632706,12.907506702412867,10.521447721179625,0.7774798927613941,1.6085790884718494
3175,31,DKI Jakarta,Jakarta Timur,Kota,2023,16.8,4.2,90.21,,23.59249329758713,8.176943699731904,4.0214477211796265,14.424932975871313,11.08847184986595,2.371313672922252,0.9651474530831103
3202,32,Jawa Barat,Sukabumi,Kabupaten,2023,27.0,7.01,77.65,,71.44772117962466,32.30563002680965,58.71313672922252,57.04021447721179,33.58042895442359,9.368632707774799,14.091152815013404
3203,32,Jawa Barat,Cianjur,Kabupaten,2023,11.4,10.22,78.99,,8.310991957104557,55.36193029490617,53.08310991957105,32.70107238605898,3.9061662198391414,16.05495978552279,12.739946380697052
3204,32,Jawa Barat,Bandung,Kabupaten,2023,29.2,6.4,82.48,,80.83109919571045,24.128686327077748,36.193029490616624,53.674262734584445,37.99061662198391,6.997319034852547,8.68632707774799
3205,32,Jawa Barat,Garut,Kabupaten,2023,24.1,9.77,78.04,,58.31099195710456,53.61930294906166,56.30026809651474,56.46782841823056,27.406166219839143,15.549597855227882,13.512064343163537
3206,32,Jawa Barat,Tasikmalaya,Kabupaten,2023,20.7,10.28,75.68,,42.761394101876675,55.76407506702413,66.35388739946382,52.19436997319035,20.097855227882036,16.171581769436997,15.924932975871315
3208,32,Jawa Barat,Kuningan,Kabupaten,2023,23.4,12.12,80.95,,54.6916890080429,67.29222520107238,43.16353887399463,55.57908847184986,25.70509383378016,19.51474530831099,10.359249329758711
3210,32,Jawa Barat,Majalengka,Kabupaten,2023,24.1,11.21,81.39,,58.31099195710456,61.93029490616622,41.82305630026809,55.40348525469169,27.406166219839143,17.959785522788202,10.037533512064341
3211,32,Jawa Barat,Sumedang,Kabupaten,2023,14.4,9.36,84.88,,13.404825737265416,51.206434316353885,22.788203753351212,26.619302949061662,6.300268096514745,14.849865951742625,5.4691689008042905
3212,32,Jawa Barat,Indramayu,Kabupaten,2023,18.4,12.13,84.52,,30.6970509383378,67.828418230563,24.664879356568363,40.01742627345844,14.427613941018764,19.67024128686327,5.919571045576407
3213,32,Jawa Barat,Subang,Kabupaten,2023,18.7,9.52,85.31,,32.707774798927616,52.54691689008043,20.911528150134046,35.630026809651476,15.37265415549598,15.238605898123325,5.0187667560321705
3214,32,Jawa Barat,Purwakarta,Kabupaten,2023,24.0,8.46,80.42,,57.77479892761394,43.69973190348526,46.38069705093834,50.95844504021448,27.154155495978554,12.672922252010723,11.131367292225201
3215,32,Jawa Barat,Karawang,Kabupaten,2023,17.1,7.87,88.48,,25.067024128686327,40.61662198391421,7.238605898123325,25.29758713136729,11.781501340482572,11.778820375335119,1.737265415549598
3217,32,Jawa Barat,Bandung Barat,Kabupaten,2023,25.1,10.52,74.19,,62.60053619302949,56.434316353887404,70.10723860589812,62.61394101876675,29.42225201072386,16.365951742627345,16.825737265415547
3218,32,Jawa Barat,Pangandaran,Kabupaten,2023,23.9,8.98,83.57,,57.23860589812333,47.98927613941019,29.624664879356573,47.9289544235925,26.902144772117964,13.916890080428953,7.109919571045578
3271,32,Jawa Barat,Bogor,Kota,2023,18.2,6.67,83.78,,29.892761394101875,27.882037533512065,27.613941018766752,28.7627345844504,14.04959785522788,8.085790884718499,6.6273458445040205
3273,32,Jawa Barat,Bandung,Kota,2023,16.3,3.96,90.46,,21.58176943699732,5.227882037533512,3.4852546916890077,12.495978552278821,10.14343163538874,1.5160857908847185,0.8364611260053618
3274,32,Jawa Barat,Cirebon,Kota,2023,19.9,9.16,83.77,,37.801608579088466,49.597855227882036,27.88203753351206,38.841823056300264,17.76675603217158,14.38337801608579,6.691689008042895
3275,32,Jawa Barat,Bekasi,Kota,2023,10.3,4.1,93.55,,6.8364611260053625,6.166219839142091,0.2680965147453094,5.065683646112601,3.21313672922252,1.7882037533512063,0.06434316353887425
3276,32,Jawa Barat,Depok,Kota,2023,14.3,2.38,89.47,,12.734584450402146,1.0723860589812333,5.093833780160864,7.518766756032173,5.985254691689008,0.3109919571045576,1.2225201072386074
3277,32,Jawa Barat,Cimahi,Kota,2023,24.5,4.66,87.17,,60.05361930294906,11.662198391420912,13.136729222520103,34.760053619302944,28.225201072386056,3.3820375335120643,3.1528150134048247
3278,32,Jawa Barat,Tasikmalaya,Kota,2023,27.1,11.53,72.71,,72.11796246648794,64.343163538874,73.72654155495978,70.24932975871313,33.89544235924933,18.659517426273457,17.694369973190348
3279,32,Jawa Barat,Banjar,Kota,2023,23.6,6.14,79.55,,55.49597855227882,22.5201072386059,50.67024128686327,44.774798927613936,26.083109919571044,6.53083109919571,12.160857908847186
3301,33,Jawa Tengah,Cilacap,Kabupaten,2023,18.5,10.99,84.13,,31.63538873994638,60.58981233243968,26.541554959785515,38.80965147453083,14.868632707774797,17.571045576407506,6.3699731903485235
3302,33,Jawa Tengah,Banyumas,Kabupaten,2023,20.9,12.53,79.81,,44.10187667560322,70.77747989276139,49.597855227882036,53.156836461126005,20.72788203753351,20.525469168900802,11.903485254691688
3303,33,Jawa Tengah,Purbalingga,Kabupaten,2023,26.0,14.99,78.05,,67.5603217158177,83.91420911528151,56.03217158176943,69.53619302949062,31.753351206434314,24.335120643431637,13.447721179624663
3305,33,Jawa Tengah,Kebumen,Kabupaten,2023,21.9,16.34,80.34,,48.793565683646115,87.66756032171583,46.64879356568365,59.552278820375335,22.932975871313673,25.423592493297587,11.195710455764075
3306,33,Jawa Tengah,Purworejo,Kabupaten,2023,20.6,11.33,84.74,,41.689008042895445,63.00268096514745,23.32439678284183,43.46246648793566,19.593833780160857,18.270777479892757,5.5978552278820395
3311,33,Jawa Tengah,Sukoharjo,Kabupaten,2023,24.3,7.58,91.02,,59.115281501340476,39.14209115281501,2.41286863270777,39.71447721179624,27.784182305630022,11.351206434316353,0.5790884718498648
3312,33,Jawa Tengah,Wonogiri,Kabupaten,2023,19.5,10.94,87.79,,35.656836461126005,60.05361930294906,9.115281501340476,36.36193029490616,16.75871313672922,17.415549597855225,2.187667560321714
3314,33,Jawa Tengah,Sragen,Kabupaten,2023,18.4,12.87,88.17,,30.6970509383378,73.19034852546918,8.042895442359253,37.583109919571044,14.427613941018764,21.22520107238606,1.9302949061662207
3315,33,Jawa Tengah,Grobogan,Kabupaten,2023,20.2,11.72,87.18,,39.27613941018767,64.87935656836461,12.868632707774793,40.3632707774799,18.459785522788202,18.815013404825738,3.0884718498659502
3316,33,Jawa Tengah,Blora,Kabupaten,2023,21.2,11.49,86.94,,45.44235924932976,63.806970509383376,13.672922252010721,43.14343163538874,21.357908847184987,18.50402144772118,3.281501340482573
3317,33,Jawa Tengah,Rembang,Kabupaten,2023,19.5,14.17,84.45,,35.656836461126005,80.42895442359249,24.932975871313673,46.06702412868633,16.75871313672922,23.32439678284182,5.983914209115281
3318,33,Jawa Tengah,Pati,Kabupaten,2023,18.5,9.31,89.27,,31.63538873994638,50.93833780160858,5.630026809651483,30.991957104557642,14.868632707774797,14.772117962466488,1.351206434316356
3321,33,Jawa Tengah,Demak,Kabupaten,2023,9.5,12.01,89.03,,5.361930294906166,66.21983914209115,5.898123324396792,23.139410187667558,2.520107238605898,19.20375335120643,1.4155495978552302
3323,33,Jawa Tengah,Temanggung,Kabupaten,2023,25.1,9.26,77.84,,62.60053619302949,50.402144772117964,57.10455764075067,57.74396782841823,29.42225201072386,14.616621983914209,13.705093833780161
3324,33,Jawa Tengah,Kendal,Kabupaten,2023,22.4,9.39,85.58,,51.474530831099194,51.474530831099194,18.230563002680967,43.49597855227882,24.19302949061662,14.927613941018766,4.375335120643432
3326,33,Jawa Tengah,Pekalongan,Kabupaten,2023,28.6,9.67,81.81,,78.15013404825737,52.81501340482574,39.14209115281502,61.44101876675603,36.73056300268096,15.316353887399464,9.394101876675604
3327,33,Jawa Tengah,Pemalang,Kabupaten,2023,15.3,15.03,80.84,,15.683646112600535,84.45040214477211,44.101876675603215,42.446380697050934,7.371313672922251,24.49061662198391,10.584450402144771
3328,33,Jawa Tengah,Tegal,Kabupaten,2023,21.5,7.3,82.84,,46.51474530831099,35.25469168900804,35.656836461126005,40.64343163538874,21.861930294906166,10.22386058981233,8.557640750670242
3329,33,Jawa Tengah,Brebes,Kabupaten,2023,21.6,15.78,77.21,,47.18498659517426,86.59517426273459,60.58981233243968,61.83109919571045,22.1769436997319,25.11260053619303,14.541554959785522
3371,33,Jawa Tengah,Magelang,Kota,2023,15.4,6.11,91.18,,16.621983914209114,22.25201072386059,2.144772117962475,14.780160857908848,7.812332439678283,6.453083109919571,0.514745308310994
3373,33,Jawa Tengah,Salatiga,Kota,2023,16.9,4.66,94.2,,24.128686327077748,11.662198391420912,0.0,14.722520107238605,11.340482573726542,3.3820375335120643,0.0
3375,33,Jawa Tengah,Pekalongan,Kota,2023,28.2,6.81,78.94,,76.94369973190348,29.75871313672922,53.35120643431635,57.597855227882036,36.16353887399463,8.630026809651474,12.804289544235925
3376,33,Jawa Tengah,Tegal,Kota,2023,22.3,7.68,86.0,,50.93833780160858,39.67828418230563,16.62198391420911,39.43699731903485,23.94101876675603,11.506702412868632,3.9892761394101863
3401,34,DI Yogyakarta,Kulon Progo,Kabupaten,2023,21.2,15.64,85.54,,45.44235924932976,86.32707774798928,18.766756032171585,50.896782841823054,21.357908847184987,25.034852546916888,4.50402144772118
3402,34,DI Yogyakarta,Bantul,Kabupaten,2023,20.5,11.96,82.07,,40.88471849865952,65.95174262734585,37.80160857908847,47.41420911528151,19.21581769436997,19.126005361930297,9.072386058981234
3403,34,DI Yogyakarta,Gunung Kidul,Kabupaten,2023,22.2,15.6,81.98,,50.67024128686327,85.79088471849866,38.33780160857909,57.89544235924933,23.815013404825738,24.87935656836461,9.201072386058982
3404,34,DI Yogyakarta,Sleman,Kabupaten,2023,12.4,7.52,83.16,,9.383378016085791,38.069705093833775,31.63538873994638,23.042895442359246,4.410187667560321,11.040214477211794,7.59249329758713
3471,34,DI Yogyakarta,Yogyakarta,Kota,2023,16.8,6.49,83.11,,23.59249329758713,25.201072386058982,32.84182305630027,26.27882037533512,11.08847184986595,7.3083109919571045,7.882037533512065
3501,35,Jawa Timur,Pacitan,Kabupaten,2023,20.9,13.65,80.78,,44.10187667560322,77.4798927613941,44.50402144772118,53.878016085790875,20.72788203753351,22.469168900804288,10.680965147453083
3503,35,Jawa Timur,Trenggalek,Kabupaten,2023,15.8,10.63,81.9,,18.900804289544233,57.37265415549599,38.87399463806971,34.85120643431635,8.88337801608579,16.638069705093834,9.32975871313673
3504,35,Jawa Timur,Tulungagung,Kabupaten,2023,21.5,6.53,85.23,,46.51474530831099,25.46916890080429,21.983914209115284,34.524128686327074,21.861930294906166,7.386058981233244,5.2761394101876675
3505,35,Jawa Timur,Blitar,Kabupaten,2023,20.3,8.69,86.27,,39.812332439678286,45.71045576407507,15.817694369973196,35.76407506702414,18.711796246648795,13.25603217158177,3.796246648793567
3506,35,Jawa Timur,Kediri,Kabupaten,2023,16.8,10.72,78.22,,23.59249329758713,57.9088471849866,55.49597855227882,41.20107238605898,11.08847184986595,16.79356568364611,13.319034852546917
3507,35,Jawa Timur,Malang,Kabupaten,2023,19.5,9.45,79.97,,35.656836461126005,52.01072386058981,48.257372654155496,43.42359249329758,16.75871313672922,15.083109919571045,11.581769436997318
3508,35,Jawa Timur,Lumajang,Kabupaten,2023,29.9,8.93,79.42,,83.78016085790885,47.72117962466488,51.206434316353885,65.50536193029491,39.37667560321716,13.839142091152814,12.289544235924932
3509,35,Jawa Timur,Jember,Kabupaten,2023,29.7,9.51,77.43,,82.97587131367293,52.27882037533512,59.51742627345845,68.4436997319035,38.998659517426276,15.160857908847184,14.284182305630027
3510,35,Jawa Timur,Banyuwangi,Kabupaten,2023,21.9,7.34,84.91,,48.793565683646115,36.32707774798928,22.520107238605902,38.87265415549598,22.932975871313673,10.53485254691689,5.4048257372654165
3511,35,Jawa Timur,Bondowoso,Kabupaten,2023,17.0,13.34,75.5,,24.396782841823057,75.60321715817693,66.75603217158178,49.41286863270777,11.466487935656836,21.924932975871307,16.021447721179626
3512,35,Jawa Timur,Situbondo,Kabupaten,2023,4.1,11.9,76.64,,0.40214477211796246,65.68364611260054,62.73458445040214,34.29356568364611,0.18900804289544235,19.048257372654156,15.056300268096512
3514,35,Jawa Timur,Pasuruan,Kabupaten,2023,27.9,9.24,79.87,,75.60321715817693,50.134048257372655,49.19571045576407,61.8793565683646,35.53351206434316,14.538873994638069,11.806970509383376
3516,35,Jawa Timur,Mojokerto,Kabupaten,2023,16.2,9.8,86.7,,21.179624664879356,54.289544235924936,14.20911528150134,29.10857908847185,9.954423592493297,15.74396782841823,3.4101876675603213
3517,35,Jawa Timur,Jombang,Kabupaten,2023,18.0,9.15,83.99,,29.49061662198391,49.32975871313673,27.077747989276133,34.664879356568356,13.860589812332437,14.30563002680965,6.498659517426272
3518,35,Jawa Timur,Nganjuk,Kabupaten,2023,17.1,10.89,83.68,,25.067024128686327,59.24932975871313,28.9544235924933,35.91286863270777,11.781501340482572,17.182305630026807,6.949061662198392
3519,35,Jawa Timur,Madiun,Kabupaten,2023,16.5,11.04,85.32,,21.983914209115284,61.12600536193029,20.643431635388737,33.01340482573727,10.332439678284183,17.726541554959784,4.9544235924932964
3520,35,Jawa Timur,Magetan,Kabupaten,2023,19.2,9.8,86.83,,34.048257372654156,54.289544235924936,13.94101876675603,35.09249329758713,16.00268096514745,15.74396782841823,3.3458445040214473
3521,35,Jawa Timur,Ngawi,Kabupaten,2023,14.0,14.4,84.98,,11.26005361930295,81.23324396782841,22.252010723860593,34.19034852546916,5.292225201072386,23.557640750670238,5.3404825737265424
3522,35,Jawa Timur,Bojonegoro,Kabupaten,2023,14.1,12.18,85.4,,11.796246648793565,68.09651474530831,19.839142091152823,30.05361930294906,5.544235924932975,19.74798927613941,4.761394101876677
3523,35,Jawa Timur,Tuban,Kabupaten,2023,17.8,14.91,84.41,,28.418230563002684,83.51206434316354,25.201072386058982,43.62332439678284,13.356568364611261,24.218498659517426,6.048257372654155
3524,35,Jawa Timur,Lamongan,Kabupaten,2023,9.4,12.42,87.28,,5.093833780160858,69.3029490616622,11.796246648793556,25.323056300268096,2.394101876675603,20.09785522788204,2.831099195710453
3525,35,Jawa Timur,Gresik,Kabupaten,2023,15.4,10.96,90.39,,16.621983914209114,60.32171581769437,3.753351206434317,26.206434316353885,7.812332439678283,17.493297587131366,0.9008042895442361
3526,35,Jawa Timur,Bangkalan,Kabupaten,2023,10.2,19.35,73.23,,6.3002680965147455,94.36997319034852,72.38605898123325,47.70107238605898,2.96112600536193,27.36729222520107,17.37265415549598
3527,35,Jawa Timur,Sampang,Kabupaten,2023,14.1,21.76,77.08,,11.796246648793565,95.44235924932975,60.85790884718499,47.828418230562995,5.544235924932975,27.678284182305628,14.605898123324396
3529,35,Jawa Timur,Sumenep,Kabupaten,2023,16.7,18.7,77.02,,22.92225201072386,93.2975871313673,61.1260053619303,52.5,10.773458445040212,27.056300268096514,14.67024128686327
3571,35,Jawa Timur,Kediri,Kota,2023,18.6,7.15,76.42,,32.30563002680965,34.048257372654156,63.806970509383376,40.371313672922255,15.183646112600536,9.873994638069705,15.31367292225201
3572,35,Jawa Timur,Blitar,Kota,2023,17.7,7.3,79.25,,27.74798927613941,35.25469168900804,52.01072386058981,35.74798927613941,13.041554959785522,10.22386058981233,12.482573726541554
3573,35,Jawa Timur,Malang,Kota,2023,17.3,4.26,85.27,,25.871313672922252,8.847184986595174,21.447721179624665,19.87265415549598,12.159517426273458,2.5656836461126002,5.1474530831099194
3575,35,Jawa Timur,Pasuruan,Kota,2023,11.7,6.6,81.45,,8.579088471849866,26.943699731903486,40.75067024128687,21.626005361930297,4.032171581769437,7.81367292225201,9.780160857908848
3577,35,Jawa Timur,Madiun,Kota,2023,12.8,4.74,92.49,,10.187667560321715,12.868632707774799,0.8042895442359281,8.71313672922252,4.788203753351206,3.7319034852546915,0.19302949061662275
3579,35,Jawa Timur,Batu,Kota,2023,23.1,3.31,80.16,,53.75335120643432,4.021447721179625,47.45308310991957,37.81903485254691,25.264075067024127,1.166219839142091,11.388739946380696
3601,36,Banten,Pandeglang,Kabupaten,2023,28.6,9.27,74.87,,78.15013404825737,50.67024128686327,68.36461126005362,67.83243967828417,36.73056300268096,14.694369973190348,16.407506702412867
3602,36,Banten,Lebak,Kabupaten,2023,35.5,8.68,72.32,,96.38069705093834,45.30831099195711,74.79892761394102,76.39008042895442,45.29892761394102,13.13941018766756,17.951742627345844
3603,36,Banten,Tangerang,Kabupaten,2023,26.4,6.93,76.49,,69.43699731903486,30.96514745308311,63.53887399463807,56.864611260053614,32.63538873994638,8.979892761394101,15.249329758713136
3604,36,Banten,Serang,Kabupaten,2023,23.9,4.85,79.26,,57.23860589812333,14.209115281501342,51.742627345844504,43.44101876675603,26.902144772117964,4.120643431635389,12.41823056300268
3671,36,Banten,Tangerang,Kota,2023,17.6,5.89,86.39,,26.80965147453083,20.91152815013405,15.281501340482578,22.33243967828418,12.60053619302949,6.064343163538874,3.6675603217158184
3672,36,Banten,Cilegon,Kota,2023,22.0,3.98,81.54,,49.46380697050938,5.630026809651475,40.48257372654156,34.59651474530831,23.247989276139407,1.6327077747989276,9.715817694369974
3674,36,Banten,Tangerang Selatan,Kota,2023,9.2,2.57,87.43,,4.825737265415549,1.6085790884718498,10.723860589812332,5.308310991957104,2.268096514745308,0.46648793565683644,2.5737265415549597
5101,51,Bali,Jembrana,Kabupaten,2023,8.7,4.96,86.59,,4.423592493297587,14.47721179624665,14.47721179624665,9.75201072386059,2.079088471849866,4.198391420911528,3.474530831099196
5102,51,Bali,Tabanan,Kabupaten,2023,6.3,4.7,90.54,,2.546916890080429,12.466487935656836,3.2171581769436983,5.584450402144771,1.1970509383378014,3.6152815013404824,0.7721179624664876
5103,51,Bali,Badung,Kabupaten,2023,4.9,2.3,91.59,,1.2064343163538873,0.5361930294906166,1.6085790884718563,1.1085790884718514,0.567024128686327,0.1554959785522788,0.3860589812332455
5104,51,Bali,Gianyar,Kabupaten,2023,6.3,4.47,92.16,,2.546916890080429,9.919571045576408,1.0723860589812375,4.331099195710457,1.1970509383378014,2.876675603217158,0.257372654155497
5105,51,Bali,Klungkung,Kabupaten,2023,4.9,5.61,87.53,,1.2064343163538873,19.302949061662197,10.187667560321714,8.609919571045575,0.567024128686327,5.597855227882037,2.445040214477211
5106,51,Bali,Bangli,Kabupaten,2023,10.2,5.28,77.35,,6.3002680965147455,17.158176943699733,59.78552278820376,22.285522788203753,2.96112600536193,4.975871313672922,14.348525469168901
5107,51,Bali,Karangasem,Kabupaten,2023,6.4,6.56,85.28,,2.949061662198391,26.273458445040216,21.179624664879356,14.088471849865952,1.3860589812332438,7.619302949061662,5.083109919571045
5108,51,Bali,Buleleng,Kabupaten,2023,6.2,5.85,82.02,,2.1447721179624666,20.37533512064343,38.06970509383378,16.053619302949063,1.0080428954423593,5.908847184986595,9.136729222520108
5203,52,Nusa Tenggara Barat,Lombok Timur,Kabupaten,2023,27.6,15.63,71.48,,74.26273458445041,86.05898123324397,77.21179624664879,78.39142091152816,34.903485254691695,24.95710455764075,18.53083109919571
5204,52,Nusa Tenggara Barat,Sumbawa,Kabupaten,2023,25.7,13.91,84.0,,65.95174262734585,78.55227882037534,26.809651474530824,60.21179624664879,30.99731903485255,22.780160857908847,6.4343163538873975
5205,52,Nusa Tenggara Barat,Dompu,Kabupaten,2023,12.4,12.62,78.85,,9.383378016085791,71.0455764075067,54.15549597855228,38.01072386058981,4.410187667560321,20.603217158176943,12.997319034852547
5208,52,Nusa Tenggara Barat,Lombok Utara,Kabupaten,2023,33.5,25.8,65.92,,93.2975871313673,97.31903485254692,83.37801608579089,92.08310991957106,43.84986595174263,28.222520107238605,20.010723860589813
5271,52,Nusa Tenggara Barat,Mataram,Kota,2023,25.6,8.62,77.79,,64.87935656836461,44.77211796246649,57.64075067024129,57.31099195710456,30.493297587131366,12.98391420911528,13.83378016085791
5272,52,Nusa Tenggara Barat,Bima,Kota,2023,31.8,8.67,74.31,,89.41018766756032,45.0402144772118,69.43699731903486,71.74932975871313,42.02278820375335,13.06166219839142,16.664879356568367
6101,61,Kalimantan Barat,Sambas,Kabupaten,2023,30.8,7.08,69.71,,86.8632707774799,33.24396782841823,79.62466487935657,69.57640750670241,40.82573726541555,9.640750670241285,19.109919571045577
6102,61,Kalimantan Barat,Mempawah,Kabupaten,2023,27.2,5.21,74.04,,72.65415549597856,15.549597855227882,70.50938337801608,55.579088471849865,34.14745308310992,4.509383378016086,16.92225201072386
6103,61,Kalimantan Barat,Sanggau,Kabupaten,2023,22.1,4.79,77.82,,50.134048257372655,13.404825737265416,57.37265415549598,41.21983914209115,23.563002680965145,3.8873994638069704,13.769436997319035
6105,61,Kalimantan Barat,Sintang,Kabupaten,2023,24.8,8.18,75.46,,61.52815013404825,42.62734584450402,67.29222520107238,57.43029490616621,28.918230563002677,12.361930294906164,16.15013404825737
6107,61,Kalimantan Barat,Bengkayang,Kabupaten,2023,32.7,6.28,81.36,,91.42091152815014,23.056300268096514,42.0911528150134,59.75603217158177,42.96782841823057,6.686327077747989,10.101876675603217
6108,61,Kalimantan Barat,Landak,Kabupaten,2023,31.0,9.97,76.89,,87.39946380697052,54.6916890080429,62.198391420911534,71.86595174262735,41.07774798927614,15.86058981233244,14.927613941018768
6109,61,Kalimantan Barat,Sekadau,Kabupaten,2023,12.2,5.9,71.55,,8.847184986595174,21.179624664879356,76.94369973190348,28.76675603217158,4.158176943699732,6.142091152815013,18.466487935656833
6111,61,Kalimantan Barat,Kayong Utara,Kabupaten,2023,22.9,9.13,75.27,,52.68096514745309,48.793565683646115,67.828418230563,55.18900804289544,24.760053619302948,14.150134048257373,16.27882037533512
6112,61,Kalimantan Barat,Kubu Raya,Kabupaten,2023,25.4,4.23,68.61,,63.67292225201072,8.579088471849866,81.76943699731903,52.03887399463807,29.92627345844504,2.487935656836461,19.62466487935657
6172,61,Kalimantan Barat,Singkawang,Kota,2023,20.1,4.7,68.12,,38.47184986595174,12.466487935656836,82.03753351206434,41.38605898123324,18.081769436997316,3.6152815013404824,19.68900804289544
6201,62,Kalimantan Tengah,Waringin Barat,Kabupaten,2023,17.9,4.18,60.27,,28.9544235924933,7.774798927613941,89.00804289544236,37.22520107238606,13.60857908847185,2.254691689008043,21.361930294906166
6205,62,Kalimantan Tengah,Barito Utara,Kabupaten,2023,15.3,5.35,83.01,,15.683646112600535,17.962466487935657,34.58445040214477,20.880697050938338,7.371313672922251,5.20911528150134,8.300268096514744
6207,62,Kalimantan Tengah,Seruyan,Kabupaten,2023,25.8,7.12,59.25,,66.48793565683646,33.51206434316354,90.3485254691689,62.65147453083109,31.24932975871313,9.718498659517426,21.683646112600535
6208,62,Kalimantan Tengah,Sukamara,Kabupaten,2023,29.1,3.96,60.04,,80.29490616621983,5.227882037533512,89.54423592493298,60.745308310991945,37.73860589812332,1.5160857908847185,21.490616621983914
6210,62,Kalimantan Tengah,Gunung Mas,Kabupaten,2023,12.9,5.47,55.49,,10.455764075067025,18.498659517426276,92.76139410187668,32.54155495978552,4.914209115281501,5.3646112600536195,22.262734584450403
6212,62,Kalimantan Tengah,Murung Raya,Kabupaten,2023,21.0,6.44,49.08,,44.50402144772118,24.396782841823057,95.71045576407506,50.96246648793566,20.916890080428953,7.075067024128686,22.970509383378015
6213,62,Kalimantan Tengah,Barito Timur,Kabupaten,2023,21.7,6.63,80.29,,47.85522788203753,27.34584450402145,46.91689008042895,41.682305630026804,22.49195710455764,7.93029490616622,11.260053619302948
6271,62,Kalimantan Tengah,Palangka Raya,Kota,2023,28.0,3.44,79.61,,76.2734584450402,4.557640750670242,50.134048257372655,49.202412868632706,35.8485254691689,1.32171581769437,12.032171581769436
6302,63,Kalimantan Selatan,Baru,Kabupaten,2023,20.1,4.32,69.84,,38.47184986595174,9.517426273458444,79.35656836461126,39.887399463806965,18.081769436997316,2.7600536193029486,19.0455764075067
6303,63,Kalimantan Selatan,Banjar,Kabupaten,2023,30.1,2.44,81.63,,84.85254691689008,1.3404825737265416,39.67828418230563,49.79222520107238,39.88069705093833,0.38873994638069703,9.52278820375335
6304,63,Kalimantan Selatan,Barito Kuala,Kabupaten,2023,15.9,4.6,80.84,,19.70509383378016,10.455764075067025,44.101876675603215,22.878016085790883,9.261394101876675,3.032171581769437,10.584450402144771
6305,63,Kalimantan Selatan,Tapin,Kabupaten,2023,14.4,3.19,88.1,,13.404825737265416,3.485254691689008,8.445040214477203,9.337801608579085,6.300268096514745,1.0107238605898123,2.0268096514745286
6308,63,Kalimantan Selatan,Hulu Sungai Utara,Kabupaten,2023,36.0,6.25,74.23,,97.05093833780161,22.78820375335121,69.70509383378015,68.95174262734584,45.61394101876675,6.60857908847185,16.729222520107236
6310,63,Kalimantan Selatan,Tanah Bumbu,Kabupaten,2023,25.1,4.12,83.73,,62.60053619302949,6.970509383378016,28.41823056300268,38.26407506702413,29.42225201072386,2.0214477211796247,6.820375335120643
6311,63,Kalimantan Selatan,Balangan,Kabupaten,2023,33.4,5.22,81.94,,92.89544235924933,15.81769436997319,38.6058981233244,57.51340482573726,43.660857908847184,4.5871313672922245,9.265415549597856
6371,63,Kalimantan Selatan,Banjarmasin,Kota,2023,26.5,4.63,85.62,,70.24128686327077,11.26005361930295,17.828418230563003,40.55764075067024,33.01340482573726,3.265415549597855,4.278820375335121
6372,63,Kalimantan Selatan,Banjar Baru,Kota,2023,12.4,3.92,82.35,,9.383378016085791,4.825737265415549,36.72922252010724,14.624664879356569,4.410187667560321,1.3994638069705092,8.815013404825738
6401,64,Kalimantan Timur,Paser,Kabupaten,2023,22.4,9.11,83.7,,51.474530831099194,48.525469168900806,28.68632707774799,45.15013404825737,24.19302949061662,14.072386058981232,6.884718498659518
6402,64,Kalimantan Timur,Kutai Kertanegara,Kabupaten,2023,17.6,7.61,85.53,,26.80965147453083,39.41018766756032,19.034852546916895,28.597855227882036,12.60053619302949,11.428954423592492,4.568364611260055
6407,64,Kalimantan Timur,Kutai Barat,Kabupaten,2023,22.0,9.72,58.39,,49.46380697050938,53.2171581769437,91.42091152815013,60.62198391420911,23.247989276139407,15.43297587131367,21.94101876675603
6408,64,Kalimantan Timur,Kutai Timur,Kabupaten,2023,29.0,9.06,65.76,,79.75871313672923,48.257372654155496,83.9142091152815,71.62064343163539,37.48659517426273,13.994638069705093,20.139410187667558
6409,64,Kalimantan Timur,Penajam Paser Utara,Kabupaten,2023,24.6,6.97,87.4,,60.45576407506702,31.903485254691688,11.260053619302951,40.36863270777479,28.414209115281498,9.25201072386059,2.7024128686327082
6471,64,Kalimantan Timur,Balikpapan,Kota,2023,21.6,2.31,91.4,,47.18498659517426,0.8042895442359249,1.8766756032171656,22.86058981233244,22.1769436997319,0.23324396782841822,0.45040214477211976
6472,64,Kalimantan Timur,Samarinda,Kota,2023,24.4,4.81,88.97,,59.651474530831095,13.941018766756033,6.1662198391421015,33.55898123324396,28.03619302949061,4.042895442359249,1.4798927613941042
6474,64,Kalimantan Timur,Bontang,Kota,2023,27.4,4.11,88.76,,73.45844504021449,6.568364611260054,6.434316353887397,37.9745308310992,34.525469168900806,1.9048257372654156,1.5442359249329751
6502,65,Kalimantan Utara,Malinau,Kabupaten,2023,20.5,6.54,73.08,,40.88471849865952,25.737265415549597,72.92225201072387,44.18096514745308,19.21581769436997,7.463806970509383,17.501340482573728
6504,65,Kalimantan Utara,Tana Tidung,Kabupaten,2023,15.1,4.62,60.54,,14.745308310991955,10.857908847184987,88.73994638069705,31.376675603217155,6.9302949061662185,3.148793565683646,21.29758713136729
6571,65,Kalimantan Utara,Tarakan,Kota,2023,14.8,6.1,86.06,,13.941018766756033,21.983914209115284,16.3538873994638,16.852546916890077,6.552278820375335,6.375335120643432,3.9249329758713123
7101,71,Sulawesi Utara,Bolaang Mongondow,Kabupaten,2023,24.8,7.37,84.87,,61.52815013404825,36.72922252010724,23.05630026809652,45.10321715817694,28.918230563002677,10.6514745308311,5.533512064343165
7102,71,Sulawesi Utara,Minahasa,Kabupaten,2023,23.1,6.87,84.69,,53.75335120643432,30.29490616621984,23.86058981233245,39.77613941018767,25.264075067024127,8.785522788203753,5.726541554959788
7104,71,Sulawesi Utara,Kepulauan Talaud,Kabupaten,2023,19.3,8.46,76.51,,34.316353887399465,43.69973190348526,63.27077747989276,43.98659517426273,16.128686327077748,12.672922252010723,15.18498659517426
7105,71,Sulawesi Utara,Minahasa Selatan,Kabupaten,2023,26.4,8.89,83.2,,69.43699731903486,46.91689008042895,31.36729222520107,53.769436997319026,32.63538873994638,13.605898123324394,7.528150134048256
7106,71,Sulawesi Utara,Minahasa Utara,Kabupaten,2023,10.9,6.65,83.29,,7.774798927613941,27.61394101876676,30.965147453083105,19.093833780160857,3.654155495978552,8.00804289544236,7.431635388739945
7108,71,Sulawesi Utara,Bolaang Mongondow Utara,Kabupaten,2023,27.8,7.9,81.6,,74.93297587131367,41.01876675603217,39.94638069705094,56.70107238605898,35.21849865951742,11.895442359249328,9.587131367292226
7109,71,Sulawesi Utara,Kepulauan Siau Tagulandang Biaro,Kabupaten,2023,24.9,8.76,52.79,,61.93029490616622,46.38069705093834,93.83378016085791,65.07774798927613,29.10723860589812,13.450402144772116,22.5201072386059
7111,71,Sulawesi Utara,Bolaang Mongondow Selatan,Kabupaten,2023,33.0,12.04,72.88,,92.49329758713137,66.48793565683646,73.19034852546918,80.3190348525469,43.47184986595174,19.28150134048257,17.5656836461126
7171,71,Sulawesi Utara,Manado,Kota,2023,21.8,5.79,85.33,,48.257372654155496,20.10723860589812,20.375335120643427,33.40214477211796,22.680965147453083,5.831099195710455,4.890080428954422
7172,71,Sulawesi Utara,Bitung,Kota,2023,19.5,6.56,80.89,,35.656836461126005,26.273458445040216,43.43163538873994,34.801608579088466,16.75871313672922,7.619302949061662,10.423592493297585
7173,71,Sulawesi Utara,Tomohon,Kota,2023,10.5,5.6,83.14,,7.506702412868632,19.034852546916888,32.03753351206434,16.737265415549597,3.528150134048257,5.520107238605897,7.689008042895442
7174,71,Sulawesi Utara,Kotamobago,Kota,2023,20.5,5.03,77.61,,40.88471849865952,15.013404825737265,58.98123324396783,37.72520107238606,19.21581769436997,4.353887399463806,14.155495978552278
7201,72,Sulawesi Tengah,Banggai,Kabupaten,2023,29.1,6.94,85.72,,80.29490616621983,31.36729222520107,17.15817694369973,50.95308310991956,37.73860589812332,9.09651474530831,4.117962466487935
7202,72,Sulawesi Tengah,Poso,Kabupaten,2023,26.5,15.16,83.57,,70.24128686327077,84.71849865951742,29.624664879356573,64.69168900804289,33.01340482573726,24.56836461126005,7.109919571045578
7203,72,Sulawesi Tengah,Donggala,Kabupaten,2023,34.1,16.25,72.27,,95.04021447721179,87.39946380697052,75.06702412868633,88.03083109919571,44.66890080428954,25.345844504021446,18.016085790884716
7204,72,Sulawesi Tengah,Toli-Toli,Kabupaten,2023,29.0,12.85,79.18,,79.75871313672923,72.78820375335121,52.27882037533512,71.14209115281501,37.48659517426273,21.10857908847185,12.546916890080428
7205,72,Sulawesi Tengah,Buol,Kabupaten,2023,30.0,13.36,83.11,,84.31635388739946,75.87131367292224,32.84182305630027,69.51340482573725,39.628686327077745,22.002680965147448,7.882037533512065
7206,72,Sulawesi Tengah,Morowali,Kabupaten,2023,26.0,12.31,82.36,,67.5603217158177,68.90080428954424,36.46112600536193,60.485254691689,31.753351206434314,19.98123324396783,8.750670241286864
7207,72,Sulawesi Tengah,Banggai Kepulauan,Kabupaten,2023,27.7,12.9,53.61,,74.53083109919572,73.7265415549598,93.2975871313673,78.80160857908848,35.029490616621985,21.380697050938338,22.39142091152815
7208,72,Sulawesi Tengah,Parigi Moutong,Kabupaten,2023,28.5,14.91,77.59,,77.34584450402144,83.51206434316354,59.24932975871314,74.79088471849866,36.35254691689008,24.218498659517426,14.219839142091153
7209,72,Sulawesi Tengah,Tojo Una Una,Kabupaten,2023,21.3,16.74,76.93,,45.97855227882037,89.00804289544236,61.662198391420915,62.22117962466487,21.609919571045573,25.812332439678283,14.79892761394102
7210,72,Sulawesi Tengah,Sigi,Kabupaten,2023,26.4,12.83,78.17,,69.43699731903486,72.38605898123325,55.76407506702413,67.0107238605898,32.63538873994638,20.991957104557642,13.383378016085791
7211,72,Sulawesi Tengah,Banggai Laut,Kabupaten,2023,25.6,14.15,50.77,,64.87935656836461,80.16085790884718,95.17426273458445,76.58176943699732,30.493297587131366,23.24664879356568,22.841823056300267
7212,72,Sulawesi Tengah,Morowali Utara,Kabupaten,2023,24.7,12.85,82.52,,60.991957104557635,72.78820375335121,35.924932975871315,58.396782841823054,28.666219839142087,21.10857908847185,8.621983914209116
7271,72,Sulawesi Tengah,Palu,Kota,2023,22.1,6.56,80.05,,50.134048257372655,26.273458445040216,47.98927613941019,42.69973190348525,23.563002680965145,7.619302949061662,11.517426273458444
7301,73,Sulawesi Selatan,Selayar,Kabupaten,2023,31.3,12.27,71.87,,88.06970509383379,68.63270777479893,76.13941018766756,79.56970509383379,41.39276139410188,19.903485254691688,18.273458445040216
7302,73,Sulawesi Selatan,Bulukumba,Kabupaten,2023,33.7,7.22,83.03,,93.69973190348524,34.316353887399465,34.182305630026804,62.194369973190334,44.03887399463806,9.951742627345844,8.203753351206432
7303,73,Sulawesi Selatan,Bantaeng,Kabupaten,2023,15.8,9.18,85.38,,18.900804289544233,49.865951742627345,20.107238605898132,28.17024128686327,8.88337801608579,14.46112600536193,4.825737265415552
7304,73,Sulawesi Selatan,Jeneponto,Kabupaten,2023,36.3,13.06,79.69,,97.31903485254692,74.26273458445041,49.865951742627345,79.24396782841823,45.73994638069705,21.53619302949062,11.967828418230562
7306,73,Sulawesi Selatan,Gowa,Kabupaten,2023,21.1,7.42,85.24,,44.90616621983914,36.99731903485255,21.715817694369974,37.04691689008043,21.105898123324398,10.729222520107239,5.2117962466487935
7308,73,Sulawesi Selatan,Bone,Kabupaten,2023,26.0,10.53,83.86,,67.5603217158177,56.97050938337802,27.345844504021443,54.83780160857909,31.753351206434314,16.521447721179626,6.563002680965146
7310,73,Sulawesi Selatan,Pangkajene dan Kepulauan,Kabupaten,2023,30.0,13.4,79.47,,84.31635388739946,76.67560321715817,50.93833780160858,74.08981233243966,39.628686327077745,22.235924932975866,12.22520107238606
7311,73,Sulawesi Selatan,Barru,Kabupaten,2023,22.1,8.46,87.71,,50.134048257372655,43.69973190348526,9.383378016085786,38.487935656836456,23.563002680965145,12.672922252010723,2.2520107238605886
7312,73,Sulawesi Selatan,Soppeng,Kabupaten,2023,24.0,7.48,86.35,,57.77479892761394,37.801608579088466,15.549597855227887,41.8485254691689,27.154155495978554,10.962466487935654,3.731903485254693
7313,73,Sulawesi Selatan,Wajo,Kabupaten,2023,27.4,6.73,84.36,,73.45844504021449,28.418230563002684,26.005361930294896,49.00804289544236,34.525469168900806,8.241286863270778,6.2412868632707745
7315,73,Sulawesi Selatan,Pinrang,Kabupaten,2023,17.6,8.9,87.2,,26.80965147453083,47.31903485254691,12.332439678284175,29.282841823056295,12.60053619302949,13.722520107238603,2.9597855227882017
7316,73,Sulawesi Selatan,Enrekang,Kabupaten,2023,34.9,12.69,82.12,,95.97855227882037,71.84986595174263,37.533512064343164,74.95442359249328,45.10991957104557,20.83646112600536,9.008042895442358
7318,73,Sulawesi Selatan,Tana Toraja,Kabupaten,2023,36.9,12.48,77.74,,97.85522788203752,70.24128686327077,58.1769436997319,80.32439678284182,45.991957104557635,20.369973190348524,13.962466487935655
7322,73,Sulawesi Selatan,Luwu Utara,Kabupaten,2023,15.5,12.66,83.03,,17.426273458445042,71.58176943699732,34.182305630026804,37.15281501340482,8.190348525469169,20.75871313672922,8.203753351206432
7324,73,Sulawesi Selatan,Luwu Timur,Kabupaten,2023,26.0,6.93,87.82,,67.5603217158177,30.96514745308311,8.847184986595167,42.856568364611256,31.753351206434314,8.979892761394101,2.12332439678284
7326,73,Sulawesi Selatan,Toraja Utara,Kabupaten,2023,28.7,12.12,80.44,,78.82037533512064,67.29222520107238,46.11260053619303,67.62734584450402,37.0455764075067,19.51474530831099,11.067024128686326
7371,73,Sulawesi Selatan,Makasar,Kota,2023,25.6,5.07,89.28,,64.87935656836461,15.281501340482572,5.361930294906173,36.211796246648795,30.493297587131366,4.431635388739946,1.2868632707774816
7372,73,Sulawesi Selatan,Pare-Pare,Kota,2023,26.7,5.34,83.07,,70.77747989276139,17.694369973190348,33.780160857908854,46.50402144772118,33.265415549597854,5.1313672922252005,8.107238605898125
7373,73,Sulawesi Selatan,Palopo,Kota,2023,25.5,7.69,82.93,,64.07506702412869,39.946380697050934,35.120643431635386,50.128686327077745,30.11528150134048,11.58445040214477,8.428954423592492
7401,74,Sulawesi Tenggara,Kolaka,Kabupaten,2023,23.8,11.8,85.56,,56.56836461126006,65.28150134048258,18.498659517426276,49.95844504021448,26.587131367292226,18.931635388739945,4.439678284182306
7402,74,Sulawesi Tenggara,Konawe,Kabupaten,2023,27.8,13.02,84.23,,74.93297587131367,73.9946380697051,26.273458445040205,62.98257372654155,35.21849865951742,21.458445040214478,6.3056300268096495
7403,74,Sulawesi Tenggara,Muna,Kabupaten,2023,29.2,14.07,73.99,,80.83109919571045,79.62466487935657,70.91152815013405,78.10053619302948,37.99061662198391,23.091152815013405,17.01876675603217
7404,74,Sulawesi Tenggara,Buton,Kabupaten,2023,37.2,13.77,69.46,,98.39142091152814,78.01608579088472,80.4289544235925,88.171581769437,46.24396782841823,22.624664879356565,19.3029490616622
7406,74,Sulawesi Tenggara,Bombana,Kabupaten,2023,30.4,10.73,85.63,,85.3887399463807,58.31099195710456,17.42627345844504,61.22520107238606,40.132707774798924,16.910187667560322,4.182305630026809
7407,74,Sulawesi Tenggara,Wakatobi,Kabupaten,2023,31.9,14.81,51.98,,89.81233243967829,83.10991957104558,94.63806970509384,89.02680965147454,42.211796246648795,24.101876675603215,22.71313672922252
7409,74,Sulawesi Tenggara,Konawe Utara,Kabupaten,2023,24.7,13.48,78.67,,60.991957104557635,76.94369973190348,54.42359249329758,64.04155495978551,28.666219839142087,22.313672922252007,13.061662198391419
7410,74,Sulawesi Tenggara,Buton Utara,Kabupaten,2023,33.9,14.06,79.87,,94.10187667560321,79.35656836461126,49.19571045576407,79.04825737265415,44.227882037533504,23.013404825737265,11.806970509383376
7411,74,Sulawesi Tenggara,Kolaka Timur,Kabupaten,2023,31.3,14.04,86.4,,88.06970509383379,79.08847184986595,14.879356568364614,67.89946380697052,41.39276139410188,22.935656836461124,3.5710455764075073
7412,74,Sulawesi Tenggara,Konawe Kepulauan,Kabupaten,2023,31.3,15.9,50.43,,88.06970509383379,86.8632707774799,95.44235924932975,89.4892761394102,41.39276139410188,25.19034852546917,22.90616621983914
7413,74,Sulawesi Tenggara,Muna Barat,Kabupaten,2023,24.4,14.03,76.92,,59.651474530831095,78.82037533512064,61.930294906166225,65.75737265415549,28.03619302949061,22.857908847184984,14.863270777479894
7414,74,Sulawesi Tenggara,Buton Tengah,Kabupaten,2023,36.8,15.43,66.97,,97.58713136729223,85.25469168900804,82.84182305630027,90.47184986595174,45.865951742627345,24.72386058981233,19.882037533512065
7415,74,Sulawesi Tenggara,Buton Selatan,Kabupaten,2023,37.1,14.76,64.54,,98.12332439678283,82.30563002680965,85.25469168900804,90.44772117962466,46.11796246648793,23.868632707774797,20.46112600536193
7471,74,Sulawesi Tenggara,Kendari,Kota,2023,25.7,4.59,88.34,,65.95174262734585,10.187667560321715,7.506702412868634,35.75335120643432,30.99731903485255,2.9544235924932973,1.8016085790884722
7472,74,Sulawesi Tenggara,Bau-Bau,Kota,2023,29.7,7.53,80.48,,82.97587131367293,38.337801608579085,45.84450402144772,61.11930294906166,38.998659517426276,11.117962466487933,11.002680965147452
7501,75,Gorontalo,Gorontalo,Kabupaten,2023,34.7,17.48,80.13,,95.57640750670241,90.3485254691689,47.72117962466488,82.57506702412869,44.92091152815013,26.201072386058982,11.45308310991957
7502,75,Gorontalo,Boalemo,Kabupaten,2023,16.0,18.38,81.41,,20.10723860589812,92.76139410187668,41.28686327077749,46.26005361930295,9.450402144772116,26.900804289544233,9.908847184986596
7503,75,Gorontalo,Bone Bolango,Kabupaten,2023,27.1,15.51,78.27,,72.11796246648794,85.52278820375335,55.22788203753351,71.95174262734584,33.89544235924933,24.80160857908847,13.254691689008043
7504,75,Gorontalo,Pohuwato,Kabupaten,2023,18.4,17.64,83.34,,30.6970509383378,90.61662198391421,30.56300268096514,48.041554959785515,14.427613941018764,26.27882037533512,7.335120643431633
7505,75,Gorontalo,Gorontalo Utara,Kabupaten,2023,30.5,17.03,79.07,,85.92493297587131,89.54423592493298,52.54691689008043,78.96380697050938,40.38471849865952,25.96782841823056,12.611260053619302
7571,75,Gorontalo,Gorontalo,Kota,2023,23.6,5.64,87.59,,55.49597855227882,19.571045576407506,9.651474530831095,34.075067024128685,26.083109919571044,5.6756032171581765,2.3163538873994627
7601,76,Sulawesi Barat,Mamuju Utara,Kabupaten,2023,27.9,4.79,60.1,,75.60321715817693,13.404825737265416,89.27613941018767,60.84718498659517,35.53351206434316,3.8873994638069704,21.42627345844504
7602,76,Sulawesi Barat,Mamuju,Kabupaten,2023,32.8,7.57,82.26,,91.68900804289544,38.8739946380697,37.13136729222521,63.278820375335116,43.09383378016085,11.273458445040212,8.91152815013405
7603,76,Sulawesi Barat,Mamasa,Kabupaten,2023,37.6,14.31,72.65,,98.65951742627345,80.6970509383378,74.2627345844504,87.59517426273457,46.36997319034852,23.40214477211796,17.823056300268096
7604,76,Sulawesi Barat,Polewali Mandar,Kabupaten,2023,28.1,16.08,74.59,,76.67560321715817,87.1313672922252,68.90080428954424,77.84182305630026,36.037533512064336,25.26809651474531,16.53619302949062
7606,76,Sulawesi Barat,Mamuju Tengah,Kabupaten,2023,27.9,7.32,82.26,,75.60321715817693,35.924932975871315,37.13136729222521,54.86327077747988,35.53351206434316,10.41823056300268,8.91152815013405
8101,81,Maluku,Maluku Tengah,Kabupaten,2023,29.4,17.84,72.21,,81.50134048257372,91.15281501340483,75.33512064343164,82.82037533512064,38.305630026809645,26.4343163538874,18.080428954423592
8102,81,Maluku,Maluku Tenggara,Kabupaten,2023,34.0,21.79,56.04,,94.50402144772117,95.71045576407506,92.22520107238606,94.30697050938338,44.41689008042895,27.756032171581765,22.13404825737265
8103,81,Maluku,Kepulauan Tanimbar,Kabupaten,2023,25.1,24.47,62.75,,62.60053619302949,97.05093833780161,86.59517426273459,78.34986595174263,29.42225201072386,28.144772117962464,20.7828418230563
8104,81,Maluku,Buru,Kabupaten,2023,20.3,16.53,80.85,,39.812332439678286,88.47184986595174,43.69973190348525,54.85656836461125,18.711796246648795,25.656836461126,10.48793565683646
8105,81,Maluku,Seram Bagian Timur,Kabupaten,2023,27.5,21.08,68.78,,73.9946380697051,94.90616621983914,81.50134048257372,81.86058981233244,34.7774798927614,27.522788203753347,19.560321715817693
8106,81,Maluku,Seram Bagian Barat,Kabupaten,2023,31.4,22.39,59.5,,88.73994638069705,95.97855227882037,89.81233243967829,91.0965147453083,41.70777479892761,27.833780160857906,21.554959785522787
8107,81,Maluku,Kepulauan Aru,Kabupaten,2023,40.6,24.21,44.01,,100.0,96.7828418230563,98.12332439678285,98.61662198391421,47.0,28.067024128686324,23.549597855227884
8108,81,Maluku,Maluku Barat Daya,Kabupaten,2023,29.9,28.78,65.24,,83.78016085790885,98.65951742627345,84.71849865951742,88.32037533512064,39.37667560321716,28.6112600536193,20.33243967828418
8109,81,Maluku,Buru Selatan,Kabupaten,2023,35.5,15.28,59.08,,96.38069705093834,84.98659517426273,90.88471849865951,91.7573726541555,45.29892761394102,24.646112600536192,21.812332439678283
8171,81,Maluku,Ambon,Kota,2023,20.7,5.25,84.73,,42.761394101876675,16.75603217158177,23.59249329758714,30.619302949061662,20.097855227882036,4.859249329758713,5.6621983914209135
8172,81,Maluku,Tual,Kota,2023,32.0,20.68,54.91,,90.0804289544236,94.63806970509383,93.02949061662198,92.10991957104557,42.337801608579085,27.445040214477206,22.327077747989275
8201,82,Maluku Utara,Halmahera Barat,Kabupaten,2023,26.1,8.74,52.84,,68.49865951742628,46.11260053619303,93.5656836461126,68.02278820375335,32.19436997319035,13.372654155495978,22.455764075067023
8203,82,Maluku Utara,Halmahera Utara,Kabupaten,2023,24.3,4.62,81.2,,59.115281501340476,10.857908847184987,42.89544235924932,41.227882037533504,27.784182305630022,3.148793565683646,10.294906166219837
8204,82,Maluku Utara,Halmahera Selatan,Kabupaten,2023,30.4,5.68,52.4,,85.3887399463807,19.839142091152816,94.36997319034853,68.53485254691688,40.132707774798924,5.753351206434316,22.648793565683647
8206,82,Maluku Utara,Halmahera Timur,Kabupaten,2023,19.0,12.47,76.12,,33.51206434316354,69.97319034852548,65.14745308310992,51.67828418230563,15.750670241286862,20.292225201072387,15.63538873994638
8208,82,Maluku Utara,Pulau Taliabu,Kabupaten,2023,30.6,7.31,47.87,,86.32707774798928,35.656836461126005,96.24664879356568,74.01340482573727,40.57372654155496,10.340482573726542,23.099195710455763
8271,82,Maluku Utara,Ternate,Kota,2023,21.1,3.39,89.51,,44.90616621983914,4.289544235924933,4.825737265415555,23.50804289544236,21.105898123324398,1.2439678284182305,1.1581769436997331
8272,82,Maluku Utara,Tidore Kepulauan,Kota,2023,21.3,6.35,65.83,,45.97855227882037,23.86058981233244,83.64611260053618,48.60455764075066,21.609919571045573,6.919571045576407,20.075067024128682
9103,91,Papua,Jayapura,Kabupaten,2023,26.9,11.45,72.14,,71.0455764075067,63.27077747989276,75.87131367292226,69.94906166219839,33.39142091152815,18.348525469168898,18.20911528150134
9105,91,Papua,Kepulauan Yapen,Kabupaten,2023,39.9,25.89,69.7,,99.19571045576407,97.58713136729223,79.89276139410188,94.0965147453083,46.62198391420911,28.300268096514746,19.174262734584453
9110,91,Papua,Sarmi,Kabupaten,2023,26.5,13.21,61.25,,70.24128686327077,75.06702412868633,88.20375335120643,75.95174262734584,33.01340482573726,21.769436997319033,21.168900804289542
9115,91,Papua,Waropen,Kabupaten,2023,26.2,29.16,61.63,,68.90080428954424,99.19571045576407,87.66756032171583,82.19034852546918,32.38337801608579,28.76675603217158,21.040214477211798
9119,91,Papua,Supiori,Kabupaten,2023,37.7,36.99,30.41,***,98.92761394101876,100.0,99.46380697050938,99.36729222520107,46.495978552278814,28.999999999999996,23.871313672922252
9120,91,Papua,Mamberamo Raya,Kabupaten,2023,40.0,29.63,22.51,,99.46380697050938,99.46380697050938,99.73190348525469,99.52815013404825,46.74798927613941,28.84450402144772,23.935656836461124
9201,92,Papua Barat,Sorong,Kabupaten,2023,27.3,26.88,46.99,,72.92225201072387,97.85522788203752,97.31903485254692,86.00804289544236,34.27345844504021,28.37801608579088,23.35656836461126
9203,92,Papua Barat,Fak-Fak,Kabupaten,2023,30.5,21.38,47.32,,85.92493297587131,95.17426273458445,96.51474530831099,91.14879356568365,40.38471849865952,27.600536193029487,23.163538873994636
9204,92,Papua Barat,Sorong Selatan,Kabupaten,2023,31.3,18.11,48.46,,88.06970509383379,92.22520107238606,95.97855227882037,91.17292225201072,41.39276139410188,26.745308310991955,23.034852546916888
9205,92,Papua Barat,Raja Ampat,Kabupaten,2023,30.9,16.76,44.12,,87.1313672922252,89.27613941018767,97.85522788203754,90.32707774798928,40.951742627345844,25.890080428954423,23.485254691689008
9206,92,Papua Barat,Teluk Bintuni,Kabupaten,2023,19.6,28.24,40.88,,36.59517426273459,98.39142091152814,98.39142091152814,69.34718498659517,17.199731903485254,28.53351206434316,23.613941018766752
9207,92,Papua Barat,Teluk Wondama,Kabupaten,2023,19.7,28.9,32.93,,36.99731903485255,98.92761394101876,98.92761394101876,69.82037533512064,17.3887399463807,28.689008042895438,23.742627345844504
9208,92,Papua Barat,Kaimana,Kabupaten,2023,25.7,14.57,47.12,,65.95174262734585,81.50134048257372,96.7828418230563,77.86058981233245,30.99731903485255,23.63538873994638,23.22788203753351
9211,92,Papua Barat,Manokwari Selatan,Kabupaten,2023,20.4,27.8,67.12,,40.21447721179624,98.12332439678283,82.57372654155496,67.17426273458443,18.900804289544233,28.45576407506702,19.81769436997319
9212,92,Papua Barat,Pegunungan Arfak,Kabupaten,2023,34.7,32.29,32.87,,95.57640750670241,99.73190348525469,99.19571045576407,97.65013404825737,44.92091152815013,28.92225201072386,23.806970509383376
9301,91,Papua,Merauke,Kabupaten,2023,23.8,10.01,83.08,,56.56836461126006,54.95978552278821,33.512064343163544,50.56836461126006,26.587131367292226,15.93833780160858,8.042895442359251
1101,11,Aceh,Aceh Selatan,Kabupaten,2024,28.1,12.02,73.84,,98.5254691689008,71.58176943699732,73.86058981233244,84.79222520107238,46.306970509383376,20.75871313672922,17.726541554959784
1102,11,Aceh,Aceh Tenggara,Kabupaten,2024,22.8,11.99,76.87,,87.66756032171583,71.31367292225201,65.14745308310992,77.5201072386059,41.20375335120644,20.680965147453083,15.63538873994638
1103,11,Aceh,Aceh Timur,Kabupaten,2024,28.0,13.26,77.19,,97.98927613941018,77.7479892761394,62.86863270777479,83.69034852546916,46.05495978552278,22.546916890080425,15.08847184986595
1104,11,Aceh,Aceh Tengah,Kabupaten,2024,21.6,14.27,69.08,,77.88203753351206,82.57372654155496,81.23324396782841,80.04691689008042,36.60455764075067,23.946380697050937,19.495978552278817
1105,11,Aceh,Aceh Barat,Kabupaten,2024,20.2,17.6,78.27,,70.77747989276139,91.42091152815014,60.45576407506702,74.28686327077747,33.265415549597854,26.51206434316354,14.509383378016086
1106,11,Aceh,Aceh Besar,Kabupaten,2024,26.8,13.21,84.72,,97.31903485254692,77.21179624664879,28.15013404825737,74.88739946380696,45.73994638069705,22.391420911528147,6.756032171581769
1107,11,Aceh,Pidie,Kabupaten,2024,26.4,18.59,76.69,,96.38069705093834,93.8337801608579,65.68364611260054,88.27479892761394,45.29892761394102,27.211796246648788,15.76407506702413
1108,11,Aceh,Aceh Utara,Kabupaten,2024,14.9,16.11,77.12,,34.98659517426274,88.47184986595174,63.27077747989276,57.28552278820374,16.443699731903486,25.656836461126,15.18498659517426
1109,11,Aceh,Simeulue,Kabupaten,2024,18.4,17.69,77.54,,59.51742627345844,91.95710455764075,62.198391420911534,69.56836461126005,27.973190348525467,26.667560321715815,14.927613941018768
1110,11,Aceh,Aceh Singkil,Kabupaten,2024,23.6,19.06,46.1,,90.88471849865952,94.36997319034852,97.58713136729223,93.50402144772119,42.715817694369974,27.36729222520107,23.420911528150135
1111,11,Aceh,Bireuen,Kabupaten,2024,21.8,12.1,80.83,,79.49061662198392,72.38605898123325,46.11260053619303,69.4195710455764,37.36058981233244,20.991957104557642,11.067024128686326
1113,11,Aceh,Gayo Lues,Kabupaten,2024,14.8,18.3,77.06,,33.9142091152815,93.5656836461126,63.806970509383376,58.38739946380697,15.939678284182305,27.134048257372655,15.31367292225201
1114,11,Aceh,Aceh Jaya,Kabupaten,2024,23.3,12.25,79.69,,89.41018766756032,73.19034852546918,52.81501340482574,75.92359249329759,42.02278820375335,21.22520107238606,12.675603217158178
1115,11,Aceh,Nagan Raya,Kabupaten,2024,24.9,16.94,76.6,,93.2975871313673,90.3485254691689,66.48793565683647,86.00804289544236,43.84986595174263,26.201072386058982,15.957104557640752
1116,11,Aceh,Aceh Tamiang,Kabupaten,2024,22.7,12.17,81.16,,87.1313672922252,72.92225201072387,44.50402144772118,72.78016085790884,40.951742627345844,21.14745308310992,10.680965147453083
1117,11,Aceh,Bener Meriah,Kabupaten,2024,22.1,18.18,46.98,,82.4396782841823,93.02949061662198,97.05093833780161,89.01742627345844,38.74664879356568,26.978552278820374,23.292225201072387
1118,11,Aceh,Pidie Jaya,Kabupaten,2024,26.6,18.28,78.95,,96.91689008042896,93.2975871313673,56.30026809651474,86.11930294906165,45.550938337801604,27.056300268096514,13.512064343163537
1171,11,Aceh,Banda Aceh,Kota,2024,19.8,6.95,87.96,,69.0348525469169,35.25469168900804,11.796246648793556,45.501340482573724,32.44638069705094,10.22386058981233,2.831099195710453
1172,11,Aceh,Sabang,Kota,2024,19.6,14.58,73.8,,67.96246648793566,84.45040214477211,74.66487935656836,74.35254691689008,31.94235924932976,24.49061662198391,17.919571045576408
1173,11,Aceh,Lhokseumawe,Kota,2024,17.4,10.44,83.03,,53.48525469168901,59.78552278820375,35.120643431635386,50.90482573726541,25.138069705093834,17.337801608579085,8.428954423592492
1174,11,Aceh,Langsa,Kota,2024,11.4,10.33,78.05,,15.415549597855227,58.98123324396782,61.1260053619303,39.02010723860589,7.245308310991956,17.104557640750667,14.67024128686327
1175,11,Aceh,Subulussalam,Kota,2024,19.8,16.38,41.12,,69.0348525469169,89.27613941018767,98.39142091152814,81.95040214477211,32.44638069705094,25.890080428954423,23.613941018766752
1201,12,Sumatera Utara,Tapanuli Tengah,Kabupaten,2024,24.2,11.8,73.81,,91.82305630026809,68.63270777479893,74.2627345844504,80.88337801608579,43.156836461126,19.903485254691688,17.823056300268096
1202,12,Sumatera Utara,Tapanuli Utara,Kabupaten,2024,25.7,8.21,78.14,,95.3083109919571,44.50402144772118,60.85790884718499,72.30697050938338,44.79490616621983,12.906166219839141,14.605898123324396
1203,12,Sumatera Utara,Tapanuli Selatan,Kabupaten,2024,6.3,6.92,77.29,,2.8150134048257374,34.45040214477212,62.466487935656836,26.305630026809652,1.3230563002680964,9.990616621983914,14.99195710455764
1208,12,Sumatera Utara,Simalungun,Kabupaten,2024,19.6,7.72,82.42,,67.96246648793566,40.3485254691689,38.33780160857909,52.84450402144772,31.94235924932976,11.70107238605898,9.201072386058982
1209,12,Sumatera Utara,Asahan,Kabupaten,2024,11.1,8.12,76.65,,14.47721179624665,43.5656836461126,66.21983914209116,35.33109919571046,6.804289544235925,12.634048257372655,15.892761394101878
1210,12,Sumatera Utara,Labuhan Batu,Kabupaten,2024,18.7,7.84,76.96,,61.66219839142091,41.28686327077748,64.47721179624665,56.42895442359249,28.981233243967825,11.973190348525469,15.474530831099194
1211,12,Sumatera Utara,Dairi,Kabupaten,2024,23.5,7.1,82.5,,90.48257372654156,36.72922252010724,37.80160857908847,62.25067024128687,42.52680965147453,10.6514745308311,9.072386058981234
1212,12,Sumatera Utara,Toba Samosir,Kabupaten,2024,21.0,8.07,84.33,,75.73726541554959,43.16353887399464,29.758713136729227,55.256032171581765,35.596514745308305,12.517426273458444,7.142091152815015
1213,12,Sumatera Utara,Mandailing Natal,Kabupaten,2024,17.3,8.69,70.54,,52.81501340482574,48.793565683646115,80.16085790884719,58.211796246648795,24.823056300268096,14.150134048257373,19.238605898123325
1214,12,Sumatera Utara,Nias Selatan,Kabupaten,2024,23.1,16.32,65.87,,88.3378016085791,88.73994638069705,84.71849865951742,87.5857908847185,41.51876675603217,25.734584450402142,20.33243967828418
1215,12,Sumatera Utara,Pakpak Bharat,Kabupaten,2024,23.1,6.87,75.32,,88.3378016085791,33.64611260053619,70.77747989276139,68.2627345844504,41.51876675603217,9.757372654155494,16.98659517426273
1216,12,Sumatera Utara,Humbang Hasundutan,Kabupaten,2024,15.7,8.44,81.16,,41.152815013404826,46.7828418230563,44.50402144772118,43.58981233243968,19.341823056300267,13.567024128686327,10.680965147453083
1217,12,Sumatera Utara,Samosir,Kabupaten,2024,23.4,11.63,80.35,,89.94638069705094,67.5603217158177,48.257372654155496,73.44906166219839,42.274798927613936,19.59249329758713,11.581769436997318
1218,12,Sumatera Utara,Serdang Bedagai,Kabupaten,2024,15.5,6.97,85.35,,40.21447721179624,35.656836461126005,25.201072386058982,35.28954423592493,18.900804289544233,10.340482573726542,6.048257372654155
1225,12,Sumatera Utara,Nias Barat,Kabupaten,2024,25.4,22.68,65.35,,94.36997319034852,96.24664879356568,85.52278820375335,92.79088471849865,44.3538873994638,27.911528150134046,20.525469168900802
1272,12,Sumatera Utara,Pematang Siantar,Kota,2024,10.9,7.2,89.82,,13.672922252010725,37.533512064343164,5.630026809651483,18.66219839142091,6.42627345844504,10.884718498659517,1.351206434316356
1274,12,Sumatera Utara,Tanjung Balai,Kota,2024,3.9,11.97,74.59,,0.2680965147453083,71.0455764075067,72.38605898123325,38.10187667560322,0.1260053619302949,20.603217158176943,17.37265415549598
1275,12,Sumatera Utara,Binjai,Kota,2024,22.3,4.75,88.22,,84.58445040214477,14.209115281501342,10.723860589812332,46.44906166219839,39.75469168900804,4.120643431635389,2.5737265415549597
1277,12,Sumatera Utara,Padang Sidimpuan,Kota,2024,24.4,6.23,71.32,,92.49329758713137,24.396782841823057,79.08847184986595,69.52815013404825,43.47184986595174,7.075067024128686,18.98123324396783
1278,12,Sumatera Utara,Gunungsitoli,Kota,2024,13.8,14.72,66.12,,27.07774798927614,84.98659517426273,83.9142091152815,57.51206434316354,12.726541554959786,24.646112600536192,20.139410187667558
1301,13,Sumatera Barat,Pesisir Selatan,Kabupaten,2024,21.6,7.49,86.71,,77.88203753351206,39.67828418230563,18.230563002680967,52.48659517426274,36.60455764075067,11.506702412868632,4.375335120643432
1302,13,Sumatera Barat,Solok,Kabupaten,2024,23.4,7.31,82.56,,89.94638069705094,38.069705093833775,37.533512064343164,62.32305630026809,42.274798927613936,11.040214477211794,9.008042895442358
1303,13,Sumatera Barat,Sijunjung,Kabupaten,2024,22.2,5.78,82.05,,83.6461126005362,21.58176943699732,38.87399463806971,54.902144772117964,39.31367292225201,6.258713136729222,9.32975871313673
1304,13,Sumatera Barat,Tanah Datar,Kabupaten,2024,22.4,4.28,89.4,,85.52278820375335,9.919571045576408,6.970509383378015,44.74530831099195,40.19571045576407,2.876675603217158,1.6729222520107236
1305,13,Sumatera Barat,Padang Pariaman,Kabupaten,2024,20.5,6.27,85.08,,72.92225201072387,25.067024128686327,26.273458445040205,47.8485254691689,34.27345844504021,7.269436997319034,6.3056300268096495
1306,13,Sumatera Barat,Agam,Kabupaten,2024,21.9,6.83,86.92,,80.29490616621983,32.707774798927616,17.42627345844504,51.406166219839136,37.73860589812332,9.485254691689008,4.182305630026809
1307,13,Sumatera Barat,Limapuluh Koto,Kabupaten,2024,19.4,6.92,82.59,,67.02412868632707,34.45040214477212,36.99731903485255,50.371313672922255,31.501340482573724,9.990616621983914,8.879356568364612
1308,13,Sumatera Barat,Pasaman,Kabupaten,2024,24.2,6.74,82.09,,91.82305630026809,31.63538873994638,38.6058981233244,61.596514745308305,43.156836461126,9.174262734584449,9.265415549597856
1309,13,Sumatera Barat,Kepulauan Mentawai,Kabupaten,2024,20.4,13.89,53.86,,72.2520107238606,79.89276139410187,93.02949061662198,79.4544235924933,33.95844504021448,23.16890080428954,22.327077747989275
1310,13,Sumatera Barat,Dharmas Raya,Kabupaten,2024,16.5,5.32,84.98,,46.7828418230563,18.230563002680967,26.541554959785515,33.64477211796246,21.98793565683646,5.28686327077748,6.3699731903485235
1312,13,Sumatera Barat,Pasaman Barat,Kabupaten,2024,20.6,7.0,80.91,,73.9946380697051,35.924932975871315,45.57640750670241,56.134048257372655,34.7774798927614,10.41823056300268,10.938337801608577
1371,13,Sumatera Barat,Padang,Kota,2024,17.3,4.06,89.63,,52.81501340482574,7.506702412868632,6.702412868632706,28.60857908847185,24.823056300268096,2.176943699731903,1.6085790884718494
1372,13,Sumatera Barat,Solok,Kota,2024,14.4,3.07,92.9,,30.6970509383378,2.949061662198391,0.40214477211796407,15.37935656836461,14.427613941018764,0.8552278820375334,0.09651474530831138
1373,13,Sumatera Barat,Sawah Lunto,Kota,2024,17.1,2.33,83.45,,51.60857908847185,0.8042895442359249,33.512064343163544,32.53217158176944,24.25603217158177,0.23324396782841822,8.042895442359251
1374,13,Sumatera Barat,Padang Panjang,Kota,2024,16.7,5.31,87.05,,48.12332439678284,17.962466487935657,16.89008042895442,31.880697050938338,22.617962466487935,5.20911528150134,4.053619302949061
1375,13,Sumatera Barat,Bukittinggi,Kota,2024,13.2,4.08,92.86,,23.324396782841823,7.908847184986595,0.8042895442359281,13.44906166219839,10.962466487935657,2.2935656836461122,0.19302949061662275
1376,13,Sumatera Barat,Payakumbuh,Kota,2024,14.3,5.19,89.33,,29.624664879356565,16.890080428954423,7.506702412868634,20.62332439678284,13.923592493297585,4.898123324396782,1.8016085790884722
1377,13,Sumatera Barat,Pariaman,Kota,2024,13.6,4.26,84.08,,25.871313672922252,9.651474530831099,30.56300268096514,22.293565683646108,12.159517426273458,2.7989276139410184,7.335120643431633
1402,14,Riau,Indragiri Hulu,Kabupaten,2024,15.0,6.02,60.71,,35.79088471849866,23.324396782841823,89.81233243967829,45.14075067024129,16.82171581769437,6.7640750670241285,21.554959785522787
1403,14,Riau,Bengkalis,Kabupaten,2024,9.9,6.36,65.75,,10.05361930294906,26.40750670241287,84.98659517426273,32.78016085790884,4.725201072386058,7.658176943699732,20.396782841823054
1406,14,Riau,Rokan Hulu,Kabupaten,2024,14.7,9.62,58.88,,32.975871313672926,54.42359249329759,91.15281501340482,53.15817694369973,15.498659517426274,15.7828418230563,21.876675603217155
1407,14,Riau,Rokan Hilir,Kabupaten,2024,19.2,7.01,68.67,,65.41554959785523,36.193029490616624,81.76943699731903,60.865951742627345,30.74530831099196,10.495978552278821,19.62466487935657
1408,14,Riau,Siak,Kabupaten,2024,14.6,5.08,77.06,,32.03753351206434,16.0857908847185,63.806970509383376,35.03619302949062,15.05764075067024,4.664879356568364,15.31367292225201
1409,14,Riau,Kuantan Sengingi,Kabupaten,2024,19.9,7.89,73.8,,69.70509383378017,42.35924932975871,74.66487935656836,62.965147453083105,32.761394101876675,12.284182305630026,17.919571045576408
1410,14,Riau,Kepulauan Meranti,Kabupaten,2024,15.6,23.15,71.15,,40.75067024128686,96.51474530831099,79.35656836461126,66.18766756032171,19.152815013404823,27.989276139410187,19.0455764075067
1471,14,Riau,Pekanbaru,Kota,2024,11.1,3.15,92.2,,14.47721179624665,3.753351206434316,1.8766756032171656,8.343163538873997,6.804289544235925,1.0884718498659516,0.45040214477211976
1472,14,Riau,Dumai,Kota,2024,13.6,3.14,76.3,,25.871313672922252,3.351206434316354,67.5603217158177,29.34584450402145,12.159517426273458,0.9718498659517426,16.214477211796247
1502,15,Jambi,Merangin,Kabupaten,2024,7.2,8.4,75.01,,4.959785522788204,46.11260053619303,71.31367292225201,32.81903485254692,2.331099195710456,13.372654155495978,17.115281501340483
1503,15,Jambi,Sarolangun,Kabupaten,2024,4.4,8.36,65.64,,0.5361930294906166,45.84450402144772,85.25469168900804,34.00804289544236,0.2520107238605898,13.294906166219837,20.46112600536193
1506,15,Jambi,Tanjung Jabung Barat,Kabupaten,2024,5.1,9.54,69.6,,1.3404825737265416,53.61930294906166,80.96514745308312,35.611260053619304,0.6300268096514745,15.549597855227882,19.43163538873995
1507,15,Jambi,Tanjung Jabung Timur,Kabupaten,2024,20.3,10.14,69.99,,71.58176943699732,57.10455764075068,80.69705093833781,69.5710455764075,33.64343163538874,16.560321715817697,19.367292225201073
1509,15,Jambi,Tebo,Kabupaten,2024,14.9,6.12,71.36,,34.98659517426274,23.86058981233244,78.82037533512064,42.28016085790885,16.443699731903486,6.919571045576407,18.916890080428953
1571,15,Jambi,Jambi,Kota,2024,8.6,7.73,85.88,,6.166219839142091,40.75067024128686,21.715817694369974,19.927613941018762,2.8981233243967823,11.81769436997319,5.2117962466487935
1572,15,Jambi,Sungai Penuh,Kota,2024,6.4,2.92,87.06,,3.2171581769436997,2.1447721179624666,16.62198391420911,6.12332439678284,1.5120643431635388,0.6219839142091153,3.9892761394101863
1601,16,Sumatera Selatan,Ogan Komering Ulu,Kabupaten,2024,19.2,10.68,73.01,,65.41554959785523,61.66219839142091,76.13941018766756,66.90080428954424,30.74530831099196,17.88203753351206,18.273458445040216
1602,16,Sumatera Selatan,Ogan Komering Ilir,Kabupaten,2024,17.6,12.08,79.54,,54.42359249329759,72.11796246648794,54.15549597855228,59.49061662198391,25.579088471849865,20.9142091152815,12.997319034852547
1603,16,Sumatera Selatan,Muara Enim,Kabupaten,2024,16.6,9.79,75.62,,47.45308310991957,55.22788203753352,69.70509383378015,55.048257372654156,22.302949061662197,16.01608579088472,16.729222520107236
1604,16,Sumatera Selatan,Lahat,Kabupaten,2024,10.6,14.14,75.19,,12.198391420911529,81.23324396782841,71.0455764075067,46.341823056300264,5.733243967828418,23.557640750670238,17.050938337801608
1605,16,Sumatera Selatan,Musi Rawas,Kabupaten,2024,15.3,13.44,77.66,,39.00804289544236,78.28418230563003,61.394101876675606,55.77077747989276,18.333780160857906,22.702412868632706,14.734584450402146
1609,16,Sumatera Selatan,Ogan Komering Ulu Selatan,Kabupaten,2024,12.4,9.86,75.37,,20.241286863270776,55.76407506702413,70.24128686327077,42.542895442359246,9.513404825737265,16.171581769436997,16.857908847184984
1610,16,Sumatera Selatan,Ogan Ilir,Kabupaten,2024,20.7,12.3,77.55,,74.79892761394102,73.45844504021449,61.930294906166225,71.32171581769437,35.155495978552274,21.3029490616622,14.863270777479894
1611,16,Sumatera Selatan,Empat Lawang,Kabupaten,2024,21.6,10.78,67.42,,77.88203753351206,63.00268096514745,82.84182305630027,74.75737265415549,36.60455764075067,18.270777479892757,19.882037533512065
1612,16,Sumatera Selatan,Penukal Abab Lematang Ilir,Kabupaten,2024,17.4,9.82,78.79,,53.48525469168901,55.49597855227882,57.9088471849866,55.130026809651476,25.138069705093834,16.093833780160857,13.898123324396783
1671,16,Sumatera Selatan,Palembang,Kota,2024,7.8,9.77,83.62,,5.630026809651475,54.95978552278821,33.243967828418235,26.56300268096515,2.646112600536193,15.93833780160858,7.978552278820376
1673,16,Sumatera Selatan,Lubuklinggau,Kota,2024,15.7,11.14,66.1,,41.152815013404826,64.87935656836461,84.1823056300268,58.360589812332435,19.341823056300267,18.815013404825738,20.203753351206434
1674,16,Sumatera Selatan,Prabumulih,Kota,2024,9.3,10.13,68.11,,8.579088471849866,56.56836461126006,82.57372654155496,40.25469168900804,4.032171581769437,16.404825737265416,19.81769436997319
1702,17,Bengkulu,Rejang Lebong,Kabupaten,2024,20.2,14.65,73.11,,70.77747989276139,84.71849865951742,75.87131367292226,76.04289544235925,33.265415549597854,24.56836461126005,18.20911528150134
1703,17,Bengkulu,Bengkulu Utara,Kabupaten,2024,16.8,10.96,72.62,,48.92761394101876,64.343163538874,76.94369973190348,60.12198391420911,22.995978552278817,18.659517426273457,18.466487935656833
1704,17,Bengkulu,Kaur,Kabupaten,2024,12.2,17.12,74.75,,18.766756032171582,90.88471849865952,71.84986595174263,52.42091152815013,8.820375335120643,26.35656836461126,17.24396782841823
1705,17,Bengkulu,Seluma,Kabupaten,2024,17.7,17.23,71.61,,55.22788203753352,91.15281501340483,78.55227882037534,71.24396782841823,25.95710455764075,26.4343163538874,18.85254691689008
1706,17,Bengkulu,Mukomuko,Kabupaten,2024,18.6,10.76,76.57,,60.723860589812325,62.73458445040214,66.75603217158178,62.75469168900804,28.54021447721179,18.19302949061662,16.021447721179626
1707,17,Bengkulu,Lebong,Kabupaten,2024,16.7,10.45,77.06,,48.12332439678284,60.05361930294906,63.806970509383376,55.34718498659517,22.617962466487935,17.415549597855225,15.31367292225201
1709,17,Bengkulu,Bengkulu Tengah,Kabupaten,2024,18.7,10.14,62.14,,61.66219839142091,57.10455764075068,87.93565683646112,66.64611260053618,28.981233243967825,16.560321715817697,21.104557640750667
1771,17,Bengkulu,Bengkulu,Kota,2024,13.8,13.76,78.72,,27.07774798927614,78.82037533512064,58.44504021447721,49.6112600536193,12.726541554959786,22.857908847184984,14.02680965147453
1801,18,Lampung,Lampung Selatan,Kabupaten,2024,8.8,12.57,84.46,,6.8364611260053625,74.79892761394102,29.490616621983918,31.982573726541553,3.21313672922252,21.691689008042893,7.07774798927614
1802,18,Lampung,Lampung Tengah,Kabupaten,2024,12.4,10.37,84.93,,20.241286863270776,59.24932975871313,26.809651474530824,33.13002680965147,9.513404825737265,17.182305630026807,6.4343163538873975
1803,18,Lampung,Lampung Utara,Kabupaten,2024,15.2,16.92,76.82,,37.66756032171582,90.0804289544236,65.41554959785523,59.52680965147454,17.703753351206434,26.12332439678284,15.699731903485254
1804,18,Lampung,Lampung Barat,Kabupaten,2024,17.3,10.68,76.18,,52.81501340482574,61.66219839142091,67.828418230563,58.98391420911527,24.823056300268096,17.88203753351206,16.27882037533512
1805,18,Lampung,Tulang Bawang,Kabupaten,2024,16.4,7.88,88.78,,45.71045576407507,41.957104557640754,8.847184986595167,35.77479892761394,21.483914209115284,12.167560321715818,2.12332439678284
1806,18,Lampung,Tanggamus,Kabupaten,2024,19.0,10.28,76.4,,63.00268096514745,58.4450402144772,67.29222520107238,62.71045576407506,29.611260053619297,16.94906166219839,16.15013404825737
1807,18,Lampung,Lampung Timur,Kabupaten,2024,11.9,13.19,85.22,,17.426273458445042,76.94369973190348,25.737265415549587,36.68096514745308,8.190348525469169,22.313672922252007,6.1769436997319005
1808,18,Lampung,Way Kanan,Kabupaten,2024,11.6,10.43,79.61,,16.219839142091153,59.51742627345844,53.48525469168901,37.719839142091146,7.6233243967828415,17.260053619302948,12.83646112600536
1809,18,Lampung,Pesawaran,Kabupaten,2024,14.0,11.86,80.85,,28.686327077747993,69.16890080428955,45.84450402144772,44.54423592493298,13.482573726541556,20.05898123324397,11.002680965147452
1810,18,Lampung,Pringsewu,Kabupaten,2024,16.5,8.32,87.35,,46.7828418230563,45.44235924932976,15.147453083109923,38.801608579088466,21.98793565683646,13.17828418230563,3.6353887399463813
1811,18,Lampung,Mesuji,Kabupaten,2024,8.9,6.31,88.18,,7.372654155495978,25.737265415549597,10.991957104557642,13.567024128686326,3.4651474530831092,7.463806970509383,2.6380697050938338
1813,18,Lampung,Pesisir Barat,Kabupaten,2024,16.2,12.64,75.77,,44.10187667560322,75.33512064343164,69.16890080428955,59.17560321715818,20.72788203753351,21.847184986595174,16.60053619302949
1871,18,Lampung,Bandar Lampung,Kota,2024,12.0,7.37,84.64,,17.828418230563003,38.605898123324394,28.68632707774799,26.459785522788202,8.37935656836461,11.195710455764074,6.884718498659518
1872,18,Lampung,Metro,Kota,2024,12.2,6.78,85.78,,18.766756032171582,32.171581769437,22.520107238605902,23.554959785522787,8.820375335120643,9.329758713136728,5.4048257372654165
1901,19,Kepulauan Bangka Belitung,Bangka,Kabupaten,2024,17.8,4.24,74.35,,56.30026809651475,9.383378016085791,72.92225201072387,46.68364611260054,26.46112600536193,2.721179624664879,17.501340482573728
1902,19,Kepulauan Bangka Belitung,Belitung,Kabupaten,2024,16.3,6.11,62.34,,44.77211796246649,23.59249329758713,87.26541554959786,48.828418230563,21.04289544235925,6.841823056300267,20.943699731903486
1903,19,Kepulauan Bangka Belitung,Bangka Selatan,Kabupaten,2024,19.6,3.74,84.87,,67.96246648793566,4.959785522788204,27.613941018766752,40.00804289544236,31.94235924932976,1.438337801608579,6.6273458445040205
1904,19,Kepulauan Bangka Belitung,Bangka Tengah,Kabupaten,2024,17.6,5.94,60.38,,54.42359249329759,22.5201072386059,90.3485254691689,53.79356568364611,25.579088471849865,6.53083109919571,21.683646112600535
1905,19,Kepulauan Bangka Belitung,Bangka Barat,Kabupaten,2024,16.4,2.59,60.25,,45.71045576407507,1.876675603217158,90.61662198391421,43.77613941018767,21.483914209115284,0.5442359249329758,21.74798927613941
1906,19,Kepulauan Bangka Belitung,Belitung Timur,Kabupaten,2024,13.4,6.36,62.02,,24.396782841823057,26.40750670241287,88.20375335120643,40.29356568364611,11.466487935656836,7.658176943699732,21.168900804289542
1971,19,Kepulauan Bangka Belitung,Pangkal Pinang,Kota,2024,14.4,4.04,87.27,,30.6970509383378,7.238605898123325,16.08579088471849,20.387399463806968,14.427613941018764,2.099195710455764,3.860589812332438
2102,21,Kep. Riau,Karimun,Kabupaten,2024,18.2,5.78,62.68,,57.77479892761394,21.58176943699732,86.59517426273459,54.19571045576408,27.154155495978554,6.258713136729222,20.7828418230563
2103,21,Kep. Riau,Natuna,Kabupaten,2024,15.5,5.04,60.51,,40.21447721179624,15.549597855227882,90.0804289544236,45.029490616621985,18.900804289544233,4.509383378016086,21.619302949061662
2104,21,Kep. Riau,Lingga,Kabupaten,2024,14.7,9.99,53.02,,32.975871313672926,56.30026809651475,94.10187667560322,54.41018766756032,15.498659517426274,16.327077747989275,22.58445040214477
2105,21,Kep. Riau,Kepulauan Anambas,Kabupaten,2024,13.2,6.67,55.34,,23.324396782841823,30.563002680965145,92.22520107238606,41.959785522788195,10.962466487935657,8.863270777479892,22.13404825737265
2171,21,Kep. Riau,Batam,Kota,2024,11.7,4.85,88.83,,16.75603217158177,14.745308310991955,8.579088471849857,14.210455764075064,7.875335120643431,4.276139410187667,2.0589812332439656
2172,21,Kep. Riau,Tanjung Pinang,Kota,2024,10.2,6.86,83.22,,11.26005361930295,33.24396782841823,34.04825737265415,23.104557640750667,5.292225201072386,9.640750670241285,8.171581769436996
3101,31,DKI Jakarta,Kepulauan Seribu,Kabupaten,2024,14.8,13.03,58.05,,33.9142091152815,75.87131367292224,91.42091152815013,59.883378016085786,15.939678284182305,22.002680965147448,21.94101876675603
3171,31,DKI Jakarta,Jakarta Pusat,Kota,2024,16.8,4.63,91.63,,48.92761394101876,13.404825737265416,2.41286863270777,27.462466487935654,22.995978552278817,3.8873994638069704,0.5790884718498648
3172,31,DKI Jakarta,Jakarta Utara,Kota,2024,14.4,6.44,87.42,,30.6970509383378,26.80965147453083,14.745308310991959,25.741286863270776,14.427613941018764,7.774798927613941,3.53887399463807
3173,31,DKI Jakarta,Jakarta Barat,Kota,2024,13.4,3.94,91.35,,24.396782841823057,6.434316353887399,3.351206434316353,14.136729222520106,11.466487935656836,1.8659517426273458,0.8042895442359247
3174,31,DKI Jakarta,Jakarta Selatan,Kota,2024,12.3,3.03,90.52,,19.43699731903485,2.4128686327077746,4.825737265415555,10.993297587131368,9.13538873994638,0.6997319034852546,1.1581769436997331
3175,31,DKI Jakarta,Jakarta Timur,Kota,2024,13.0,4.09,91.81,,22.386058981233244,8.310991957104557,2.144772117962475,13.44638069705094,10.521447721179625,2.4101876675603213,0.514745308310994
3202,32,Jawa Barat,Sukabumi,Kabupaten,2024,16.0,6.87,78.59,,42.35924932975871,33.64611260053619,58.71313672922252,43.75737265415549,19.908847184986595,9.757372654155494,14.091152815013404
3203,32,Jawa Barat,Cianjur,Kabupaten,2024,6.5,10.14,80.6,,3.6193029490616624,57.10455764075068,47.72117962466488,29.71447721179625,1.7010723860589811,16.560321715817697,11.45308310991957
3204,32,Jawa Barat,Bandung,Kabupaten,2024,19.0,6.19,80.63,,63.00268096514745,24.128686327077748,47.45308310991957,47.99731903485254,29.611260053619297,6.997319034852547,11.388739946380696
3205,32,Jawa Barat,Garut,Kabupaten,2024,10.5,9.68,78.99,,11.662198391420912,54.6916890080429,55.49597855227882,34.66085790884719,5.481233243967829,15.86058981233244,13.319034852546917
3206,32,Jawa Barat,Tasikmalaya,Kabupaten,2024,13.8,10.23,78.47,,27.07774798927614,58.17694369973191,59.38337801608579,43.84986595174263,12.726541554959786,16.871313672922252,14.25201072386059
3208,32,Jawa Barat,Kuningan,Kabupaten,2024,17.1,11.88,81.43,,51.60857908847185,69.43699731903486,41.5549597855228,54.365951742627345,24.25603217158177,20.136729222520106,9.97319034852547
3210,32,Jawa Barat,Majalengka,Kabupaten,2024,15.2,10.82,82.58,,37.66756032171582,63.806970509383376,37.26541554959786,45.1514745308311,17.703753351206434,18.50402144772118,8.943699731903486
3211,32,Jawa Barat,Sumedang,Kabupaten,2024,15.1,9.1,86.88,,36.46112600536193,51.742627345844504,17.694369973190348,36.388739946380696,17.136729222520106,15.005361930294905,4.246648793565683
3212,32,Jawa Barat,Indramayu,Kabupaten,2024,7.2,11.93,86.52,,4.959785522788204,70.24128686327077,19.302949061662204,27.333780160857913,2.331099195710456,20.369973190348524,4.632707774798929
3213,32,Jawa Barat,Subang,Kabupaten,2024,10.7,9.49,85.65,,12.600536193029491,53.35120643431635,24.12868632707776,27.184986595174266,5.92225201072386,15.471849865951741,5.790884718498662
3214,32,Jawa Barat,Purwakarta,Kabupaten,2024,10.5,8.41,80.19,,11.662198391420912,46.38069705093834,50.402144772117964,31.028150134048254,5.481233243967829,13.450402144772116,12.09651474530831
3215,32,Jawa Barat,Karawang,Kabupaten,2024,14.4,7.86,89.04,,30.6970509383378,41.55495978552279,7.7747989276139435,28.34450402144772,14.427613941018764,12.050938337801608,1.8659517426273464
3217,32,Jawa Barat,Bandung Barat,Kabupaten,2024,22.5,10.49,75.79,,86.32707774798928,60.32171581769437,68.90080428954424,74.60321715817695,40.57372654155496,17.493297587131366,16.53619302949062
3218,32,Jawa Barat,Pangandaran,Kabupaten,2024,13.8,8.75,83.86,,27.07774798927614,49.19571045576407,31.903485254691688,34.65013404825737,12.726541554959786,14.26675603217158,7.656836461126005
3271,32,Jawa Barat,Bogor,Kota,2024,18.1,6.53,85.53,,57.37265415549599,28.150134048257375,24.932975871313673,41.112600536193035,26.965147453083112,8.163538873994638,5.983914209115281
3273,32,Jawa Barat,Bandung,Kota,2024,18.9,3.87,91.55,,62.466487935656836,5.898123324396782,2.6809651474530796,31.71313672922252,29.35924932975871,1.7104557640750668,0.643431635388739
3274,32,Jawa Barat,Cirebon,Kota,2024,11.2,9.02,83.78,,15.013404825737265,51.474530831099194,32.171581769437,29.70509383378016,7.056300268096514,14.927613941018766,7.721179624664879
3275,32,Jawa Barat,Bekasi,Kota,2024,9.2,4.01,93.9,,8.310991957104557,6.970509383378016,0.0,5.927613941018766,3.9061662198391414,2.0214477211796247,0.0
3276,32,Jawa Barat,Depok,Kota,2024,10.8,2.34,89.81,,13.136729222520108,1.0723860589812333,5.898123324396792,7.900804289544238,6.174262734584451,0.3109919571045576,1.4155495978552302
3277,32,Jawa Barat,Cimahi,Kota,2024,18.6,4.39,88.68,,60.723860589812325,10.991957104557642,9.383378016085786,33.9798927613941,28.54021447721179,3.187667560321716,2.2520107238605886
3278,32,Jawa Barat,Tasikmalaya,Kota,2024,17.2,11.1,74.37,,52.14477211796247,64.6112600536193,72.65415549597856,60.68230563002681,24.508042895442358,18.737265415549597,17.43699731903485
3279,32,Jawa Barat,Banjar,Kota,2024,16.3,5.85,78.92,,44.77211796246649,21.983914209115284,56.56836461126005,40.99463806970509,21.04289544235925,6.375335120643432,13.576407506702411
3301,33,Jawa Tengah,Cilacap,Kabupaten,2024,13.4,10.68,84.69,,24.396782841823057,61.66219839142091,28.41823056300268,36.16890080428954,11.466487935656836,17.88203753351206,6.820375335120643
3302,33,Jawa Tengah,Banyumas,Kabupaten,2024,16.9,11.95,80.74,,50.134048257372655,70.64343163538874,46.64879356568365,55.245308310991945,23.563002680965145,20.48659517426273,11.195710455764075
3303,33,Jawa Tengah,Purbalingga,Kabupaten,2024,19.5,14.18,78.47,,67.29222520107238,81.50134048257372,59.38337801608579,69.51474530831099,31.627345844504017,23.63538873994638,14.25201072386059
3305,33,Jawa Tengah,Kebumen,Kabupaten,2024,15.8,15.71,81.21,,41.55495978552279,87.66756032171583,43.29758713136729,55.34584450402145,19.53083109919571,25.423592493297587,10.391420911528149
3306,33,Jawa Tengah,Purworejo,Kabupaten,2024,12.5,10.87,86.22,,21.179624664879356,64.07506702412869,20.77747989276139,33.52278820375334,9.954423592493297,18.581769436997316,4.9865951742627335
3311,33,Jawa Tengah,Sukoharjo,Kabupaten,2024,14.6,7.47,90.93,,32.03753351206434,39.41018766756032,4.0214477211796265,27.45174262734584,15.05764075067024,11.428954423592492,0.9651474530831103
3312,33,Jawa Tengah,Wonogiri,Kabupaten,2024,12.7,10.71,88.91,,21.715817694369974,62.19839142091153,8.042895442359253,30.17426273458445,10.206434316353887,18.037533512064343,1.9302949061662207
3314,33,Jawa Tengah,Sragen,Kabupaten,2024,13.8,12.41,89.37,,27.07774798927614,74.12868632707776,7.238605898123325,35.96112600536193,12.726541554959786,21.49731903485255,1.737265415549598
3315,33,Jawa Tengah,Grobogan,Kabupaten,2024,20.8,11.43,87.29,,75.20107238605898,66.21983914209115,15.817694369973196,58.34450402144772,35.34450402144772,19.20375335120643,3.796246648793567
3316,33,Jawa Tengah,Blora,Kabupaten,2024,18.6,11.42,88.53,,60.723860589812325,65.95174262734585,10.187667560321714,50.1112600536193,28.54021447721179,19.126005361930297,2.445040214477211
3317,33,Jawa Tengah,Rembang,Kabupaten,2024,13.1,14.02,86.85,,22.78820375335121,80.42895442359249,17.962466487935657,38.34584450402144,10.710455764075068,23.32439678284182,4.310991957104558
3318,33,Jawa Tengah,Pati,Kabupaten,2024,14.1,9.17,90.88,,28.9544235924933,52.01072386058981,4.557640750670245,29.785522788203753,13.60857908847185,15.083109919571045,1.0938337801608589
3321,33,Jawa Tengah,Demak,Kabupaten,2024,8.9,11.89,90.47,,7.372654155495978,69.70509383378017,5.093833780160864,24.902144772117964,3.4651474530831092,20.214477211796247,1.2225201072386074
3323,33,Jawa Tengah,Temanggung,Kabupaten,2024,22.0,8.67,78.91,,81.23324396782841,48.525469168900806,56.970509383378015,65.92493297587131,38.179624664879356,14.072386058981232,13.672922252010723
3324,33,Jawa Tengah,Kendal,Kabupaten,2024,16.0,9.35,84.83,,42.35924932975871,52.81501340482574,27.88203753351206,41.91689008042895,19.908847184986595,15.316353887399464,6.691689008042895
3326,33,Jawa Tengah,Pekalongan,Kabupaten,2024,16.5,8.95,80.65,,46.7828418230563,50.134048257372655,47.18498659517426,47.85120643431635,21.98793565683646,14.538873994638069,11.324396782841822
3327,33,Jawa Tengah,Pemalang,Kabupaten,2024,15.4,14.92,81.81,,39.67828418230563,85.79088471849866,39.67828418230563,53.05093833780161,18.648793565683647,24.87935656836461,9.52278820375335
3328,33,Jawa Tengah,Tegal,Kabupaten,2024,12.5,6.81,83.71,,21.179624664879356,32.43967828418231,32.707774798927616,27.211796246648795,9.954423592493297,9.407506702412869,7.849865951742627
3329,33,Jawa Tengah,Brebes,Kabupaten,2024,20.1,15.6,78.79,,70.24128686327077,86.8632707774799,57.9088471849866,72.10187667560321,33.01340482573726,25.19034852546917,13.898123324396783
3371,33,Jawa Tengah,Magelang,Kota,2024,12.5,5.94,91.41,,21.179624664879356,22.5201072386059,2.949061662198389,17.19302949061662,9.954423592493297,6.53083109919571,0.7077747989276133
3373,33,Jawa Tengah,Salatiga,Kota,2024,12.1,4.57,91.35,,18.230563002680967,12.868632707774799,3.351206434316353,13.10455764075067,8.568364611260053,3.7319034852546915,0.8042895442359247
3375,33,Jawa Tengah,Pekalongan,Kota,2024,16.9,6.71,78.27,,50.134048257372655,31.233243967828418,60.45576407506702,47.13002680965147,23.563002680965145,9.05764075067024,14.509383378016086
3376,33,Jawa Tengah,Tegal,Kota,2024,15.3,7.64,85.73,,39.00804289544236,39.946380697050934,23.190348525469176,35.48391420911528,18.333780160857906,11.58445040214477,5.565683646112602
3401,34,DI Yogyakarta,Kulon Progo,Kabupaten,2024,14.8,15.62,85.73,,33.9142091152815,87.1313672922252,23.190348525469176,46.77345844504022,15.939678284182305,25.26809651474531,5.565683646112602
3402,34,DI Yogyakarta,Bantul,Kabupaten,2024,14.9,11.66,82.92,,34.98659517426274,67.828418230563,35.924932975871315,44.73592493297587,16.443699731903486,19.67024128686327,8.621983914209116
3403,34,DI Yogyakarta,Gunung Kidul,Kabupaten,2024,16.3,15.18,82.97,,44.77211796246649,86.05898123324397,35.388739946380696,54.493297587131366,21.04289544235925,24.95710455764075,8.493297587131366
3404,34,DI Yogyakarta,Sleman,Kabupaten,2024,13.9,7.46,84.91,,28.150134048257375,39.14209115281501,27.077747989276133,31.080428954423592,13.230563002680965,11.351206434316353,6.498659517426272
3471,34,DI Yogyakarta,Yogyakarta,Kota,2024,12.9,6.26,84.21,,21.983914209115284,24.664879356568363,30.026809651474522,24.691689008042893,10.332439678284183,7.152815013404825,7.206434316353885
3501,35,Jawa Timur,Pacitan,Kabupaten,2024,10.6,13.08,82.94,,12.198391420911529,76.2734584450402,35.656836461126005,36.41018766756032,5.733243967828418,22.11930294906166,8.557640750670242
3503,35,Jawa Timur,Trenggalek,Kabupaten,2024,5.7,10.5,83.17,,1.876675603217158,60.58981233243968,34.31635388739946,26.68900804289544,0.8820375335120643,17.571045576407506,8.23592493297587
3504,35,Jawa Timur,Tulungagung,Kabupaten,2024,11.5,6.28,87.35,,15.81769436997319,25.46916890080429,15.147453083109923,18.455764075067023,7.434316353887398,7.386058981233244,3.6353887399463813
3505,35,Jawa Timur,Blitar,Kabupaten,2024,16.1,8.16,86.43,,43.43163538873995,43.96782841823057,19.973190348525478,37.957104557640754,20.412868632707774,12.750670241286864,4.793565683646114
3506,35,Jawa Timur,Kediri,Kabupaten,2024,6.9,9.95,81.19,,4.557640750670242,56.03217158176944,43.96782841823056,28.943699731903486,2.1420911528150133,16.249329758713138,10.552278820375333
3507,35,Jawa Timur,Malang,Kabupaten,2024,19.0,8.98,81.09,,63.00268096514745,50.80428954423593,45.04021447721179,55.15415549597855,29.611260053619297,14.733243967828418,10.80965147453083
3508,35,Jawa Timur,Lumajang,Kabupaten,2024,19.1,8.65,79.58,,64.20911528150134,48.257372654155496,53.88739946380697,57.105898123324394,30.178284182305628,13.994638069705093,12.932975871313673
3509,35,Jawa Timur,Jember,Kabupaten,2024,23.5,9.01,78.97,,90.48257372654156,51.206434316353885,55.89812332439678,70.79222520107238,42.52680965147453,14.849865951742625,13.415549597855227
3510,35,Jawa Timur,Banyuwangi,Kabupaten,2024,14.4,6.54,85.77,,30.6970509383378,28.686327077747993,22.788203753351212,28.215817694369974,14.427613941018764,8.319034852546917,5.4691689008042905
3511,35,Jawa Timur,Bondowoso,Kabupaten,2024,7.7,12.6,78.44,,5.361930294906166,75.06702412868633,59.78552278820376,38.638069705093834,2.520107238605898,21.769436997319033,14.348525469168901
3512,35,Jawa Timur,Situbondo,Kabupaten,2024,8.1,11.51,80.22,,5.898123324396782,66.48793565683646,49.597855227882036,33.95710455764075,2.7721179624664876,19.28150134048257,11.903485254691688
3514,35,Jawa Timur,Pasuruan,Kabupaten,2024,20.3,8.63,80.31,,71.58176943699732,47.85522788203753,48.92761394101876,59.26407506702412,33.64343163538874,13.878016085790883,11.742627345844502
3516,35,Jawa Timur,Mojokerto,Kabupaten,2024,12.2,9.37,87.32,,18.766756032171582,53.08310991957105,15.549597855227887,27.94638069705094,8.820375335120643,15.394101876675604,3.731903485254693
3517,35,Jawa Timur,Jombang,Kabupaten,2024,15.0,8.6,86.43,,35.79088471849866,47.45308310991957,19.973190348525478,35.37667560321716,16.82171581769437,13.761394101876673,4.793565683646114
3518,35,Jawa Timur,Nganjuk,Kabupaten,2024,18.3,10.17,84.88,,58.71313672922251,57.64075067024129,27.345844504021443,50.8739946380697,27.59517426273458,16.715817694369974,6.563002680965146
3519,35,Jawa Timur,Madiun,Kabupaten,2024,9.1,10.63,86.22,,8.04289544235925,61.12600536193029,20.77747989276139,26.493297587131366,3.780160857908847,17.726541554959784,4.9865951742627335
3520,35,Jawa Timur,Magetan,Kabupaten,2024,8.8,9.32,87.98,,6.8364611260053625,52.54691689008043,11.52815013404826,21.218498659517426,3.21313672922252,15.238605898123325,2.7667560321715823
3521,35,Jawa Timur,Ngawi,Kabupaten,2024,10.0,13.81,87.53,,10.455764075067025,79.62466487935657,13.94101876675603,31.351206434316353,4.914209115281501,23.091152815013405,3.3458445040214473
3522,35,Jawa Timur,Bojonegoro,Kabupaten,2024,9.7,11.69,87.63,,9.651474530831099,68.36461126005362,13.136729222520103,27.51474530831099,4.536193029490616,19.825737265415547,3.1528150134048247
3523,35,Jawa Timur,Tuban,Kabupaten,2024,9.4,14.36,85.85,,8.981233243967829,83.24396782841823,21.983914209115284,33.638069705093834,4.221179624664879,24.140750670241285,5.2761394101876675
3524,35,Jawa Timur,Lamongan,Kabupaten,2024,6.7,12.16,90.3,,4.021447721179625,72.65415549597856,5.361930294906173,24.246648793565683,1.8900804289544235,21.06970509383378,1.2868632707774816
3525,35,Jawa Timur,Gresik,Kabupaten,2024,12.4,10.32,90.9,,20.241286863270776,58.71313672922251,4.289544235924936,27.569705093833775,9.513404825737265,17.026809651474526,1.0294906166219846
3526,35,Jawa Timur,Bangkalan,Kabupaten,2024,16.0,18.66,76.02,,42.35924932975871,94.10187667560321,68.36461126005362,63.60589812332439,19.908847184986595,27.28954423592493,16.407506702412867
3527,35,Jawa Timur,Sampang,Kabupaten,2024,15.5,20.83,78.97,,40.21447721179624,94.90616621983914,55.89812332439678,59.8391420911528,18.900804289544233,27.522788203753347,13.415549597855227
3529,35,Jawa Timur,Sumenep,Kabupaten,2024,9.9,17.78,79.77,,10.05361930294906,92.22520107238606,52.27882037533512,44.01742627345844,4.725201072386058,26.745308310991955,12.546916890080428
3571,35,Jawa Timur,Kediri,Kota,2024,16.1,6.51,76.67,,43.43163538873995,27.34584450402145,65.95174262734585,44.171581769437,20.412868632707774,7.93029490616622,15.828418230563004
3572,35,Jawa Timur,Blitar,Kota,2024,9.5,6.75,80.8,,9.383378016085791,31.903485254691688,46.38069705093834,24.793565683646115,4.410187667560321,9.25201072386059,11.131367292225201
3573,35,Jawa Timur,Malang,Kota,2024,18.5,3.91,88.76,,59.919571045576404,6.166219839142091,9.115281501340476,32.13806970509383,28.162198391420908,1.7882037533512063,2.187667560321714
3575,35,Jawa Timur,Pasuruan,Kota,2024,15.2,6.32,84.16,,37.66756032171582,26.005361930294907,30.294906166219832,32.516085790884716,17.703753351206434,7.541554959785523,7.270777479892759
3577,35,Jawa Timur,Madiun,Kota,2024,10.1,4.38,92.29,,10.857908847184987,10.723860589812332,1.6085790884718563,8.599195710455765,5.103217158176943,3.1099195710455763,0.3860589812332455
3579,35,Jawa Timur,Batu,Kota,2024,21.2,3.06,81.31,,76.40750670241286,2.680965147453083,42.35924932975871,46.855227882037525,35.91152815013404,0.7774798927613941,10.16621983914209
3601,36,Banten,Pandeglang,Kabupaten,2024,21.9,9.18,75.63,,80.29490616621983,52.27882037533512,69.43699731903486,69.56434316353887,37.73860589812332,15.160857908847184,16.664879356568367
3602,36,Banten,Lebak,Kabupaten,2024,25.3,8.44,72.76,,94.10187667560321,46.7828418230563,76.67560321715817,76.1970509383378,44.227882037533504,13.567024128686327,18.40214477211796
3603,36,Banten,Tangerang,Kabupaten,2024,19.1,6.55,77.6,,64.20911528150134,29.088471849865954,61.662198391420915,53.41286863270777,30.178284182305628,8.435656836461126,14.79892761394102
3604,36,Banten,Serang,Kabupaten,2024,15.1,4.51,81.39,,36.46112600536193,12.198391420911529,42.0911528150134,30.776139410187668,17.136729222520106,3.537533512064343,10.101876675603217
3671,36,Banten,Tangerang,Kota,2024,10.1,5.43,85.92,,10.857908847184987,19.168900804289542,21.179624664879356,15.745308310991955,5.103217158176943,5.5589812332439665,5.083109919571045
3672,36,Banten,Cilegon,Kota,2024,15.1,3.75,80.12,,36.46112600536193,5.361930294906166,51.07238605898124,30.94906166219839,17.136729222520106,1.5549597855227881,12.257372654155496
3674,36,Banten,Tangerang Selatan,Kota,2024,9.0,2.36,88.67,,7.774798927613941,1.4745308310991956,9.651474530831095,6.398123324396781,3.654155495978552,0.4276139410187667,2.3163538873994627
5101,51,Bali,Jembrana,Kabupaten,2024,6.0,4.51,87.64,,2.4128686327077746,12.198391420911529,12.868632707774793,7.760053619302948,1.134048257372654,3.537533512064343,3.0884718498659502
5102,51,Bali,Tabanan,Kabupaten,2024,6.8,4.4,92.51,,4.289544235924933,11.26005361930295,1.3404825737265469,5.603217158176945,2.0160857908847185,3.265415549597855,0.32171581769437124
5103,51,Bali,Badung,Kabupaten,2024,5.3,2.23,92.9,,1.6085790884718498,0.40214477211796246,0.40214477211796407,0.9691689008042899,0.7560321715817694,0.11662198391420911,0.09651474530831138
5104,51,Bali,Gianyar,Kabupaten,2024,4.7,4.0,92.77,,0.8042895442359249,6.702412868632708,1.0723860589812375,2.579088471849867,0.3780160857908847,1.9436997319034852,0.257372654155497
5105,51,Bali,Klungkung,Kabupaten,2024,4.8,5.3,87.47,,1.0723860589812333,17.694369973190348,14.47721179624665,9.109919571045577,0.5040214477211796,5.1313672922252005,3.474530831099196
5106,51,Bali,Bangli,Kabupaten,2024,6.5,5.06,77.19,,3.6193029490616624,15.81769436997319,62.86863270777479,21.376675603217155,1.7010723860589811,4.5871313672922245,15.08847184986595
5107,51,Bali,Karangasem,Kabupaten,2024,10.8,6.52,83.97,,13.136729222520108,27.61394101876676,31.36729222520107,21.710455764075068,6.174262734584451,8.00804289544236,7.528150134048256
5108,51,Bali,Buleleng,Kabupaten,2024,12.4,5.39,83.26,,20.241286863270776,18.766756032171582,33.780160857908854,23.06300268096515,9.513404825737265,5.442359249329758,8.107238605898125
5203,52,Nusa Tenggara Barat,Lombok Timur,Kabupaten,2024,25.1,14.51,73.32,,93.69973190348524,84.1823056300268,75.33512064343164,86.53217158176942,44.03887399463806,24.41286863270777,18.080428954423592
5204,52,Nusa Tenggara Barat,Sumbawa,Kabupaten,2024,23.8,12.87,85.82,,91.15281501340483,75.60321715817693,22.252010723860593,70.10723860589812,42.84182305630027,21.924932975871307,5.3404825737265424
5205,52,Nusa Tenggara Barat,Dompu,Kabupaten,2024,14.6,11.59,81.24,,32.03753351206434,67.02412868632707,42.76139410187667,44.75737265415549,15.05764075067024,19.43699731903485,10.2627345844504
5208,52,Nusa Tenggara Barat,Lombok Utara,Kabupaten,2024,28.4,23.96,68.39,,99.19571045576407,97.31903485254692,82.03753351206434,94.53351206434316,46.62198391420911,28.222520107238605,19.68900804289544
5271,52,Nusa Tenggara Barat,Mataram,Kota,2024,19.3,8.0,80.15,,66.3538873994638,42.62734584450402,50.67024128686327,55.70911528150133,31.186327077747986,12.361930294906164,12.160857908847186
5272,52,Nusa Tenggara Barat,Bima,Kota,2024,22.0,8.12,75.53,,81.23324396782841,43.5656836461126,69.97319034852546,67.60723860589812,38.179624664879356,12.634048257372655,16.79356568364611
6101,61,Kalimantan Barat,Sambas,Kabupaten,2024,28.0,6.53,70.83,,97.98927613941018,28.150134048257375,79.62466487935657,73.328418230563,46.05495978552278,8.163538873994638,19.109919571045577
6102,61,Kalimantan Barat,Mempawah,Kabupaten,2024,20.6,4.83,73.85,,73.9946380697051,14.47721179624665,73.45844504021447,56.605898123324394,34.7774798927614,4.198391420911528,17.630026809651472
6103,61,Kalimantan Barat,Sanggau,Kabupaten,2024,13.9,4.67,78.51,,28.150134048257375,13.672922252010725,58.98123324396783,31.351206434316353,13.230563002680965,3.96514745308311,14.155495978552278
6105,61,Kalimantan Barat,Sintang,Kabupaten,2024,21.7,8.03,76.17,,78.82037533512064,42.89544235924933,68.09651474530831,65.828418230563,37.0455764075067,12.439678284182305,16.343163538873995
6107,61,Kalimantan Barat,Bengkayang,Kabupaten,2024,18.0,6.0,81.24,,57.10455764075068,23.056300268096514,42.76139410187667,43.788203753351205,26.839142091152816,6.686327077747989,10.2627345844504
6108,61,Kalimantan Barat,Landak,Kabupaten,2024,23.3,8.98,76.96,,89.41018766756032,50.80428954423593,64.47721179624665,72.23056300268095,42.02278820375335,14.733243967828418,15.474530831099194
6109,61,Kalimantan Barat,Sekadau,Kabupaten,2024,11.0,5.66,73.84,,13.941018766756033,20.10723860589812,73.86058981233244,30.109919571045573,6.552278820375335,5.831099195710455,17.726541554959784
6111,61,Kalimantan Barat,Kayong Utara,Kabupaten,2024,18.3,8.84,76.53,,58.71313672922251,49.865951742627345,67.02412868632707,58.142091152815006,27.59517426273458,14.46112600536193,16.0857908847185
6112,61,Kalimantan Barat,Kubu Raya,Kabupaten,2024,21.7,4.08,68.9,,78.82037533512064,7.908847184986595,81.50134048257372,58.89946380697051,37.0455764075067,2.2935656836461122,19.560321715817693
6172,61,Kalimantan Barat,Singkawang,Kota,2024,18.3,4.53,68.27,,58.71313672922251,12.600536193029491,82.30563002680965,51.00268096514745,27.59517426273458,3.6541554959785523,19.753351206434317
6201,62,Kalimantan Tengah,Waringin Barat,Kabupaten,2024,14.3,4.11,62.27,,29.624664879356565,8.579088471849866,87.66756032171583,37.451742627345844,13.923592493297585,2.487935656836461,21.040214477211798
6205,62,Kalimantan Tengah,Barito Utara,Kabupaten,2024,16.0,5.67,81.65,,42.35924932975871,20.37533512064343,40.48257372654156,35.533512064343164,19.908847184986595,5.908847184986595,9.715817694369974
6207,62,Kalimantan Tengah,Seruyan,Kabupaten,2024,22.5,7.08,65.03,,86.32707774798928,36.46112600536193,85.79088471849866,71.7372654155496,40.57372654155496,10.57372654155496,20.589812332439678
6208,62,Kalimantan Tengah,Sukamara,Kabupaten,2024,14.8,4.14,61.78,,33.9142091152815,8.847184986595174,88.47184986595174,39.738605898123325,15.939678284182305,2.5656836461126002,21.233243967828418
6210,62,Kalimantan Tengah,Gunung Mas,Kabupaten,2024,11.6,5.68,56.38,,16.219839142091153,20.64343163538874,91.95710455764075,35.679624664879356,7.6233243967828415,5.986595174262734,22.06970509383378
6212,62,Kalimantan Tengah,Murung Raya,Kabupaten,2024,11.7,6.58,51.29,,16.75603217158177,30.02680965147453,94.90616621983914,39.360589812332435,7.875335120643431,8.707774798927613,22.77747989276139
6213,62,Kalimantan Tengah,Barito Timur,Kabupaten,2024,16.4,6.66,81.16,,45.71045576407507,30.29490616621984,44.50402144772118,40.95040214477212,21.483914209115284,8.785522788203753,10.680965147453083
6271,62,Kalimantan Tengah,Palangka Raya,Kota,2024,14.6,3.52,80.69,,32.03753351206434,4.557640750670242,46.91689008042895,27.639410187667558,15.05764075067024,1.32171581769437,11.260053619302948
6302,63,Kalimantan Selatan,Baru,Kabupaten,2024,18.3,4.45,75.34,,58.71313672922251,11.528150134048257,70.50938337801608,47.860589812332435,27.59517426273458,3.3431635388739944,16.92225201072386
6303,63,Kalimantan Selatan,Banjar,Kabupaten,2024,26.6,2.36,81.54,,96.91689008042896,1.4745308310991956,40.75067024128687,55.75871313672922,45.550938337801604,0.4276139410187667,9.780160857908848
6304,63,Kalimantan Selatan,Barito Kuala,Kabupaten,2024,12.3,4.36,82.85,,19.43699731903485,10.455764075067025,36.193029490616624,20.853887399463808,9.13538873994638,3.032171581769437,8.68632707774799
6305,63,Kalimantan Selatan,Tapin,Kabupaten,2024,11.1,3.33,88.58,,14.47721179624665,4.021447721179625,9.919571045576404,10.351206434316353,6.804289544235925,1.166219839142091,2.380697050938337
6308,63,Kalimantan Selatan,Hulu Sungai Utara,Kabupaten,2024,20.3,5.75,81.2,,71.58176943699732,21.179624664879356,43.69973190348525,50.273458445040205,33.64343163538874,6.142091152815013,10.48793565683646
6310,63,Kalimantan Selatan,Tanah Bumbu,Kabupaten,2024,17.2,3.41,83.15,,52.14477211796247,4.289544235924933,34.58445040214477,34.052278820375335,24.508042895442358,1.2439678284182305,8.300268096514744
6311,63,Kalimantan Selatan,Balangan,Kabupaten,2024,13.0,4.87,82.7,,22.386058981233244,15.013404825737265,36.72922252010724,23.69034852546917,10.521447721179625,4.353887399463806,8.815013404825738
6371,63,Kalimantan Selatan,Banjarmasin,Kota,2024,19.8,4.58,85.62,,69.0348525469169,13.136729222520108,24.396782841823068,42.11126005361931,32.44638069705094,3.809651474530831,5.8552278820375365
6372,63,Kalimantan Selatan,Banjar Baru,Kota,2024,13.5,3.79,86.34,,25.335120643431637,5.630026809651475,20.375335120643427,18.430294906166218,11.907506702412869,1.6327077747989276,4.890080428954422
6401,64,Kalimantan Timur,Paser,Kabupaten,2024,17.8,8.63,80.04,,56.30026809651475,47.85522788203753,51.742627345844504,52.75737265415549,26.46112600536193,13.878016085790883,12.41823056300268
6402,64,Kalimantan Timur,Kutai Kertanegara,Kabupaten,2024,11.8,7.28,87.17,,17.158176943699733,37.801608579088466,16.3538873994638,22.95174262734584,8.064343163538874,10.962466487935654,3.9249329758713123
6407,64,Kalimantan Timur,Kutai Barat,Kabupaten,2024,21.0,9.56,60.87,,75.73726541554959,53.88739946380697,89.54423592493298,72.71447721179624,35.596514745308305,15.62734584450402,21.490616621983914
6408,64,Kalimantan Timur,Kutai Timur,Kabupaten,2024,20.6,8.81,61.64,,73.9946380697051,49.597855227882036,88.73994638069705,70.45844504021449,34.7774798927614,14.38337801608579,21.29758713136729
6409,64,Kalimantan Timur,Penajam Paser Utara,Kabupaten,2024,21.9,6.69,88.11,,80.29490616621983,30.831099195710454,11.260053619302951,49.382037533512054,37.73860589812332,8.94101876675603,2.7024128686327082
6471,64,Kalimantan Timur,Balikpapan,Kota,2024,20.2,2.23,91.23,,70.77747989276139,0.40214477211796246,3.753351206434317,34.282841823056295,33.265415549597854,0.11662198391420911,0.9008042895442361
6472,64,Kalimantan Timur,Samarinda,Kota,2024,15.2,4.3,89.68,,37.66756032171582,10.187667560321715,6.1662198391421015,22.138069705093834,17.703753351206434,2.9544235924932973,1.4798927613941042
6474,64,Kalimantan Timur,Bontang,Kota,2024,16.5,3.74,88.89,,46.7828418230563,4.959785522788204,8.310991957104562,25.420911528150132,21.98793565683646,1.438337801608579,1.994638069705095
6502,65,Kalimantan Utara,Malinau,Kabupaten,2024,20.8,6.94,74.67,,75.20107238605898,34.852546916890084,72.11796246648794,62.76005361930295,35.34450402144772,10.107238605898123,17.308310991957104
6504,65,Kalimantan Utara,Tana Tidung,Kabupaten,2024,5.9,4.47,61.25,,2.1447721179624666,11.796246648793565,89.27613941018767,25.855227882037532,1.0080428954423593,3.4209115281501337,21.42627345844504
6571,65,Kalimantan Utara,Tarakan,Kota,2024,10.8,5.56,87.53,,13.136729222520108,19.571045576407506,13.94101876675603,15.195710455764075,6.174262734584451,5.6756032171581765,3.3458445040214473
7101,71,Sulawesi Utara,Bolaang Mongondow,Kabupaten,2024,16.4,7.74,84.02,,45.71045576407507,41.01876675603217,31.09919571045576,40.843163538873995,21.483914209115284,11.895442359249328,7.463806970509382
7102,71,Sulawesi Utara,Minahasa,Kabupaten,2024,15.3,6.53,79.61,,39.00804289544236,28.150134048257375,53.48525469168901,39.333780160857906,18.333780160857906,8.163538873994638,12.83646112600536
7104,71,Sulawesi Utara,Kepulauan Talaud,Kabupaten,2024,9.4,8.17,79.36,,8.981233243967829,44.23592493297587,54.9597855227882,30.23994638069705,4.221179624664879,12.828418230563,13.190348525469169
7105,71,Sulawesi Utara,Minahasa Selatan,Kabupaten,2024,19.3,8.97,72.82,,66.3538873994638,50.402144772117964,76.40750670241287,64.14075067024129,31.186327077747986,14.616621983914209,18.33780160857909
7106,71,Sulawesi Utara,Minahasa Utara,Kabupaten,2024,13.5,6.95,78.79,,25.335120643431637,35.25469168900804,57.9088471849866,36.029490616621985,11.907506702412869,10.22386058981233,13.898123324396783
7108,71,Sulawesi Utara,Bolaang Mongondow Utara,Kabupaten,2024,18.6,7.88,80.12,,60.723860589812325,41.957104557640754,51.07238605898124,52.965147453083105,28.54021447721179,12.167560321715818,12.257372654155496
7109,71,Sulawesi Utara,Kepulauan Siau Tagulandang Biaro,Kabupaten,2024,15.2,8.32,53.11,,37.66756032171582,45.44235924932976,93.5656836461126,53.337801608579085,17.703753351206434,13.17828418230563,22.455764075067023
7111,71,Sulawesi Utara,Bolaang Mongondow Selatan,Kabupaten,2024,14.4,11.33,71.81,,30.6970509383378,65.68364611260054,78.28418230563003,52.26407506702412,14.427613941018764,19.048257372654156,18.788203753351205
7171,71,Sulawesi Utara,Manado,Kota,2024,14.7,5.43,87.56,,32.975871313672926,19.168900804289542,13.404825737265412,24.27479892761394,15.498659517426274,5.5589812332439665,3.2171581769436988
7172,71,Sulawesi Utara,Bitung,Kota,2024,16.7,6.27,82.0,,48.12332439678284,25.067024128686327,39.14209115281502,39.28150134048257,22.617962466487935,7.269436997319034,9.394101876675604
7173,71,Sulawesi Utara,Tomohon,Kota,2024,8.7,5.38,83.92,,6.434316353887399,18.498659517426276,31.63538873994638,15.981233243967829,3.0241286863270775,5.3646112600536195,7.59249329758713
7174,71,Sulawesi Utara,Kotamobago,Kota,2024,16.7,5.12,80.21,,48.12332439678284,16.353887399463808,50.0,39.360589812332435,22.617962466487935,4.742627345844504,12.0
7201,72,Sulawesi Tengah,Banggai,Kabupaten,2024,24.2,6.56,85.14,,91.82305630026809,29.624664879356565,26.005361930294896,57.98927613941017,43.156836461126,8.591152815013404,6.2412868632707745
7202,72,Sulawesi Tengah,Poso,Kabupaten,2024,16.9,14.23,84.6,,50.134048257372655,82.30563002680965,28.9544235924933,54.38069705093833,23.563002680965145,23.868632707774797,6.949061662198392
7203,72,Sulawesi Tengah,Donggala,Kabupaten,2024,22.3,15.3,73.97,,84.58445040214477,86.32707774798928,73.19034852546918,82.35522788203752,39.75469168900804,25.034852546916888,17.5656836461126
7204,72,Sulawesi Tengah,Toli-Toli,Kabupaten,2024,21.7,12.45,79.39,,78.82037533512064,74.53083109919572,54.69168900804289,71.78552278820375,37.0455764075067,21.61394101876676,13.126005361930293
7205,72,Sulawesi Tengah,Buol,Kabupaten,2024,26.1,13.08,79.97,,95.71045576407506,76.2734584450402,52.01072386058981,79.58579088471849,44.98391420911528,22.11930294906166,12.482573726541554
7206,72,Sulawesi Tengah,Morowali,Kabupaten,2024,19.3,11.55,81.44,,66.3538873994638,66.75603217158177,41.28686327077749,60.4544235924933,31.186327077747986,19.35924932975871,9.908847184986596
7207,72,Sulawesi Tengah,Banggai Kepulauan,Kabupaten,2024,22.9,12.32,66.5,,87.93565683646113,73.7265415549598,83.64611260053618,82.78552278820375,41.329758713136734,21.380697050938338,20.075067024128682
7208,72,Sulawesi Tengah,Parigi Moutong,Kabupaten,2024,16.1,14.2,78.91,,43.43163538873995,81.90348525469169,56.970509383378015,57.837801608579085,20.412868632707774,23.75201072386059,13.672922252010723
7209,72,Sulawesi Tengah,Tojo Una Una,Kabupaten,2024,11.4,16.36,73.78,,15.415549597855227,89.00804289544236,75.06702412868633,51.073726541554954,7.245308310991956,25.812332439678283,18.016085790884716
7210,72,Sulawesi Tengah,Sigi,Kabupaten,2024,24.6,12.06,80.06,,92.89544235924933,71.84986595174263,51.474530831099194,76.85120643431635,43.660857908847184,20.83646112600536,12.353887399463806
7211,72,Sulawesi Tengah,Banggai Laut,Kabupaten,2024,22.1,13.78,51.91,,82.4396782841823,79.22252010723861,94.63806970509384,84.4343163538874,38.74664879356568,22.974530831099194,22.71313672922252
7212,72,Sulawesi Tengah,Morowali Utara,Kabupaten,2024,17.6,11.95,81.21,,54.42359249329759,70.64343163538874,43.29758713136729,56.45710455764075,25.579088471849865,20.48659517426273,10.391420911528149
7271,72,Sulawesi Tengah,Palu,Kota,2024,19.1,5.94,82.43,,64.20911528150134,22.5201072386059,38.06970509383378,45.84584450402145,30.178284182305628,6.53083109919571,9.136729222520108
7301,73,Sulawesi Selatan,Selayar,Kabupaten,2024,20.5,10.79,72.03,,72.92225201072387,63.40482573726541,77.4798927613941,71.25603217158177,34.27345844504021,18.387399463806968,18.595174262734584
7302,73,Sulawesi Selatan,Bulukumba,Kabupaten,2024,22.1,6.71,83.73,,82.4396782841823,31.233243967828418,32.43967828418231,55.58981233243968,38.74664879356568,9.05764075067024,7.785522788203753
7303,73,Sulawesi Selatan,Bantaeng,Kabupaten,2024,16.9,8.26,86.59,,50.134048257372655,44.77211796246649,19.034852546916895,41.115281501340476,23.563002680965145,12.98391420911528,4.568364611260055
7304,73,Sulawesi Selatan,Jeneponto,Kabupaten,2024,27.0,11.82,81.67,,97.58713136729223,68.90080428954424,40.21447721179625,75.49865951742628,45.865951742627345,19.98123324396783,9.6514745308311
7306,73,Sulawesi Selatan,Gowa,Kabupaten,2024,13.4,6.85,87.53,,24.396782841823057,32.975871313672926,13.94101876675603,24.37533512064343,11.466487935656836,9.563002680965148,3.3458445040214473
7308,73,Sulawesi Selatan,Bone,Kabupaten,2024,19.8,9.58,85.66,,69.0348525469169,54.15549597855228,23.726541554959795,53.84584450402145,32.44638069705094,15.705093833780161,5.6943699731903505
7310,73,Sulawesi Selatan,Pangkajene dan Kepulauan,Kabupaten,2024,22.7,12.41,81.0,,87.1313672922252,74.12868632707776,45.3083109919571,73.32305630026809,40.951742627345844,21.49731903485255,10.873994638069703
7311,73,Sulawesi Selatan,Barru,Kabupaten,2024,22.1,8.31,86.67,,82.4396782841823,45.0402144772118,18.498659517426276,56.24798927613941,38.74664879356568,13.06166219839142,4.439678284182306
7312,73,Sulawesi Selatan,Soppeng,Kabupaten,2024,23.2,6.9,87.9,,88.8739946380697,34.048257372654156,12.332439678284175,54.60455764075066,41.77077747989276,9.873994638069705,2.9597855227882017
7313,73,Sulawesi Selatan,Wajo,Kabupaten,2024,16.9,6.47,86.65,,50.134048257372655,27.07774798927614,18.766756032171585,35.919571045576404,23.563002680965145,7.8525469168900806,4.50402144772118
7315,73,Sulawesi Selatan,Pinrang,Kabupaten,2024,18.2,8.55,86.94,,57.77479892761394,47.18498659517426,17.15817694369973,44.95576407506702,27.154155495978554,13.683646112600535,4.117962466487935
7316,73,Sulawesi Selatan,Enrekang,Kabupaten,2024,29.2,11.25,80.31,,99.59785522788204,65.41554959785523,48.92761394101876,77.52412868632707,46.810991957104555,18.970509383378015,11.742627345844502
7318,73,Sulawesi Selatan,Tana Toraja,Kabupaten,2024,21.6,10.79,76.88,,77.88203753351206,63.40482573726541,64.87935656836461,70.56300268096516,36.60455764075067,18.387399463806968,15.571045576407506
7322,73,Sulawesi Selatan,Luwu Utara,Kabupaten,2024,22.3,11.24,85.66,,84.58445040214477,65.14745308310992,23.726541554959795,64.34182305630027,39.75469168900804,18.892761394101875,5.6943699731903505
7324,73,Sulawesi Selatan,Luwu Timur,Kabupaten,2024,17.5,6.55,87.73,,53.88739946380697,29.088471849865954,12.600536193029484,36.786863270777474,25.327077747989275,8.435656836461126,3.024128686327076
7326,73,Sulawesi Selatan,Toraja Utara,Kabupaten,2024,21.3,10.73,80.25,,76.94369973190348,62.466487935656836,49.32975871313673,66.11796246648792,36.16353887399463,18.11528150134048,11.839142091152814
7371,73,Sulawesi Selatan,Makasar,Kota,2024,18.8,4.97,87.95,,62.19839142091153,15.281501340482572,12.064343163538865,36.56032171581769,29.233243967828415,4.431635388739946,2.8954423592493277
7372,73,Sulawesi Selatan,Pare-Pare,Kota,2024,21.2,5.27,82.76,,76.40750670241286,17.426273458445042,36.46112600536193,49.71581769436996,35.91152815013404,5.053619302949062,8.750670241286864
7373,73,Sulawesi Selatan,Palopo,Kota,2024,18.5,7.35,83.05,,59.919571045576404,38.337801608579085,34.85254691689008,47.64477211796246,28.162198391420908,11.117962466487933,8.364611260053618
7401,74,Sulawesi Tenggara,Kolaka,Kabupaten,2024,21.2,11.67,83.69,,76.40750670241286,68.09651474530831,32.975871313672926,63.573726541554954,35.91152815013404,19.74798927613941,7.914209115281502
7402,74,Sulawesi Tenggara,Konawe,Kabupaten,2024,19.1,13.25,85.89,,64.20911528150134,77.4798927613941,21.447721179624665,57.79490616621983,30.178284182305628,22.469168900804288,5.1474530831099194
7403,74,Sulawesi Tenggara,Muna,Kabupaten,2024,18.7,13.78,71.93,,61.66219839142091,79.22252010723861,77.7479892761394,70.61528150134048,28.981233243967825,22.974530831099194,18.659517426273457
7404,74,Sulawesi Tenggara,Buton,Kabupaten,2024,22.3,13.99,72.59,,84.58445040214477,80.16085790884718,77.21179624664879,81.53217158176943,39.75469168900804,23.24664879356568,18.53083109919571
7406,74,Sulawesi Tenggara,Bombana,Kabupaten,2024,17.7,10.54,85.33,,55.22788203753352,60.85790884718498,25.469168900804277,49.71849865951742,25.95710455764075,17.648793565683643,6.1126005361930265
7407,74,Sulawesi Tenggara,Wakatobi,Kabupaten,2024,20.6,14.36,62.54,,73.9946380697051,83.24396782841823,86.8632707774799,79.76541554959786,34.7774798927614,24.140750670241285,20.847184986595174
7409,74,Sulawesi Tenggara,Konawe Utara,Kabupaten,2024,22.2,13.17,79.71,,83.6461126005362,76.67560321715817,52.54691689008043,74.16085790884718,39.31367292225201,22.235924932975866,12.611260053619302
7410,74,Sulawesi Tenggara,Buton Utara,Kabupaten,2024,25.5,14.09,81.4,,94.63806970509383,80.9651474530831,41.82305630026809,77.99731903485254,44.4798927613941,23.479892761394098,10.037533512064341
7411,74,Sulawesi Tenggara,Kolaka Timur,Kabupaten,2024,16.9,13.71,85.54,,50.134048257372655,78.55227882037534,24.664879356568363,52.2627345844504,23.563002680965145,22.780160857908847,5.919571045576407
7412,74,Sulawesi Tenggara,Konawe Kepulauan,Kabupaten,2024,20.6,15.54,54.01,,73.9946380697051,86.59517426273459,92.76139410187668,82.15281501340483,34.7774798927614,25.11260053619303,22.262734584450403
7413,74,Sulawesi Tenggara,Muna Barat,Kabupaten,2024,22.4,13.38,79.06,,85.52278820375335,78.01608579088472,55.22788203753351,76.07506702412869,40.19571045576407,22.624664879356565,13.254691689008043
7414,74,Sulawesi Tenggara,Buton Tengah,Kabupaten,2024,24.2,14.4,67.07,,91.82305630026809,83.6461126005362,83.10991957104558,87.36058981233244,43.156836461126,24.257372654155496,19.946380697050937
7415,74,Sulawesi Tenggara,Buton Selatan,Kabupaten,2024,28.2,14.28,70.01,,98.92761394101876,82.84182305630027,80.4289544235925,89.82305630026809,46.495978552278814,24.024128686327078,19.3029490616622
7471,74,Sulawesi Tenggara,Kendari,Kota,2024,20.0,4.23,89.67,,69.97319034852548,9.115281501340483,6.434316353887397,37.075067024128685,32.88739946380697,2.64343163538874,1.5442359249329751
7472,74,Sulawesi Tenggara,Bau-Bau,Kota,2024,21.4,7.4,80.49,,77.21179624664879,38.8739946380697,47.98927613941019,59.08042895442358,36.28954423592493,11.273458445040212,11.517426273458444
7501,75,Gorontalo,Gorontalo,Kabupaten,2024,22.1,16.43,79.5,,82.4396782841823,89.54423592493298,54.42359249329758,77.77613941018765,38.74664879356568,25.96782841823056,13.061662198391419
7502,75,Gorontalo,Boalemo,Kabupaten,2024,6.3,17.83,81.91,,2.8150134048257374,92.62734584450402,39.41018766756032,37.64343163538874,1.3230563002680964,26.861930294906163,9.458445040214476
7503,75,Gorontalo,Bone Bolango,Kabupaten,2024,17.8,14.8,80.32,,56.30026809651475,85.25469168900804,48.525469168900806,62.83109919571045,26.46112600536193,24.72386058981233,11.646112600536194
7504,75,Gorontalo,Pohuwato,Kabupaten,2024,13.7,17.11,81.71,,26.273458445040216,90.61662198391421,39.94638069705094,48.21447721179625,12.348525469168901,26.27882037533512,9.587131367292226
7505,75,Gorontalo,Gorontalo Utara,Kabupaten,2024,19.2,16.86,78.88,,65.41554959785523,89.81233243967829,57.37265415549598,70.5603217158177,30.74530831099196,26.0455764075067,13.769436997319035
7571,75,Gorontalo,Gorontalo,Kota,2024,25.6,5.74,86.5,,94.90616621983914,20.91152815013405,19.571045576407514,55.36729222520107,44.605898123324394,6.064343163538874,4.697050938337803
7601,76,Sulawesi Barat,Mamuju Utara,Kabupaten,2024,29.2,5.21,57.34,,99.59785522788204,17.158176943699733,91.68900804289544,73.79222520107237,46.810991957104555,4.975871313672922,22.005361930294903
7602,76,Sulawesi Barat,Mamuju,Kabupaten,2024,29.3,7.15,81.47,,100.0,37.26541554959786,41.01876675603218,67.6514745308311,47.0,10.80697050938338,9.844504021447722
7603,76,Sulawesi Barat,Mamasa,Kabupaten,2024,28.1,14.2,73.19,,98.5254691689008,81.90348525469169,75.60321715817695,88.20375335120644,46.306970509383376,23.75201072386059,18.144772117962468
7604,76,Sulawesi Barat,Polewali Mandar,Kabupaten,2024,24.6,15.66,75.87,,92.89544235924933,87.39946380697052,68.63270777479893,85.47855227882037,43.660857908847184,25.345844504021446,16.471849865951743
7606,76,Sulawesi Barat,Mamuju Tengah,Kabupaten,2024,22.7,7.72,78.29,,87.1313672922252,40.3485254691689,60.053619302949066,67.0656836461126,40.951742627345844,11.70107238605898,14.412868632707776
8101,81,Maluku,Maluku Tengah,Kabupaten,2024,17.8,17.67,71.92,,56.30026809651475,91.68900804289544,78.01608579088472,71.77479892761394,26.46112600536193,26.589812332439674,18.723860589812332
8102,81,Maluku,Maluku Tenggara,Kabupaten,2024,22.0,21.22,49.43,,81.23324396782841,95.71045576407506,95.71045576407506,88.90616621983914,38.179624664879356,27.756032171581765,22.970509383378015
8103,81,Maluku,Kepulauan Tanimbar,Kabupaten,2024,21.9,23.66,49.94,,80.29490616621983,97.05093833780161,95.44235924932975,88.78954423592492,37.73860589812332,28.144772117962464,22.90616621983914
8104,81,Maluku,Buru,Kabupaten,2024,19.3,16.08,80.21,,66.3538873994638,88.20375335120644,50.0,68.76541554959786,31.186327077747986,25.579088471849868,12.0
8105,81,Maluku,Seram Bagian Timur,Kabupaten,2024,20.5,21.03,70.57,,72.92225201072387,95.44235924932975,79.89276139410188,81.12600536193028,34.27345844504021,27.678284182305628,19.174262734584453
8106,81,Maluku,Seram Bagian Barat,Kabupaten,2024,22.1,22.31,61.29,,82.4396782841823,95.97855227882037,89.00804289544236,87.94235924932974,38.74664879356568,27.833780160857906,21.361930294906166
8107,81,Maluku,Kepulauan Aru,Kabupaten,2024,22.4,23.39,43.15,,85.52278820375335,96.7828418230563,97.85522788203754,91.7479892761394,40.19571045576407,28.067024128686324,23.485254691689008
8108,81,Maluku,Maluku Barat Daya,Kabupaten,2024,18.3,27.95,65.95,,58.71313672922251,98.65951742627345,84.45040214477211,76.47453083109919,27.59517426273458,28.6112600536193,20.268096514745306
8109,81,Maluku,Buru Selatan,Kabupaten,2024,26.2,14.91,53.32,,95.97855227882037,85.52278820375335,93.2975871313673,92.30294906166219,45.10991957104557,24.80160857908847,22.39142091152815
8171,81,Maluku,Ambon,Kota,2024,15.3,5.13,84.56,,39.00804289544236,16.621983914209114,29.22252010723861,30.167560321715815,18.333780160857906,4.820375335120643,7.013404825737266
8172,81,Maluku,Tual,Kota,2024,19.1,20.01,59.11,,64.20911528150134,94.63806970509383,90.88471849865951,79.43565683646112,30.178284182305628,27.445040214477206,21.812332439678283
8201,82,Maluku Utara,Halmahera Barat,Kabupaten,2024,17.8,8.75,53.07,,56.30026809651475,49.19571045576407,93.83378016085791,63.24798927613941,26.46112600536193,14.26675603217158,22.5201072386059
8203,82,Maluku Utara,Halmahera Utara,Kabupaten,2024,17.0,4.71,62.34,,51.206434316353885,13.941018766756033,87.26541554959786,49.05361930294906,24.067024128686324,4.042895442359249,20.943699731903486
8204,82,Maluku Utara,Halmahera Selatan,Kabupaten,2024,25.7,5.63,52.69,,95.3083109919571,19.839142091152816,94.36997319034853,73.1970509383378,44.79490616621983,5.753351206434316,22.648793565683647
8206,82,Maluku Utara,Halmahera Timur,Kabupaten,2024,19.1,11.91,79.63,,64.20911528150134,69.97319034852548,53.08310991957105,63.210455764075064,30.178284182305628,20.292225201072387,12.739946380697052
8208,82,Maluku Utara,Pulau Taliabu,Kabupaten,2024,20.4,7.13,48.28,,72.2520107238606,36.99731903485255,95.97855227882037,67.72252010723861,33.95844504021448,10.729222520107239,23.034852546916888
8271,82,Maluku Utara,Ternate,Kota,2024,14.2,3.14,88.24,,29.2225201072386,3.351206434316354,10.455764075067023,17.21581769436997,13.734584450402142,0.9718498659517426,2.5093833780160852
8272,82,Maluku Utara,Tidore Kepulauan,Kota,2024,12.0,6.56,64.68,,17.828418230563003,29.624664879356565,86.05898123324397,37.62466487935657,8.37935656836461,8.591152815013404,20.654155495978554
9103,91,Papua,Jayapura,Kabupaten,2024,15.2,11.6,66.89,,37.66756032171582,67.29222520107238,83.37801608579089,57.229222520107236,17.703753351206434,19.51474530831099,20.010723860589813
9105,91,Papua,Kepulauan Yapen,Kabupaten,2024,22.2,25.69,46.8,,83.6461126005362,97.58713136729223,97.31903485254692,90.97050938337802,39.31367292225201,28.300268096514746,23.35656836461126
9110,91,Papua,Sarmi,Kabupaten,2024,16.0,14.05,63.07,,42.35924932975871,80.6970509383378,86.32707774798928,64.02949061662198,19.908847184986595,23.40214477211796,20.718498659517426
9115,91,Papua,Waropen,Kabupaten,2024,13.4,29.85,47.38,,24.396782841823057,99.19571045576407,96.7828418230563,63.461126005361926,11.466487935656836,28.76675603217158,23.22788203753351
9119,91,Papua,Supiori,Kabupaten,2024,23.2,37.72,32.69,,88.8739946380697,100.0,99.46380697050938,94.64209115281501,41.77077747989276,28.999999999999996,23.871313672922252
9120,91,Papua,Mamberamo Raya,Kabupaten,2024,14.9,30.29,23.09,,34.98659517426274,99.46380697050938,99.73190348525469,69.22386058981233,16.443699731903486,28.84450402144772,23.935656836461124
9201,92,Papua Barat,Sorong,Kabupaten,2024,16.2,25.71,50.88,,44.10187667560322,97.85522788203752,95.17426273458445,71.94772117962466,20.72788203753351,28.37801608579088,22.841823056300267
9203,92,Papua Barat,Fak-Fak,Kabupaten,2024,17.7,20.86,48.2,,55.22788203753352,95.17426273458445,96.24664879356568,76.656836461126,25.95710455764075,27.600536193029487,23.099195710455763
9204,92,Papua Barat,Sorong Selatan,Kabupaten,2024,21.8,17.83,40.39,,79.49061662198392,92.62734584450402,98.65951742627345,87.90080428954424,37.36058981233244,26.861930294906163,23.678284182305628
9205,92,Papua Barat,Raja Ampat,Kabupaten,2024,25.1,15.83,54.42,,93.69973190348524,87.93565683646113,92.49329758713137,91.73860589812332,44.03887399463806,25.501340482573728,22.198391420911527
9206,92,Papua Barat,Teluk Bintuni,Kabupaten,2024,16.9,26.99,43.12,,50.134048257372655,98.39142091152814,98.12332439678285,75.64611260053618,23.563002680965145,28.53351206434316,23.549597855227884
9207,92,Papua Barat,Teluk Wondama,Kabupaten,2024,22.5,28.47,36.76,,86.32707774798928,98.92761394101876,98.92761394101876,93.0053619302949,40.57372654155496,28.689008042895438,23.742627345844504
9208,92,Papua Barat,Kaimana,Kabupaten,2024,13.2,14.41,48.19,,23.324396782841823,83.91420911528151,96.51474530831099,58.46112600536193,10.962466487935657,24.335120643431637,23.163538873994636
9211,92,Papua Barat,Manokwari Selatan,Kabupaten,2024,19.6,26.83,74.91,,67.96246648793566,98.12332439678283,71.58176943699732,77.57774798927613,31.94235924932976,28.45576407506702,17.179624664879356
9212,92,Papua Barat,Pegunungan Arfak,Kabupaten,2024,26.4,31.76,35.53,,96.38069705093834,99.73190348525469,99.19571045576407,98.02815013404825,45.29892761394102,28.92225201072386,23.806970509383376
9301,91,Papua,Merauke,Kabupaten,2024,13.9,10.19,84.07,,28.150134048257375,57.9088471849866,30.83109919571045,37.42359249329758,13.230563002680965,16.79356568364611,7.399463806970508
